fund_code,fund_name,fund_name_clean,fund_status,fund_detail_url,fund_domicile,risk_level,nav,nav_date,perf_1d_pct,perf_1m_pct,perf_3m_pct,perf_6m_pct,perf_1y_pct,perf_ytd_pct,annual_return_date,annual_return_2021_pct,annual_return_2022_pct,annual_return_2023_pct,annual_return_2024_pct,annual_return_2025_pct,doc_prospectus,doc_annual_report,doc_quarterly_report,doc_semi_annual_report,doc_monthly_report,doc_fund_contract,doc_product_summary,doc_offering_announcement,doc_all_announcements,xueqiu_link
000011,华夏大盘精选证券投资基金（暂停申购）,华夏大盘精选证券投资基金,suspended,Overview.aspx?code=000011,Mainland Securities Fund,3,21.73,2026-10-09,-0.23,-7.74,-17.97,+6.20,+8.20,+11.08,2026-10-09,+4.69,-21.34,-15.50,+10.79,+33.07,Casdocument.aspx?documentid=681208840,Casdocument.aspx?documentid=653245590,Casdocument.aspx?documentid=671336284,Casdocument.aspx?documentid=677818162,,Casdocument.aspx?documentid=676888080,Casdocument.aspx?documentid=681301114,Casdocument.aspx?documentid=658045588,FundDocuments.aspx?query=all&fund=000011,https://danjuanfunds.com/funding/000011
000015,[仅电子渠道]华夏纯债债券型证券投资基金A类,华夏纯债债券型证券投资基金A类,online_only,Overview.aspx?code=000015,Mainland Securities Fund,3,1.2086,2026-10-09,+0.04,+0.27,+0.71,+1.50,+2.92,+2.39,2026-10-09,+3.90,+2.64,+3.69,+4.82,+1.50,Casdocument.aspx?documentid=663023136,Casdocument.aspx?documentid=653252626,Casdocument.aspx?documentid=671335726,Casdocument.aspx?documentid=677819983,,Casdocument.aspx?documentid=535305282,Casdocument.aspx?documentid=663037781,Casdocument.aspx?documentid=55269334,FundDocuments.aspx?query=all&fund=000015,https://danjuanfunds.com/funding/000015
000037,[仅电子渠道]广发景宁纯债债券型证券投资基金A类,广发景宁纯债债券型证券投资基金A类,online_only,Overview.aspx?code=000037,Mainland Securities Fund,3,1.222,2026-10-09,+0.02,+0.30,+0.69,+1.39,+3.32,+2.59,2026-10-09,+6.39,+1.90,+5.62,+4.76,+1.77,Casdocument.aspx?documentid=672243590,Casdocument.aspx?documentid=652931994,Casdocument.aspx?documentid=671093401,Casdocument.aspx?documentid=677764633,,Casdocument.aspx?documentid=667600979,Casdocument.aspx?documentid=672212827,Casdocument.aspx?documentid=658038067,FundDocuments.aspx?query=all&fund=000037,https://danjuanfunds.com/funding/000037
000043,嘉实美国成长股票（QDII）-人民币（暂停申购）,嘉实美国成长股票-人民币,"qdii,suspended",Overview.aspx?code=000043,Mainland Securities Fund,4,6.373,2026-10-08,+0.81,+1.06,+1.53,+14.87,+12.20,+11.71,2026-10-08,+22.45,-20.82,+38.83,+32.68,+15.65,Casdocument.aspx?documentid=665425795,Casdocument.aspx?documentid=652994192,Casdocument.aspx?documentid=671329263,Casdocument.aspx?documentid=677819001,,Casdocument.aspx?documentid=564201820,Casdocument.aspx?documentid=667074115,Casdocument.aspx?documentid=658047767,FundDocuments.aspx?query=all&fund=000043,https://danjuanfunds.com/funding/000043
000045,工银瑞信产业债债券型证券投资基金（暂停申购）,工银瑞信产业债债券型证券投资基金,suspended,Overview.aspx?code=000045,Mainland Securities Fund,3,1.577,2026-10-09,-0.06,-1.44,-2.41,-1.07,+1.02,+0.32,2026-10-09,+4.92,-2.75,+0.65,+6.62,+6.07,Casdocument.aspx?documentid=681216089,Casdocument.aspx?documentid=653184216,Casdocument.aspx?documentid=671365907,Casdocument.aspx?documentid=677794089,,Casdocument.aspx?documentid=676656742,Casdocument.aspx?documentid=681188773,Casdocument.aspx?documentid=374112303,FundDocuments.aspx?query=all&fund=000045,https://danjuanfunds.com/funding/000045
000046,工银瑞信产业债债券型证券投资基金B类（暂停申购）,工银瑞信产业债债券型证券投资基金B类,suspended,Overview.aspx?code=000046,Mainland Securities Fund,3,1.513,2026-10-09,-0.07,-1.43,-2.51,-1.24,+0.67,+0.00,2026-10-09,+4.54,-3.14,+0.30,+6.23,+5.66,Casdocument.aspx?documentid=681216089,Casdocument.aspx?documentid=653184216,Casdocument.aspx?documentid=671365907,Casdocument.aspx?documentid=677794089,,Casdocument.aspx?documentid=676656742,Casdocument.aspx?documentid=681188727,Casdocument.aspx?documentid=374112303,FundDocuments.aspx?query=all&fund=000046,https://danjuanfunds.com/funding/000046
000047,[仅电子渠道]华夏双债增强债券型证券投资基金A类,华夏双债增强债券型证券投资基金A类,online_only,Overview.aspx?code=000047,Mainland Securities Fund,3,2.282,2026-10-09,+0.02,-0.33,-3.79,+6.88,+7.96,+7.79,2026-10-09,+9.21,-7.25,+1.44,+12.09,+18.37,Casdocument.aspx?documentid=672204617,Casdocument.aspx?documentid=653252727,Casdocument.aspx?documentid=671335849,Casdocument.aspx?documentid=677820591,,Casdocument.aspx?documentid=667605398,Casdocument.aspx?documentid=672205353,Casdocument.aspx?documentid=55266424,FundDocuments.aspx?query=all&fund=000047,https://danjuanfunds.com/funding/000047
000051,[仅电子渠道]华夏沪深300交易型开放式指数证券投资基金联接基金A类,华夏沪深300交易型开放式指数证券投资基金联接基金A类,online_only,Overview.aspx?code=000051,Mainland Securities Fund,4,1.6588,2026-10-09,+0.17,-5.12,-10.08,-3.53,-5.73,-4.68,2026-10-09,-3.28,-19.20,-8.99,+16.82,+19.87,Casdocument.aspx?documentid=663022813,Casdocument.aspx?documentid=653283478,Casdocument.aspx?documentid=671335713,Casdocument.aspx?documentid=677819155,,Casdocument.aspx?documentid=554675066,Casdocument.aspx?documentid=663039504,Casdocument.aspx?documentid=46257504,FundDocuments.aspx?query=all&fund=000051,https://danjuanfunds.com/funding/000051
000084,博时安盈债券型证券投资基金A类,博时安盈债券型证券投资基金A类,,Overview.aspx?code=000084,Mainland Securities Fund,3,1.2618,2026-10-09,+0.00,+0.10,+0.30,+0.62,+1.55,+1.06,2026-10-09,+3.51,+1.88,+3.45,+2.98,+1.45,Casdocument.aspx?documentid=682391596,Casdocument.aspx?documentid=653242548,Casdocument.aspx?documentid=671358382,Casdocument.aspx?documentid=677795798,,Casdocument.aspx?documentid=667605376,Casdocument.aspx?documentid=672212611,Casdocument.aspx?documentid=658036436,FundDocuments.aspx?query=all&fund=000084,https://danjuanfunds.com/funding/000084
000085,博时安盈债券型证券投资基金C类,博时安盈债券型证券投资基金C类,,Overview.aspx?code=000085,Mainland Securities Fund,3,1.2289,2026-10-09,+0.00,+0.08,+0.23,+0.47,+1.25,+0.83,2026-10-09,+3.21,+1.57,+3.15,+2.66,+1.15,Casdocument.aspx?documentid=682391596,Casdocument.aspx?documentid=653242548,Casdocument.aspx?documentid=671358382,Casdocument.aspx?documentid=677795798,,Casdocument.aspx?documentid=667605376,Casdocument.aspx?documentid=672212822,Casdocument.aspx?documentid=658036436,FundDocuments.aspx?query=all&fund=000085,https://danjuanfunds.com/funding/000085
000171,易方达裕丰回报债券型证券投资基金（暂停申购）,易方达裕丰回报债券型证券投资基金,suspended,Overview.aspx?code=000171,Mainland Securities Fund,3,2.0361,2026-10-09,-0.20,-1.83,-5.61,+2.94,+5.94,+6.99,2026-10-09,+6.24,-4.01,+1.51,+8.88,+4.16,Casdocument.aspx?documentid=679862088,Casdocument.aspx?documentid=653284791,Casdocument.aspx?documentid=671335867,Casdocument.aspx?documentid=677859840,,Casdocument.aspx?documentid=679105248,Casdocument.aspx?documentid=679860242,Casdocument.aspx?documentid=658047873,FundDocuments.aspx?query=all&fund=000171,https://danjuanfunds.com/funding/000171
000191,富国信用债债券型证券投资基金,富国信用债债券型证券投资基金,,Overview.aspx?code=000191,Mainland Securities Fund,3,1.363,2026-10-09,+0.02,+0.19,+0.56,+1.25,+3.17,+2.53,2026-10-09,+5.60,+1.90,+4.67,+4.58,+1.10,Casdocument.aspx?documentid=664298418,Casdocument.aspx?documentid=653238176,Casdocument.aspx?documentid=671443652,Casdocument.aspx?documentid=677796546,,Casdocument.aspx?documentid=464105613,Casdocument.aspx?documentid=664298614,Casdocument.aspx?documentid=658045835,FundDocuments.aspx?query=all&fund=000191,https://danjuanfunds.com/funding/000191
000205,易方达投资级信用债债券型证券投资基金A类,易方达投资级信用债债券型证券投资基金A类,,Overview.aspx?code=000205,Mainland Securities Fund,3,1.1673,2026-10-09,+0.03,+0.30,+0.88,+1.60,+3.32,+2.74,2026-10-09,+4.77,+2.29,+4.72,+4.58,+1.28,Casdocument.aspx?documentid=643243708,Casdocument.aspx?documentid=653284726,Casdocument.aspx?documentid=671335845,Casdocument.aspx?documentid=677844641,,Casdocument.aspx?documentid=601290540,Casdocument.aspx?documentid=674589082,Casdocument.aspx?documentid=55769092,FundDocuments.aspx?query=all&fund=000205,https://danjuanfunds.com/funding/000205
000218,国泰黄金交易型开放式证券投资基金联接基金A类,国泰黄金交易型开放式证券投资基金联接基金A类,,Overview.aspx?code=000218,Mainland Securities Fund,5,3.2597,2026-10-09,+1.34,-5.04,+0.45,-13.10,-1.27,-7.43,2026-10-09,-4.87,+9.94,+16.45,+26.80,+57.21,Casdocument.aspx?documentid=681209502,Casdocument.aspx?documentid=652948232,Casdocument.aspx?documentid=671458019,Casdocument.aspx?documentid=677762581,,Casdocument.aspx?documentid=550508800,Casdocument.aspx?documentid=681112062,Casdocument.aspx?documentid=658048807,FundDocuments.aspx?query=all&fund=000218,https://danjuanfunds.com/funding/000218
000242,景顺长城策略精选灵活配置混合型证券投资基金A类（暂停申购）,景顺长城策略精选灵活配置混合型证券投资基金A类,suspended,Overview.aspx?code=000242,Mainland Securities Fund,4,3.792,2026-10-09,+0.61,-7.31,-10.08,-3.34,+10.39,+11.96,2026-10-09,+49.13,-21.33,+11.79,+3.16,+17.81,Casdocument.aspx?documentid=662233833,Casdocument.aspx?documentid=652384247,Casdocument.aspx?documentid=671330727,Casdocument.aspx?documentid=677454814,,Casdocument.aspx?documentid=464117698,Casdocument.aspx?documentid=662234839,Casdocument.aspx?documentid=658036546,FundDocuments.aspx?query=all&fund=000242,https://danjuanfunds.com/funding/000242
000251,[仅电子渠道]工银瑞信金融地产行业混合型证券投资基金A类,工银瑞信金融地产行业混合型证券投资基金A类,online_only,Overview.aspx?code=000251,Mainland Securities Fund,4,2.57,2026-10-09,+1.70,-4.81,-5.72,-8.25,-8.05,-12.47,2026-10-09,+0.26,-8.22,-17.54,+34.01,+9.10,Casdocument.aspx?documentid=675987683,Casdocument.aspx?documentid=653184512,Casdocument.aspx?documentid=671365782,Casdocument.aspx?documentid=677779967,,Casdocument.aspx?documentid=615524128,Casdocument.aspx?documentid=675988319,Casdocument.aspx?documentid=185492400,FundDocuments.aspx?query=all&fund=000251,https://danjuanfunds.com/funding/000251
000307,易方达黄金交易型开放式证券投资基金联接基金A类,易方达黄金交易型开放式证券投资基金联接基金A类,,Overview.aspx?code=000307,Mainland Securities Fund,5,2.9618,2026-10-09,+1.33,-5.04,+0.46,-13.10,-1.47,-7.61,2026-10-09,-4.73,+8.98,+15.98,+26.14,+55.78,Casdocument.aspx?documentid=681631495,Casdocument.aspx?documentid=653284795,Casdocument.aspx?documentid=671333504,Casdocument.aspx?documentid=677864821,,Casdocument.aspx?documentid=258099354,Casdocument.aspx?documentid=680782744,Casdocument.aspx?documentid=658045499,FundDocuments.aspx?query=all&fund=000307,https://danjuanfunds.com/funding/000307
000311,景顺长城沪深300指数增强型证券投资基金 （暂停申购）,景顺长城沪深300指数增强型证券投资基金,suspended,Overview.aspx?code=000311,Mainland Securities Fund,3,2.657,2026-10-09,+0.23,-4.53,-8.63,-0.49,+0.80,+0.34,2026-10-09,-2.61,-20.96,-9.94,+13.00,+20.86,Casdocument.aspx?documentid=666868063,Casdocument.aspx?documentid=652388545,Casdocument.aspx?documentid=671330879,Casdocument.aspx?documentid=677455846,,Casdocument.aspx?documentid=666868243,Casdocument.aspx?documentid=669192631,Casdocument.aspx?documentid=374112295,FundDocuments.aspx?query=all&fund=000311,https://danjuanfunds.com/funding/000311
000385,景顺长城景颐双利债券型证券投资基金A类,景顺长城景颐双利债券型证券投资基金A类,,Overview.aspx?code=000385,Mainland Securities Fund,3,1.875,2026-10-09,+0.05,-1.06,-1.94,-0.27,+1.41,+1.30,2026-10-09,+8.37,-1.59,+2.19,+7.89,+8.25,Casdocument.aspx?documentid=633145783,Casdocument.aspx?documentid=652383658,Casdocument.aspx?documentid=671330781,Casdocument.aspx?documentid=677454851,,Casdocument.aspx?documentid=341658185,Casdocument.aspx?documentid=633260007,Casdocument.aspx?documentid=658036106,FundDocuments.aspx?query=all&fund=000385,https://danjuanfunds.com/funding/000385
000386,景顺长城景颐双利债券型证券投资基金C类,景顺长城景颐双利债券型证券投资基金C类,,Overview.aspx?code=000386,Mainland Securities Fund,3,1.782,2026-10-09,+0.06,-1.11,-2.03,-0.45,+1.02,+0.96,2026-10-09,+7.88,-1.97,+1.74,+7.56,+7.82,Casdocument.aspx?documentid=633145783,Casdocument.aspx?documentid=652383658,Casdocument.aspx?documentid=671330781,Casdocument.aspx?documentid=677454851,,Casdocument.aspx?documentid=341658185,Casdocument.aspx?documentid=633260007,Casdocument.aspx?documentid=658036106,FundDocuments.aspx?query=all&fund=000386,https://danjuanfunds.com/funding/000386
000457,摩根核心成长股票型证券投资基金（暂停申购）,摩根核心成长股票型证券投资基金,suspended,Overview.aspx?code=000457,Mainland Securities Fund,4,3.2435,2026-10-09,+0.51,-8.47,-11.63,-9.65,-5.10,-5.46,2026-10-09,+17.98,-24.50,-16.10,+14.98,+58.91,Casdocument.aspx?documentid=668819370,Casdocument.aspx?documentid=653189730,Casdocument.aspx?documentid=671365423,Casdocument.aspx?documentid=677794169,,Casdocument.aspx?documentid=563077640,Casdocument.aspx?documentid=668820138,Casdocument.aspx?documentid=81076006,FundDocuments.aspx?query=all&fund=000457,https://danjuanfunds.com/funding/000457
000586,景顺长城中小板创业板精选股票型证券投资基金（暂停申购）,景顺长城中小板创业板精选股票型证券投资基金,suspended,Overview.aspx?code=000586,Mainland Securities Fund,4,3.205,2026-10-09,-2.17,-11.44,-22.70,+3.29,+15.25,+19.06,2026-10-09,+28.54,-20.38,+9.19,+1.50,+24.23,Casdocument.aspx?documentid=633145601,Casdocument.aspx?documentid=652383668,Casdocument.aspx?documentid=671330739,Casdocument.aspx?documentid=677454850,,Casdocument.aspx?documentid=464117980,Casdocument.aspx?documentid=633261709,Casdocument.aspx?documentid=658049505,FundDocuments.aspx?query=all&fund=000586,https://danjuanfunds.com/funding/000586
000595,嘉实泰和混合型证券投资基金（暂停申购）,嘉实泰和混合型证券投资基金,suspended,Overview.aspx?code=000595,Mainland Securities Fund,4,3.437,2026-10-09,-0.17,-5.91,-20.51,-0.03,+3.18,+7.61,2026-10-09,-6.98,-18.41,-21.59,+0.07,+19.58,Casdocument.aspx?documentid=658212446,Casdocument.aspx?documentid=652994231,Casdocument.aspx?documentid=671327719,Casdocument.aspx?documentid=677796102,,Casdocument.aspx?documentid=456416630,Casdocument.aspx?documentid=667074144,Casdocument.aspx?documentid=658045877,FundDocuments.aspx?query=all&fund=000595,https://danjuanfunds.com/funding/000595
000746,[仅电子渠道]招商行业精选股票型证券投资基金,招商行业精选股票型证券投资基金,online_only,Overview.aspx?code=000746,Mainland Securities Fund,4,6.119,2026-10-09,-0.02,-2.05,-0.10,-4.58,+8.15,+6.94,2026-10-09,-11.94,-12.95,-2.05,+34.31,+33.13,Casdocument.aspx?documentid=681240347,Casdocument.aspx?documentid=653329628,Casdocument.aspx?documentid=671345674,Casdocument.aspx?documentid=677814730,,Casdocument.aspx?documentid=676656491,Casdocument.aspx?documentid=681189380,Casdocument.aspx?documentid=658045892,FundDocuments.aspx?query=all&fund=000746,https://danjuanfunds.com/funding/000746
000849,汇丰晋信双核策略混合型证券投资基金 A类,汇丰晋信双核策略混合型证券投资基金 A类,,Overview.aspx?code=000849,Mainland Securities Fund,4,1.5864,2026-10-09,-0.97,-8.08,-10.31,-19.40,-13.47,-16.95,2026-10-09,-0.74,-29.03,-0.80,+5.61,+55.99,Casdocument.aspx?documentid=681216117,Casdocument.aspx?documentid=653243618,Casdocument.aspx?documentid=671379278,Casdocument.aspx?documentid=677759866,,Casdocument.aspx?documentid=676655974,Casdocument.aspx?documentid=681169694,Casdocument.aspx?documentid=658047345,FundDocuments.aspx?query=all&fund=000849,https://danjuanfunds.com/funding/000849
000850,汇丰晋信双核策略混合型证券投资基金 C类,汇丰晋信双核策略混合型证券投资基金 C类,,Overview.aspx?code=000850,Mainland Securities Fund,4,1.5176,2026-10-09,-0.98,-8.12,-10.43,-19.61,-13.90,-17.27,2026-10-09,-1.24,-29.39,-1.29,+5.08,+55.23,Casdocument.aspx?documentid=681216117,Casdocument.aspx?documentid=653243618,Casdocument.aspx?documentid=671379278,Casdocument.aspx?documentid=677759866,,Casdocument.aspx?documentid=676655974,Casdocument.aspx?documentid=681169693,Casdocument.aspx?documentid=658047345,FundDocuments.aspx?query=all&fund=000850,https://danjuanfunds.com/funding/000850
000857,摩根天添盈货币市场基金E类,摩根天添盈货币市场基金E类,,Overview.aspx?code=000857,Mainland Securities Fund,1,1.00,2026-10-09,+0.00,+0.07,+0.26,+0.54,+1.16,+0.88,2026-10-09,+2.32,+1.94,+1.99,+1.79,+1.39,Casdocument.aspx?documentid=668819440,Casdocument.aspx?documentid=653190535,Casdocument.aspx?documentid=671364218,Casdocument.aspx?documentid=677797078,,Casdocument.aspx?documentid=468228386,Casdocument.aspx?documentid=668820071,Casdocument.aspx?documentid=78858039,FundDocuments.aspx?query=all&fund=000857,https://danjuanfunds.com/funding/000857
000891,博时现金宝货币市场基金B类,博时现金宝货币市场基金B类,,Overview.aspx?code=000891,Mainland Securities Fund,2,1.00,2026-10-09,+0.00,+0.09,+0.30,+0.64,+1.36,+1.03,2026-10-09,+2.47,+2.10,+2.22,+1.99,+1.58,Casdocument.aspx?documentid=682412630,Casdocument.aspx?documentid=653256691,Casdocument.aspx?documentid=671358761,Casdocument.aspx?documentid=677796097,,Casdocument.aspx?documentid=451304276,Casdocument.aspx?documentid=667408132,Casdocument.aspx?documentid=81021727,FundDocuments.aspx?query=all&fund=000891,https://danjuanfunds.com/funding/000891
000893,[仅电子渠道]工银瑞信创新动力股票型证券投资基金（暂停申购）,工银瑞信创新动力股票型证券投资基金,"online_only,suspended",Overview.aspx?code=000893,Mainland Securities Fund,3,1.259,2026-10-09,+0.72,-1.56,+5.62,-1.25,-1.72,-1.25,2026-10-09,+17.93,-2.79,+6.81,+15.54,+9.91,Casdocument.aspx?documentid=681216223,Casdocument.aspx?documentid=653184759,Casdocument.aspx?documentid=671365337,Casdocument.aspx?documentid=677759727,,Casdocument.aspx?documentid=676656422,Casdocument.aspx?documentid=681189837,Casdocument.aspx?documentid=658038071,FundDocuments.aspx?query=all&fund=000893,https://danjuanfunds.com/funding/000893
000945,华夏医疗健康混合型发起式证券投资基金（暂停申购）,华夏医疗健康混合型发起式证券投资基金,suspended,Overview.aspx?code=000945,Mainland Securities Fund,5,1.956,2026-10-09,-0.51,+0.72,+1.24,+8.31,+0.05,+14.25,2026-10-09,-6.19,-21.98,-11.83,-12.77,+15.52,Casdocument.aspx?documentid=663319907,Casdocument.aspx?documentid=653253525,Casdocument.aspx?documentid=671335730,Casdocument.aspx?documentid=677819862,,Casdocument.aspx?documentid=658440260,Casdocument.aspx?documentid=663319086,Casdocument.aspx?documentid=658045147,FundDocuments.aspx?query=all&fund=000945,https://danjuanfunds.com/funding/000945
000965,汇丰晋信新动力混合型证券投资基金（暂停申购）,汇丰晋信新动力混合型证券投资基金,suspended,Overview.aspx?code=000965,Mainland Securities Fund,4,2.1045,2026-10-09,+0.80,-4.43,+3.10,-8.81,+2.52,-3.60,2026-10-09,-0.40,-16.42,+7.55,+10.60,+36.28,Casdocument.aspx?documentid=672238236,Casdocument.aspx?documentid=653243689,Casdocument.aspx?documentid=671379348,Casdocument.aspx?documentid=677779933,,Casdocument.aspx?documentid=667602489,Casdocument.aspx?documentid=672205509,Casdocument.aspx?documentid=658036231,FundDocuments.aspx?query=all&fund=000965,https://danjuanfunds.com/funding/000965
000978,景顺长城量化精选股票型证券投资基金（暂停申购）,景顺长城量化精选股票型证券投资基金,suspended,Overview.aspx?code=000978,Mainland Securities Fund,3,1.973,2026-10-09,-0.05,-5.73,-12.89,-1.94,+5.40,+4.61,2026-10-09,+21.06,-16.84,-8.28,+5.75,+32.43,Casdocument.aspx?documentid=662233768,Casdocument.aspx?documentid=652387527,Casdocument.aspx?documentid=671333332,Casdocument.aspx?documentid=677453589,,Casdocument.aspx?documentid=579169607,Casdocument.aspx?documentid=662234691,Casdocument.aspx?documentid=658037957,FundDocuments.aspx?query=all&fund=000978,https://danjuanfunds.com/funding/000978
000988,[仅电子渠道]嘉实全球互联网股票型证券投资基金（暂停申购）,嘉实全球互联网股票型证券投资基金,"online_only,suspended",Overview.aspx?code=000988,Mainland Securities Fund,5,2.215,2026-10-08,-0.98,-1.03,-0.54,-2.77,-14.74,-7.90,2026-10-08,+5.99,-18.22,+10.47,+3.50,+8.48,Casdocument.aspx?documentid=658212443,Casdocument.aspx?documentid=652994410,Casdocument.aspx?documentid=671329040,Casdocument.aspx?documentid=677876272,,Casdocument.aspx?documentid=564201818,Casdocument.aspx?documentid=667074087,Casdocument.aspx?documentid=658049769,FundDocuments.aspx?query=all&fund=000988,https://danjuanfunds.com/funding/000988
001011,华夏希望债券型证券投资基金（暂停申购）,华夏希望债券型证券投资基金,suspended,Overview.aspx?code=001011,Mainland Securities Fund,3,1.2598,2026-10-09,+0.16,-0.11,+1.10,+0.47,+2.61,+1.46,2026-10-09,+5.21,-3.72,+4.00,+6.43,+3.66,Casdocument.aspx?documentid=664688816,Casdocument.aspx?documentid=653248188,Casdocument.aspx?documentid=671335747,Casdocument.aspx?documentid=677819418,,Casdocument.aspx?documentid=658440293,Casdocument.aspx?documentid=663319180,Casdocument.aspx?documentid=658047314,FundDocuments.aspx?query=all&fund=001011,https://danjuanfunds.com/funding/001011
001018,易方达新经济灵活配置混合型证券投资基金（暂停申购）,易方达新经济灵活配置混合型证券投资基金,suspended,Overview.aspx?code=001018,Mainland Securities Fund,4,6.077,2026-10-09,-1.01,-10.17,-17.11,+10.97,+17.81,+12.91,2026-10-09,+35.69,-15.26,-14.81,+0.00,+72.01,Casdocument.aspx?documentid=681247415,Casdocument.aspx?documentid=653284778,Casdocument.aspx?documentid=671335794,Casdocument.aspx?documentid=677845386,,Casdocument.aspx?documentid=676656430,Casdocument.aspx?documentid=681192877,Casdocument.aspx?documentid=658044870,FundDocuments.aspx?query=all&fund=001018,https://danjuanfunds.com/funding/001018
001044,[仅电子渠道]嘉实新消费股票型证券投资基金,嘉实新消费股票型证券投资基金,online_only,Overview.aspx?code=001044,Mainland Securities Fund,4,2.526,2026-10-09,+1.20,-0.90,+7.12,+5.21,+2.27,+3.44,2026-10-09,-2.41,-10.46,+1.68,+14.83,-5.28,Casdocument.aspx?documentid=681241758,Casdocument.aspx?documentid=652994221,Casdocument.aspx?documentid=671327709,Casdocument.aspx?documentid=677798686,,Casdocument.aspx?documentid=676657135,Casdocument.aspx?documentid=681192182,Casdocument.aspx?documentid=658051300,FundDocuments.aspx?query=all&fund=001044,https://danjuanfunds.com/funding/001044
001048,[仅电子渠道]富国新兴产业股票型证券投资基金A类,富国新兴产业股票型证券投资基金A类,online_only,Overview.aspx?code=001048,Mainland Securities Fund,5,5.2909,2026-10-09,-1.21,-11.13,-28.55,+20.15,+37.68,+36.67,2026-10-09,+7.45,-13.52,-1.61,+26.07,+73.68,Casdocument.aspx?documentid=681239224,Casdocument.aspx?documentid=653238235,Casdocument.aspx?documentid=671443150,Casdocument.aspx?documentid=677796614,,Casdocument.aspx?documentid=676656969,Casdocument.aspx?documentid=681186749,Casdocument.aspx?documentid=658050508,FundDocuments.aspx?query=all&fund=001048,https://danjuanfunds.com/funding/001048
001158,[仅电子渠道]工银瑞信新材料新能源行业股票型证券投资基金,工银瑞信新材料新能源行业股票型证券投资基金,online_only,Overview.aspx?code=001158,Mainland Securities Fund,4,1.853,2026-10-09,+0.43,-4.93,-9.21,-13.81,+3.58,-1.70,2026-10-09,+32.90,-24.16,-13.10,+5.77,+46.81,Casdocument.aspx?documentid=632928652,Casdocument.aspx?documentid=653184682,Casdocument.aspx?documentid=671365474,Casdocument.aspx?documentid=677782595,,Casdocument.aspx?documentid=456425217,Casdocument.aspx?documentid=632962635,Casdocument.aspx?documentid=86877463,FundDocuments.aspx?query=all&fund=001158,https://danjuanfunds.com/funding/001158
001182,[仅电子渠道]易方达安心回馈混合型证券投资基金,易方达安心回馈混合型证券投资基金,online_only,Overview.aspx?code=001182,Mainland Securities Fund,3,2.8367,2026-10-09,+0.16,-2.05,-3.55,+3.76,+8.89,+9.15,2026-10-09,+13.19,-13.06,-1.13,+3.84,+10.50,Casdocument.aspx?documentid=681632040,Casdocument.aspx?documentid=653284808,Casdocument.aspx?documentid=671335865,Casdocument.aspx?documentid=677863663,,Casdocument.aspx?documentid=679105348,Casdocument.aspx?documentid=680782796,Casdocument.aspx?documentid=658044924,FundDocuments.aspx?query=all&fund=001182,https://danjuanfunds.com/funding/001182
001236,博时丝路主题股票型证卷投资基金A类(暂停申购),博时丝路主题股票型证卷投资基金A类,suspended,Overview.aspx?code=001236,Mainland Securities Fund,4,1.737,2026-10-09,-0.34,-10.28,-22.28,-22.07,-23.61,-21.58,2026-10-09,+12.41,-22.75,-4.48,+1.38,+31.30,Casdocument.aspx?documentid=682406612,Casdocument.aspx?documentid=653265759,Casdocument.aspx?documentid=671351841,Casdocument.aspx?documentid=677795423,,Casdocument.aspx?documentid=456417040,Casdocument.aspx?documentid=667407722,Casdocument.aspx?documentid=658051433,FundDocuments.aspx?query=all&fund=001236,https://danjuanfunds.com/funding/001236
001237,博时上证50交易型开放式指数证券投资基金联接基金A类,博时上证50交易型开放式指数证券投资基金联接基金A类,,Overview.aspx?code=001237,Mainland Securities Fund,4,1.3169,2026-10-09,+0.10,-3.08,-4.75,+0.44,-2.24,-3.48,2026-10-09,-6.48,-16.13,-7.97,+17.54,+16.16,Casdocument.aspx?documentid=682408204,Casdocument.aspx?documentid=653254060,Casdocument.aspx?documentid=671350337,Casdocument.aspx?documentid=677783231,,Casdocument.aspx?documentid=547567319,Casdocument.aspx?documentid=667406202,Casdocument.aspx?documentid=658036277,FundDocuments.aspx?query=all&fund=001237,https://danjuanfunds.com/funding/001237
001513,[仅电子渠道]易方达信息产业混合型证券投资基金A类,易方达信息产业混合型证券投资基金A类,online_only,Overview.aspx?code=001513,Mainland Securities Fund,5,7.045,2026-10-09,-1.62,-11.67,-31.46,+12.83,+34.02,+30.17,2026-10-09,+24.79,-24.12,-8.83,+24.91,+108.05,Casdocument.aspx?documentid=663320365,Casdocument.aspx?documentid=653284790,Casdocument.aspx?documentid=671330745,Casdocument.aspx?documentid=677859770,,Casdocument.aspx?documentid=658440313,Casdocument.aspx?documentid=674592026,Casdocument.aspx?documentid=658041896,FundDocuments.aspx?query=all&fund=001513,https://danjuanfunds.com/funding/001513
001522,博时新策略灵活配置混合型证券投资基金（暂停申购）,博时新策略灵活配置混合型证券投资基金,suspended,Overview.aspx?code=001522,Mainland Securities Fund,4,1.3852,2026-10-09,+1.46,-9.21,-4.47,-1.07,-8.05,-3.43,2026-10-09,+7.16,-1.98,-3.85,-10.01,+7.49,Casdocument.aspx?documentid=682412619,Casdocument.aspx?documentid=653256709,Casdocument.aspx?documentid=671350974,Casdocument.aspx?documentid=677794755,,Casdocument.aspx?documentid=667605434,Casdocument.aspx?documentid=672210496,Casdocument.aspx?documentid=658036310,FundDocuments.aspx?query=all&fund=001522,https://danjuanfunds.com/funding/001522
001538,摩根科技前沿灵活配置混合型证券投资基金A类,摩根科技前沿灵活配置混合型证券投资基金A类,,Overview.aspx?code=001538,Mainland Securities Fund,4,3.5516,2026-10-09,-0.77,-9.08,-18.71,+3.51,+12.35,+9.42,2026-10-09,+6.86,-35.72,-6.34,+6.40,+59.31,Casdocument.aspx?documentid=633907979,Casdocument.aspx?documentid=653344789,Casdocument.aspx?documentid=671364173,Casdocument.aspx?documentid=677783235,,Casdocument.aspx?documentid=581525856,Casdocument.aspx?documentid=633920931,Casdocument.aspx?documentid=658041326,FundDocuments.aspx?query=all&fund=001538,https://danjuanfunds.com/funding/001538
001643,汇丰晋信智造先锋股票型证券投资基金 A,汇丰晋信智造先锋股票型证券投资基金 A,,Overview.aspx?code=001643,Mainland Securities Fund,5,1.9145,2026-10-09,+0.97,-4.16,-7.25,-26.86,-33.99,-29.52,2026-10-09,+42.93,-32.60,-19.19,-14.50,+35.00,Casdocument.aspx?documentid=667849945,Casdocument.aspx?documentid=653244781,Casdocument.aspx?documentid=671379509,Casdocument.aspx?documentid=677760272,,Casdocument.aspx?documentid=578950010,Casdocument.aspx?documentid=667837592,Casdocument.aspx?documentid=658036039,FundDocuments.aspx?query=all&fund=001643,https://danjuanfunds.com/funding/001643
001644,汇丰晋信智造先锋股票型证券投资基金 C（暂停申购）,汇丰晋信智造先锋股票型证券投资基金 C,suspended,Overview.aspx?code=001644,Mainland Securities Fund,5,1.8136,2026-10-09,+0.97,-4.21,-7.37,-27.04,-34.32,-29.80,2026-10-09,+42.22,-32.94,-19.59,-14.92,+34.33,Casdocument.aspx?documentid=667849945,Casdocument.aspx?documentid=653244781,Casdocument.aspx?documentid=671379509,Casdocument.aspx?documentid=677760272,,Casdocument.aspx?documentid=578950010,Casdocument.aspx?documentid=667837651,Casdocument.aspx?documentid=658036039,FundDocuments.aspx?query=all&fund=001644,https://danjuanfunds.com/funding/001644
001717,工银瑞信前沿医疗股票型证券投资基金A类（暂停申购）,工银瑞信前沿医疗股票型证券投资基金A类,suspended,Overview.aspx?code=001717,Mainland Securities Fund,5,3.238,2026-10-09,-0.06,-0.12,-2.38,+2.08,-7.14,+5.16,2026-10-09,+11.74,-21.18,-8.06,-14.85,+17.03,Casdocument.aspx?documentid=672223580,Casdocument.aspx?documentid=653184810,Casdocument.aspx?documentid=671365441,Casdocument.aspx?documentid=677759689,,Casdocument.aspx?documentid=667603455,Casdocument.aspx?documentid=672206416,Casdocument.aspx?documentid=658036590,FundDocuments.aspx?query=all&fund=001717,https://danjuanfunds.com/funding/001717
001718,[仅电子渠道]工银瑞信物流产业股票型证券投资基金A类（暂停申购）,工银瑞信物流产业股票型证券投资基金A类,"online_only,suspended",Overview.aspx?code=001718,Mainland Securities Fund,3,4.581,2026-10-09,-1.06,-8.43,-14.02,-4.30,-4.16,-6.68,2026-10-09,+37.88,-24.28,-4.06,+26.35,+28.31,Casdocument.aspx?documentid=664919701,Casdocument.aspx?documentid=653184947,Casdocument.aspx?documentid=671365413,Casdocument.aspx?documentid=677759715,,Casdocument.aspx?documentid=617279070,Casdocument.aspx?documentid=664925702,Casdocument.aspx?documentid=658048736,FundDocuments.aspx?query=all&fund=001718,https://danjuanfunds.com/funding/001718
001766,摩根医疗健康股票型证券投资基金A类（暂停申购）,摩根医疗健康股票型证券投资基金A类,suspended,Overview.aspx?code=001766,Mainland Securities Fund,4,1.5722,2026-10-09,-0.01,-3.96,-7.21,+0.76,-4.69,+7.29,2026-10-09,-4.50,-29.58,-16.74,-13.28,+18.08,Casdocument.aspx?documentid=668819443,Casdocument.aspx?documentid=653190539,Casdocument.aspx?documentid=671364261,Casdocument.aspx?documentid=677796492,,Casdocument.aspx?documentid=475453695,Casdocument.aspx?documentid=668820091,Casdocument.aspx?documentid=658045941,FundDocuments.aspx?query=all&fund=001766,https://danjuanfunds.com/funding/001766
001917,[仅电子渠道]招商量化精选股票型发起式证券投资基金A类,招商量化精选股票型发起式证券投资基金A类,online_only,Overview.aspx?code=001917,Mainland Securities Fund,4,3.4945,2026-10-09,+1.26,-2.35,-3.10,-3.39,-3.35,-2.05,2026-10-09,+28.50,-1.06,+9.79,+15.27,+41.48,Casdocument.aspx?documentid=672226667,Casdocument.aspx?documentid=653210634,Casdocument.aspx?documentid=671346209,Casdocument.aspx?documentid=677819692,,Casdocument.aspx?documentid=667605181,Casdocument.aspx?documentid=672206429,Casdocument.aspx?documentid=658045563,FundDocuments.aspx?query=all&fund=001917,https://danjuanfunds.com/funding/001917
001974,景顺长城量化新动力股票型证券投资基金（暂停申购）,景顺长城量化新动力股票型证券投资基金,suspended,Overview.aspx?code=001974,Mainland Securities Fund,3,2.055,2026-10-09,-0.10,-4.91,-9.79,+0.54,+2.39,+1.93,2026-10-09,+4.55,-19.59,-9.69,+10.44,+21.89,Casdocument.aspx?documentid=662233865,Casdocument.aspx?documentid=652388273,Casdocument.aspx?documentid=671330863,Casdocument.aspx?documentid=677453727,,Casdocument.aspx?documentid=560263739,Casdocument.aspx?documentid=662234662,Casdocument.aspx?documentid=658044776,FundDocuments.aspx?query=all&fund=001974,https://danjuanfunds.com/funding/001974
001975,景顺长城环保优势股票型证券投资基金,景顺长城环保优势股票型证券投资基金,,Overview.aspx?code=001975,Mainland Securities Fund,5,4.251,2026-10-09,-0.98,-4.13,-16.79,+1.05,-0.68,+7.19,2026-10-09,+26.15,-34.17,+3.66,+1.97,+34.58,Casdocument.aspx?documentid=633145781,Casdocument.aspx?documentid=652387550,Casdocument.aspx?documentid=671330850,Casdocument.aspx?documentid=677453614,,Casdocument.aspx?documentid=465735247,Casdocument.aspx?documentid=633260021,Casdocument.aspx?documentid=658051580,FundDocuments.aspx?query=all&fund=001975,https://danjuanfunds.com/funding/001975
001985,富国低碳新经济混合型证券投资基金（暂停申购）,富国低碳新经济混合型证券投资基金,suspended,Overview.aspx?code=001985,Mainland Securities Fund,4,3.812,2026-10-09,-1.17,-9.97,-24.95,-8.23,-2.21,-2.61,2026-10-09,+16.92,-33.06,-5.14,-1.84,+83.24,Casdocument.aspx?documentid=662325326,Casdocument.aspx?documentid=653238852,Casdocument.aspx?documentid=671445516,Casdocument.aspx?documentid=677803051,,Casdocument.aspx?documentid=456449232,Casdocument.aspx?documentid=662326116,Casdocument.aspx?documentid=658041405,FundDocuments.aspx?query=all&fund=001985,https://danjuanfunds.com/funding/001985
002001,华夏回报证券投资基金（暂停申购）,华夏回报证券投资基金,suspended,Overview.aspx?code=002001,Mainland Securities Fund,3,1.366,2026-10-09,+0.00,-3.80,-6.95,-0.87,-1.80,+1.04,2026-10-09,-13.50,-9.55,-12.20,+5.56,+11.28,Casdocument.aspx?documentid=663023110,Casdocument.aspx?documentid=653245838,Casdocument.aspx?documentid=671336118,Casdocument.aspx?documentid=677819469,,Casdocument.aspx?documentid=456418618,Casdocument.aspx?documentid=663043117,Casdocument.aspx?documentid=658034720,FundDocuments.aspx?query=all&fund=002001,https://danjuanfunds.com/funding/002001
002168,嘉实智能汽车股票型证券投资基金（暂停申购）,嘉实智能汽车股票型证券投资基金,suspended,Overview.aspx?code=002168,Mainland Securities Fund,5,2.478,2026-10-09,+1.85,-4.62,-13.96,-22.95,-24.06,-20.70,2026-10-09,+23.85,-33.04,-29.06,-2.08,+50.82,Casdocument.aspx?documentid=677612976,Casdocument.aspx?documentid=652994150,Casdocument.aspx?documentid=671327606,Casdocument.aspx?documentid=677807955,,Casdocument.aspx?documentid=456416719,Casdocument.aspx?documentid=664931998,Casdocument.aspx?documentid=658049073,FundDocuments.aspx?query=all&fund=002168,https://danjuanfunds.com/funding/002168
002317,[仅电子渠道]招商睿逸稳健配置混合型证券投资基金,招商睿逸稳健配置混合型证券投资基金,online_only,Overview.aspx?code=002317,Mainland Securities Fund,3,2.055,2026-10-09,+0.05,-1.67,-1.86,-2.84,+4.85,+3.47,2026-10-09,+10.83,-5.33,+1.88,+11.51,+17.17,Casdocument.aspx?documentid=681240887,Casdocument.aspx?documentid=653329647,Casdocument.aspx?documentid=671343138,Casdocument.aspx?documentid=677820140,,Casdocument.aspx?documentid=676656832,Casdocument.aspx?documentid=681189240,Casdocument.aspx?documentid=658041820,FundDocuments.aspx?query=all&fund=002317,https://danjuanfunds.com/funding/002317
002332,汇丰晋信沪港深股票型证券投资基金（暂停申购）,汇丰晋信沪港深股票型证券投资基金,suspended,Overview.aspx?code=002332,Mainland Securities Fund,5,1.4257,2026-10-09,+1.27,-4.16,-2.88,-16.80,-14.16,-15.60,2026-10-09,-14.49,-20.56,-21.57,+19.74,+37.87,Casdocument.aspx?documentid=667849938,Casdocument.aspx?documentid=653236185,Casdocument.aspx?documentid=671379462,Casdocument.aspx?documentid=677783208,,Casdocument.aspx?documentid=558523136,Casdocument.aspx?documentid=667837647,Casdocument.aspx?documentid=658036254,FundDocuments.aspx?query=all&fund=002332,https://danjuanfunds.com/funding/002332
002334,汇丰晋信大盘波动精选股票型证券投资基金（暂停申购）,汇丰晋信大盘波动精选股票型证券投资基金,suspended,Overview.aspx?code=002334,Mainland Securities Fund,4,1.7172,2026-10-09,-0.01,-0.79,+10.42,+6.72,+15.07,+9.55,2026-10-09,+6.05,-10.77,+3.33,+4.09,+3.92,Casdocument.aspx?documentid=667849919,Casdocument.aspx?documentid=653229269,Casdocument.aspx?documentid=671379497,Casdocument.aspx?documentid=677761446,,Casdocument.aspx?documentid=481255762,Casdocument.aspx?documentid=667837560,Casdocument.aspx?documentid=658048479,FundDocuments.aspx?query=all&fund=002334,https://danjuanfunds.com/funding/002334
002351,易方达裕祥回报债券型证券投资基金,易方达裕祥回报债券型证券投资基金,,Overview.aspx?code=002351,Mainland Securities Fund,3,1.5909,2026-10-09,+0.23,-0.32,+1.69,-0.19,+1.94,+0.93,2026-10-09,+9.50,-3.91,+3.12,+8.00,+5.86,Casdocument.aspx?documentid=663320473,Casdocument.aspx?documentid=653284804,Casdocument.aspx?documentid=671333486,Casdocument.aspx?documentid=677843841,,Casdocument.aspx?documentid=682056550,Casdocument.aspx?documentid=674589610,Casdocument.aspx?documentid=658034458,FundDocuments.aspx?query=all&fund=002351,https://danjuanfunds.com/funding/002351
002593,富国美丽中国混合型证券投资基金（暂停申购）,富国美丽中国混合型证券投资基金,suspended,Overview.aspx?code=002593,Mainland Securities Fund,4,2.352,2026-10-09,-1.09,-6.22,-18.90,-13.18,-5.62,-8.94,2026-10-09,+13.83,-23.31,-10.47,-2.84,+23.83,Casdocument.aspx?documentid=672238980,Casdocument.aspx?documentid=653238768,Casdocument.aspx?documentid=671444863,Casdocument.aspx?documentid=677803124,,Casdocument.aspx?documentid=667606025,Casdocument.aspx?documentid=672213346,Casdocument.aspx?documentid=658036328,FundDocuments.aspx?query=all&fund=002593,https://danjuanfunds.com/funding/002593
002656,[仅电子渠道]南方创业板交易型开放式指数证券投资基金联接基金A类,南方创业板交易型开放式指数证券投资基金联接基金A类,online_only,Overview.aspx?code=002656,Mainland Securities Fund,5,1.5837,2026-10-09,+0.20,-8.77,-23.24,-7.36,-5.55,-4.12,2026-10-09,+12.51,-27.76,-17.74,+15.00,+48.96,Casdocument.aspx?documentid=661823833,Casdocument.aspx?documentid=653254437,Casdocument.aspx?documentid=671470977,Casdocument.aspx?documentid=677820179,,Casdocument.aspx?documentid=554888974,Casdocument.aspx?documentid=661820448,Casdocument.aspx?documentid=658042018,FundDocuments.aspx?query=all&fund=002656,https://danjuanfunds.com/funding/002656
002910,[仅电子渠道]易方达供给改革灵活配置混合型证券投资基金,易方达供给改革灵活配置混合型证券投资基金,online_only,Overview.aspx?code=002910,Mainland Securities Fund,5,7.964,2026-10-09,+1.38,-4.93,-3.44,+82.09,+141.27,+116.13,2026-10-09,+40.87,+4.44,-0.15,-3.47,+48.00,Casdocument.aspx?documentid=663320350,Casdocument.aspx?documentid=653284762,Casdocument.aspx?documentid=671333491,Casdocument.aspx?documentid=677864620,,Casdocument.aspx?documentid=658440375,Casdocument.aspx?documentid=674592014,Casdocument.aspx?documentid=658049004,FundDocuments.aspx?query=all&fund=002910,https://danjuanfunds.com/funding/002910
002925,[仅电子渠道]广发集源债券型证券投资基金A类,广发集源债券型证券投资基金A类,online_only,Overview.aspx?code=002925,Mainland Securities Fund,3,1.1964,2026-10-09,+0.13,+0.13,+1.86,+1.48,+2.65,+2.47,2026-10-09,+7.96,+0.25,+4.68,+3.64,+6.50,Casdocument.aspx?documentid=666684907,Casdocument.aspx?documentid=652935043,Casdocument.aspx?documentid=671093407,Casdocument.aspx?documentid=677756999,,Casdocument.aspx?documentid=381317718,Casdocument.aspx?documentid=666678540,Casdocument.aspx?documentid=658037940,FundDocuments.aspx?query=all&fund=002925,https://danjuanfunds.com/funding/002925
002943,[仅电子渠道]广发多因子灵活配置混合型证券投资基金（暂停申购）,广发多因子灵活配置混合型证券投资基金,"online_only,suspended",Overview.aspx?code=002943,Mainland Securities Fund,4,4.6463,2026-10-09,-0.74,-9.64,-13.93,-5.70,-3.70,-5.50,2026-10-09,+89.03,-18.45,-3.41,+17.41,+38.78,Casdocument.aspx?documentid=681210151,Casdocument.aspx?documentid=652944057,Casdocument.aspx?documentid=671093213,Casdocument.aspx?documentid=677754793,,Casdocument.aspx?documentid=676651329,Casdocument.aspx?documentid=681183935,Casdocument.aspx?documentid=658036147,FundDocuments.aspx?query=all&fund=002943,https://danjuanfunds.com/funding/002943
002963,易方达黄金交易型开放式证券投资基金联接基金C类,易方达黄金交易型开放式证券投资基金联接基金C类,,Overview.aspx?code=002963,Mainland Securities Fund,5,2.8683,2026-10-09,+1.33,-5.07,+0.37,-13.26,-1.82,-7.86,2026-10-09,-5.07,+8.60,+15.58,+25.70,+55.24,Casdocument.aspx?documentid=681631495,Casdocument.aspx?documentid=653284795,Casdocument.aspx?documentid=671333504,Casdocument.aspx?documentid=677864821,,Casdocument.aspx?documentid=258099354,Casdocument.aspx?documentid=680782921,Casdocument.aspx?documentid=658045499,FundDocuments.aspx?query=all&fund=002963,https://danjuanfunds.com/funding/002963
002980,[仅电子渠道]华夏创新前沿股票型证券投资基金A类,华夏创新前沿股票型证券投资基金A类,online_only,Overview.aspx?code=002980,Mainland Securities Fund,4,4.381,2026-10-09,-0.86,-9.07,-24.23,+14.21,+23.41,+24.89,2026-10-09,+13.78,-19.26,-9.42,+15.36,+46.41,Casdocument.aspx?documentid=663023030,Casdocument.aspx?documentid=653254088,Casdocument.aspx?documentid=671333502,Casdocument.aspx?documentid=677819558,,Casdocument.aspx?documentid=620812520,Casdocument.aspx?documentid=663040116,Casdocument.aspx?documentid=115680811,FundDocuments.aspx?query=all&fund=002980,https://danjuanfunds.com/funding/002980
003156,招商招悦纯债债券型证券投资基金A类,招商招悦纯债债券型证券投资基金A类,,Overview.aspx?code=003156,Mainland Securities Fund,3,1.1939,2026-10-09,+0.04,+0.34,+0.86,+1.78,+4.05,+3.08,2026-10-09,+7.17,+2.05,+5.62,+6.26,+1.16,Casdocument.aspx?documentid=676422730,Casdocument.aspx?documentid=653210625,Casdocument.aspx?documentid=671344898,Casdocument.aspx?documentid=677819986,,Casdocument.aspx?documentid=667606219,Casdocument.aspx?documentid=676421928,Casdocument.aspx?documentid=658048813,FundDocuments.aspx?query=all&fund=003156,https://danjuanfunds.com/funding/003156
003157,招商招悦纯债债券型证券投资基金C类,招商招悦纯债债券型证券投资基金C类,,Overview.aspx?code=003157,Mainland Securities Fund,3,1.1831,2026-10-09,+0.04,+0.33,+0.81,+1.68,+3.84,+2.91,2026-10-09,+6.96,+1.85,+5.41,+6.05,+0.97,Casdocument.aspx?documentid=676422730,Casdocument.aspx?documentid=653210625,Casdocument.aspx?documentid=671344898,Casdocument.aspx?documentid=677819986,,Casdocument.aspx?documentid=667606219,Casdocument.aspx?documentid=676421974,Casdocument.aspx?documentid=658048813,FundDocuments.aspx?query=all&fund=003157,https://danjuanfunds.com/funding/003157
003243,摩根中国世纪灵活配置混合型证券投资基金 （暂停申购）,摩根中国世纪灵活配置混合型证券投资基金,suspended,Overview.aspx?code=003243,Mainland Securities Fund,5,1.589,2026-10-08,-2.26,-10.19,-23.84,-22.25,-19.54,-19.63,2026-10-08,-19.63,-21.99,-16.71,+3.84,+64.39,Casdocument.aspx?documentid=681230551,Casdocument.aspx?documentid=653344776,Casdocument.aspx?documentid=671362851,Casdocument.aspx?documentid=677762101,,Casdocument.aspx?documentid=676650407,Casdocument.aspx?documentid=681184665,Casdocument.aspx?documentid=658043205,FundDocuments.aspx?query=all&fund=003243,https://danjuanfunds.com/funding/003243
003567,[仅电子渠道]华夏行业景气混合型证券投资基金A类,华夏行业景气混合型证券投资基金A类,online_only,Overview.aspx?code=003567,Mainland Securities Fund,5,5.7328,2026-10-09,-0.87,-7.77,-14.47,+1.61,+17.87,+17.18,2026-10-09,+84.11,-21.37,-16.69,+15.67,+59.40,Casdocument.aspx?documentid=677873938,Casdocument.aspx?documentid=653254142,Casdocument.aspx?documentid=671333485,Casdocument.aspx?documentid=677819655,,Casdocument.aspx?documentid=620149711,Casdocument.aspx?documentid=677881081,Casdocument.aspx?documentid=123579809,FundDocuments.aspx?query=all&fund=003567,https://danjuanfunds.com/funding/003567
003629,摩根全球多元配置证券投资基金(QDII-FOF)A类,摩根全球多元配置证券投资基金A类,qdii,Overview.aspx?code=003629,Mainland Securities Fund,3,1.8554,2026-10-08,+0.10,-1.49,-0.72,+3.00,+2.32,+1.55,2026-10-08,+7.74,-7.90,+13.37,+10.54,+8.05,Casdocument.aspx?documentid=681230816,Casdocument.aspx?documentid=653344772,Casdocument.aspx?documentid=671362996,Casdocument.aspx?documentid=677794254,,Casdocument.aspx?documentid=676650086,Casdocument.aspx?documentid=681184669,Casdocument.aspx?documentid=658037015,FundDocuments.aspx?query=all&fund=003629,https://danjuanfunds.com/funding/003629
003877,[仅电子渠道]富国久利稳健配置混合型证券投资基金A类,富国久利稳健配置混合型证券投资基金A类,online_only,Overview.aspx?code=003877,Mainland Securities Fund,3,1.3486,2026-10-09,+0.09,-1.05,+1.61,-0.65,+1.35,+3.10,2026-10-09,+3.78,-11.68,+4.53,+12.00,+37.01,Casdocument.aspx?documentid=661819887,Casdocument.aspx?documentid=653238889,Casdocument.aspx?documentid=671445128,Casdocument.aspx?documentid=677796634,,Casdocument.aspx?documentid=605529758,Casdocument.aspx?documentid=661819988,Casdocument.aspx?documentid=658041250,FundDocuments.aspx?query=all&fund=003877,https://danjuanfunds.com/funding/003877
003878,[仅电子渠道]富国久利稳健配置混合型证券投资基金C类,富国久利稳健配置混合型证券投资基金C类,online_only,Overview.aspx?code=003878,Mainland Securities Fund,3,1.3476,2026-10-09,+0.09,-1.05,+1.61,-0.66,+1.35,+3.09,2026-10-09,+3.36,-12.02,+4.28,+11.98,+37.01,Casdocument.aspx?documentid=661819887,Casdocument.aspx?documentid=653238889,Casdocument.aspx?documentid=671445128,Casdocument.aspx?documentid=677796634,,Casdocument.aspx?documentid=605529758,Casdocument.aspx?documentid=661819918,Casdocument.aspx?documentid=658041250,FundDocuments.aspx?query=all&fund=003878,https://danjuanfunds.com/funding/003878
004069,[仅电子渠道]南方中证全指证券公司交易型开放式指数证券投资基金联接基金A类,南方中证全指证券公司交易型开放式指数证券投资基金联接基金A类,online_only,Overview.aspx?code=004069,Mainland Securities Fund,5,1.1195,2026-10-09,+1.99,-4.29,-8.26,+0.47,-17.40,-13.90,2026-10-09,-3.20,-24.95,+4.19,+30.34,+3.83,Casdocument.aspx?documentid=631654044,Casdocument.aspx?documentid=653254428,Casdocument.aspx?documentid=671470979,Casdocument.aspx?documentid=677819889,,Casdocument.aspx?documentid=502656394,Casdocument.aspx?documentid=631651819,Casdocument.aspx?documentid=658045280,FundDocuments.aspx?query=all&fund=004069,https://danjuanfunds.com/funding/004069
004070,[仅电子渠道]南方中证全指证券公司交易型开放式指数证券投资基金联接基金C类,南方中证全指证券公司交易型开放式指数证券投资基金联接基金C类,online_only,Overview.aspx?code=004070,Mainland Securities Fund,5,1.0771,2026-10-09,+1.98,-4.33,-8.36,+0.26,-17.73,-14.17,2026-10-09,-3.59,-25.25,+3.77,+29.82,+3.42,Casdocument.aspx?documentid=631654044,Casdocument.aspx?documentid=653254428,Casdocument.aspx?documentid=671470979,Casdocument.aspx?documentid=677819889,,Casdocument.aspx?documentid=502656394,Casdocument.aspx?documentid=631651918,Casdocument.aspx?documentid=658045280,FundDocuments.aspx?query=all&fund=004070,https://danjuanfunds.com/funding/004070
004137,[仅电子渠道]博时合惠货币市场基金B类,博时合惠货币市场基金B类,online_only,Overview.aspx?code=004137,Mainland Securities Fund,2,1.00,2026-10-09,+0.00,+0.00,+0.02,+0.35,+1.07,+0.74,2026-10-09,+2.68,+2.20,+2.22,+2.01,+1.59,Casdocument.aspx?documentid=682408167,Casdocument.aspx?documentid=653244157,Casdocument.aspx?documentid=671358397,Casdocument.aspx?documentid=677875977,,Casdocument.aspx?documentid=655000831,Casdocument.aspx?documentid=667405383,Casdocument.aspx?documentid=658044850,FundDocuments.aspx?query=all&fund=004137,https://danjuanfunds.com/funding/004137
004194,[仅电子渠道]招商中证1000指数增强型证券投资基金A类,招商中证1000指数增强型证券投资基金A类,online_only,Overview.aspx?code=004194,Mainland Securities Fund,4,2.0235,2026-10-09,+0.60,-3.90,-10.14,-7.90,-4.17,-3.18,2026-10-09,+28.22,-13.01,+1.02,+6.88,+35.52,Casdocument.aspx?documentid=648321727,Casdocument.aspx?documentid=653329689,Casdocument.aspx?documentid=671339749,Casdocument.aspx?documentid=677820208,,Casdocument.aspx?documentid=576501246,Casdocument.aspx?documentid=648322677,Casdocument.aspx?documentid=658034806,FundDocuments.aspx?query=all&fund=004194,https://danjuanfunds.com/funding/004194
004195,[仅电子渠道]招商中证1000指数增强型证券投资基金C类,招商中证1000指数增强型证券投资基金C类,online_only,Overview.aspx?code=004195,Mainland Securities Fund,4,1.9694,2026-10-09,+0.60,-3.93,-10.22,-8.08,-4.55,-3.48,2026-10-09,+27.72,-13.36,+0.62,+6.46,+34.98,Casdocument.aspx?documentid=648321727,Casdocument.aspx?documentid=653329689,Casdocument.aspx?documentid=671339749,Casdocument.aspx?documentid=677820208,,Casdocument.aspx?documentid=576501246,Casdocument.aspx?documentid=648322688,Casdocument.aspx?documentid=658034806,FundDocuments.aspx?query=all&fund=004195,https://danjuanfunds.com/funding/004195
004200,博时富瑞纯债债券型证券投资基金,博时富瑞纯债债券型证券投资基金,,Overview.aspx?code=004200,Mainland Securities Fund,3,1.0896,2026-10-09,+0.03,+0.20,+0.47,+1.03,+2.44,+1.82,2026-10-09,+4.27,+1.23,+4.24,+3.64,+1.44,Casdocument.aspx?documentid=682391679,Casdocument.aspx?documentid=653256234,Casdocument.aspx?documentid=671351262,Casdocument.aspx?documentid=677875883,,Casdocument.aspx?documentid=554397612,Casdocument.aspx?documentid=667405378,Casdocument.aspx?documentid=658034249,FundDocuments.aspx?query=all&fund=004200,https://danjuanfunds.com/funding/004200
004342,南方沪深300交易型开放式指数证券投资基金联接基金C类,南方沪深300交易型开放式指数证券投资基金联接基金C类,,Overview.aspx?code=004342,Mainland Securities Fund,3,1.4588,2026-10-09,+0.18,-5.12,-9.70,-3.13,-5.80,-4.36,2026-10-09,-2.59,-19.17,-9.08,+16.11,+18.57,Casdocument.aspx?documentid=661819321,Casdocument.aspx?documentid=653255830,Casdocument.aspx?documentid=671476743,Casdocument.aspx?documentid=677820241,,Casdocument.aspx?documentid=554888961,Casdocument.aspx?documentid=661820426,Casdocument.aspx?documentid=658042128,FundDocuments.aspx?query=all&fund=004342,https://danjuanfunds.com/funding/004342
004343,[仅电子渠道]南方创业板交易型开放式指数证券投资基金联接基金C类,南方创业板交易型开放式指数证券投资基金联接基金C类,online_only,Overview.aspx?code=004343,Mainland Securities Fund,5,1.5556,2026-10-09,+0.19,-8.79,-23.32,-7.55,-5.93,-4.41,2026-10-09,+12.06,-28.06,-18.06,+14.53,+48.36,Casdocument.aspx?documentid=661823833,Casdocument.aspx?documentid=653254437,Casdocument.aspx?documentid=671470977,Casdocument.aspx?documentid=677820179,,Casdocument.aspx?documentid=554888974,Casdocument.aspx?documentid=661820188,Casdocument.aspx?documentid=658042018,FundDocuments.aspx?query=all&fund=004343,https://danjuanfunds.com/funding/004343
004350,汇丰晋信价值先锋股票型证券投资基金（暂停申购）,汇丰晋信价值先锋股票型证券投资基金,suspended,Overview.aspx?code=004350,Mainland Securities Fund,4,1.8915,2026-10-09,+0.04,-6.32,-12.32,-17.39,-18.77,-15.77,2026-10-09,+32.90,-16.53,+0.62,-0.20,+27.34,Casdocument.aspx?documentid=667849873,Casdocument.aspx?documentid=653240382,Casdocument.aspx?documentid=671379494,Casdocument.aspx?documentid=677783150,,Casdocument.aspx?documentid=578950008,Casdocument.aspx?documentid=667837631,Casdocument.aspx?documentid=658051070,FundDocuments.aspx?query=all&fund=004350,https://danjuanfunds.com/funding/004350
004351,汇丰晋信珠三角区域发展混合型证券投资基金（暂停申购）,汇丰晋信珠三角区域发展混合型证券投资基金,suspended,Overview.aspx?code=004351,Mainland Securities Fund,5,2.1455,2026-10-09,+0.28,-4.47,+1.05,-17.43,-24.53,-22.68,2026-10-09,+18.92,-15.44,+12.42,-1.50,+45.09,Casdocument.aspx?documentid=672238969,Casdocument.aspx?documentid=653244710,Casdocument.aspx?documentid=671379445,Casdocument.aspx?documentid=677785842,,Casdocument.aspx?documentid=667602458,Casdocument.aspx?documentid=672205502,Casdocument.aspx?documentid=658037381,FundDocuments.aspx?query=all&fund=004351,https://danjuanfunds.com/funding/004351
004432,南方中证申万有色金属交易型开放式指数证券投资基金发起式联接基金A类,南方中证申万有色金属交易型开放式指数证券投资基金发起式联接基金A类,,Overview.aspx?code=004432,Mainland Securities Fund,5,1.6286,2026-10-09,+2.24,-10.67,-1.36,-17.35,-4.14,-10.89,2026-10-09,+32.87,-19.74,-10.62,+3.75,+93.35,Casdocument.aspx?documentid=679513758,Casdocument.aspx?documentid=653254403,Casdocument.aspx?documentid=671471053,Casdocument.aspx?documentid=677819047,,Casdocument.aspx?documentid=502656372,Casdocument.aspx?documentid=679523647,Casdocument.aspx?documentid=134780795,FundDocuments.aspx?query=all&fund=004432,https://danjuanfunds.com/funding/004432
004433,南方中证申万有色金属交易型开放式指数证券投资基金发起式联接基金C类,南方中证申万有色金属交易型开放式指数证券投资基金发起式联接基金C类,,Overview.aspx?code=004433,Mainland Securities Fund,5,1.5673,2026-10-09,+2.24,-10.71,-1.46,-17.52,-4.52,-11.16,2026-10-09,+32.34,-20.06,-10.98,+3.35,+92.57,Casdocument.aspx?documentid=679513758,Casdocument.aspx?documentid=653254403,Casdocument.aspx?documentid=671471053,Casdocument.aspx?documentid=677819047,,Casdocument.aspx?documentid=502656372,Casdocument.aspx?documentid=679523605,Casdocument.aspx?documentid=134780795,FundDocuments.aspx?query=all&fund=004433,https://danjuanfunds.com/funding/004433
004451,汇添富双鑫添利债券型证券投资基金A类,汇添富双鑫添利债券型证券投资基金A类,,Overview.aspx?code=004451,Mainland Securities Fund,3,1.2437,2026-10-09,+0.40,-1.54,-1.82,-0.38,-0.42,-0.17,2026-10-09,+0.54,+1.03,+0.09,+8.05,+8.24,Casdocument.aspx?documentid=640949339,Casdocument.aspx?documentid=653325244,Casdocument.aspx?documentid=671369599,Casdocument.aspx?documentid=677816677,,Casdocument.aspx?documentid=611734989,Casdocument.aspx?documentid=641124966,Casdocument.aspx?documentid=129000742,FundDocuments.aspx?query=all&fund=004451,https://danjuanfunds.com/funding/004451
004452,汇添富双鑫添利债券型证券投资基金C类,汇添富双鑫添利债券型证券投资基金C类,,Overview.aspx?code=004452,Mainland Securities Fund,3,1.1893,2026-10-09,+0.41,-1.56,-1.91,-0.57,-0.83,-0.47,2026-10-09,+0.14,+0.61,-0.31,+7.73,+7.78,Casdocument.aspx?documentid=640949339,Casdocument.aspx?documentid=653325244,Casdocument.aspx?documentid=671369599,Casdocument.aspx?documentid=677816677,,Casdocument.aspx?documentid=611734989,Casdocument.aspx?documentid=641125341,Casdocument.aspx?documentid=129000742,FundDocuments.aspx?query=all&fund=004452,https://danjuanfunds.com/funding/004452
004597,[仅电子渠道]南方中证银行交易型开放式指数证券投资基金发起式联接基金A类,南方中证银行交易型开放式指数证券投资基金发起式联接基金A类,online_only,Overview.aspx?code=004597,Mainland Securities Fund,3,1.4329,2026-10-09,-1.01,+1.21,+11.85,+8.36,+9.91,+3.96,2026-10-09,+1.22,-4.29,-2.43,+39.28,+10.50,Casdocument.aspx?documentid=661823774,Casdocument.aspx?documentid=653254485,Casdocument.aspx?documentid=671470964,Casdocument.aspx?documentid=677814988,,Casdocument.aspx?documentid=501380345,Casdocument.aspx?documentid=661820210,Casdocument.aspx?documentid=134041276,FundDocuments.aspx?query=all&fund=004597,https://danjuanfunds.com/funding/004597
004598,[仅电子渠道]南方中证银行交易型开放式指数证券投资基金发起式联接基金C类,南方中证银行交易型开放式指数证券投资基金发起式联接基金C类,online_only,Overview.aspx?code=004598,Mainland Securities Fund,3,1.3867,2026-10-09,-1.01,+1.17,+11.74,+8.14,+9.46,+3.62,2026-10-09,+0.83,-4.68,-2.82,+38.71,+10.07,Casdocument.aspx?documentid=661823774,Casdocument.aspx?documentid=653254485,Casdocument.aspx?documentid=671470964,Casdocument.aspx?documentid=677814988,,Casdocument.aspx?documentid=501380345,Casdocument.aspx?documentid=661820447,Casdocument.aspx?documentid=134041276,FundDocuments.aspx?query=all&fund=004598,https://danjuanfunds.com/funding/004598
004604,[仅电子渠道]富国新活力灵活配置混合型发起式证券投资基金A类,富国新活力灵活配置混合型发起式证券投资基金A类,online_only,Overview.aspx?code=004604,Mainland Securities Fund,4,3.1825,2026-10-09,-0.88,-8.46,-26.00,-9.52,-4.22,-8.84,2026-10-09,+19.16,-17.79,-15.25,+17.97,+49.16,Casdocument.aspx?documentid=667433232,Casdocument.aspx?documentid=653238902,Casdocument.aspx?documentid=671444065,Casdocument.aspx?documentid=677813123,,Casdocument.aspx?documentid=410188967,Casdocument.aspx?documentid=667426087,Casdocument.aspx?documentid=658042771,FundDocuments.aspx?query=all&fund=004604,https://danjuanfunds.com/funding/004604
004605,[仅电子渠道]富国新活力灵活配置混合型发起式证券投资基金C类,富国新活力灵活配置混合型发起式证券投资基金C类,online_only,Overview.aspx?code=004605,Mainland Securities Fund,4,3.0779,2026-10-09,-0.88,-8.50,-26.09,-9.74,-4.70,-9.20,2026-10-09,+18.58,-18.23,-15.66,+17.38,+48.42,Casdocument.aspx?documentid=667433232,Casdocument.aspx?documentid=653238902,Casdocument.aspx?documentid=671444065,Casdocument.aspx?documentid=677813123,,Casdocument.aspx?documentid=410188967,Casdocument.aspx?documentid=667426233,Casdocument.aspx?documentid=658042771,FundDocuments.aspx?query=all&fund=004605,https://danjuanfunds.com/funding/004605
004705,[仅电子渠道]南方祥元债券型证券投资基金A类（暂停申购）,南方祥元债券型证券投资基金A类,"online_only,suspended",Overview.aspx?code=004705,Mainland Securities Fund,3,1.2457,2026-10-09,+0.02,+0.23,+0.58,+1.27,+3.25,+2.50,2026-10-09,+6.30,+2.46,+4.17,+5.36,+0.88,Casdocument.aspx?documentid=667235854,Casdocument.aspx?documentid=653254408,Casdocument.aspx?documentid=671471061,Casdocument.aspx?documentid=677816771,,Casdocument.aspx?documentid=624158521,Casdocument.aspx?documentid=667236134,Casdocument.aspx?documentid=658045807,FundDocuments.aspx?query=all&fund=004705,https://danjuanfunds.com/funding/004705
004706,[仅电子渠道]南方祥元债券型证券投资基金C类（暂停申购）,南方祥元债券型证券投资基金C类,"online_only,suspended",Overview.aspx?code=004706,Mainland Securities Fund,3,1.1977,2026-10-09,+0.01,+0.19,+0.48,+1.05,+2.83,+2.18,2026-10-09,+5.88,+2.05,+3.74,+4.95,+0.47,Casdocument.aspx?documentid=667235854,Casdocument.aspx?documentid=653254408,Casdocument.aspx?documentid=671471061,Casdocument.aspx?documentid=677816771,,Casdocument.aspx?documentid=624158521,Casdocument.aspx?documentid=667236075,Casdocument.aspx?documentid=658045807,FundDocuments.aspx?query=all&fund=004706,https://danjuanfunds.com/funding/004706
004742,[仅电子渠道]易方达深证100交易型开放式指数证券投资基金联接基金C类,易方达深证100交易型开放式指数证券投资基金联接基金C类,online_only,Overview.aspx?code=004742,Mainland Securities Fund,4,1.6254,2026-10-09,+0.21,-8.11,-17.58,-7.34,-8.89,-5.94,2026-10-09,+0.12,-24.27,-15.53,+12.61,+25.91,Casdocument.aspx?documentid=658212642,Casdocument.aspx?documentid=653270636,Casdocument.aspx?documentid=671333445,Casdocument.aspx?documentid=677856944,,Casdocument.aspx?documentid=576497082,Casdocument.aspx?documentid=674589029,Casdocument.aspx?documentid=658038231,FundDocuments.aspx?query=all&fund=004742,https://danjuanfunds.com/funding/004742
005051,摩根标普港股通低波红利指数型证券投资基金A类,摩根标普港股通低波红利指数型证券投资基金A类,,Overview.aspx?code=005051,Mainland Securities Fund,3,1.2485,2026-10-09,+1.03,-2.13,+5.15,-5.14,+0.06,-1.81,2026-10-09,+8.84,-1.07,+1.71,+21.71,+22.87,Casdocument.aspx?documentid=677067686,Casdocument.aspx?documentid=653190686,Casdocument.aspx?documentid=671365773,Casdocument.aspx?documentid=677785851,,Casdocument.aspx?documentid=576482011,Casdocument.aspx?documentid=677068214,Casdocument.aspx?documentid=658034129,FundDocuments.aspx?query=all&fund=005051,https://danjuanfunds.com/funding/005051
005052,摩根标普港股通低波红利指数型证券投资基金C类,摩根标普港股通低波红利指数型证券投资基金C类,,Overview.aspx?code=005052,Mainland Securities Fund,3,1.1967,2026-10-09,+1.03,-2.17,+5.02,-5.38,-0.44,-2.19,2026-10-09,+8.31,-1.57,+1.20,+21.05,+22.26,Casdocument.aspx?documentid=677067686,Casdocument.aspx?documentid=653190686,Casdocument.aspx?documentid=671365773,Casdocument.aspx?documentid=677785851,,Casdocument.aspx?documentid=576482011,Casdocument.aspx?documentid=677068222,Casdocument.aspx?documentid=658034129,FundDocuments.aspx?query=all&fund=005052,https://danjuanfunds.com/funding/005052
005098,易方达龙宝货币市场基金C类,易方达龙宝货币市场基金C类,,Overview.aspx?code=005098,Mainland Securities Fund,2,1.00,2026-10-09,+0.00,+0.08,+0.29,+0.62,+1.32,+1.00,2026-10-09,+2.31,+2.11,+2.28,+1.92,+1.48,Casdocument.aspx?documentid=643243735,Casdocument.aspx?documentid=653284154,Casdocument.aspx?documentid=671330713,Casdocument.aspx?documentid=677856913,,Casdocument.aspx?documentid=370353306,Casdocument.aspx?documentid=674591986,Casdocument.aspx?documentid=73654960,FundDocuments.aspx?query=all&fund=005098,https://danjuanfunds.com/funding/005098
005225,[仅电子渠道]广发量化多因子灵活配置混合型证券投资基金A类,广发量化多因子灵活配置混合型证券投资基金A类,online_only,Overview.aspx?code=005225,Mainland Securities Fund,4,2.362,2026-10-09,+0.84,-2.71,+4.21,-2.45,+3.84,+0.77,2026-10-09,-4.95,-23.91,-1.34,+12.75,+52.72,Casdocument.aspx?documentid=664015556,Casdocument.aspx?documentid=652932033,Casdocument.aspx?documentid=671093463,Casdocument.aspx?documentid=677763901,,Casdocument.aspx?documentid=620812436,Casdocument.aspx?documentid=664005023,Casdocument.aspx?documentid=658050323,FundDocuments.aspx?query=all&fund=005225,https://danjuanfunds.com/funding/005225
005267,嘉实价值精选股票型证券投资基金,嘉实价值精选股票型证券投资基金,,Overview.aspx?code=005267,Mainland Securities Fund,4,2.2452,2026-10-09,+1.04,-3.60,+10.39,-5.17,-3.17,-1.93,2026-10-09,+2.47,-8.68,-7.75,+12.04,+13.94,Casdocument.aspx?documentid=681241883,Casdocument.aspx?documentid=652991119,Casdocument.aspx?documentid=671328031,Casdocument.aspx?documentid=677812926,,Casdocument.aspx?documentid=676656452,Casdocument.aspx?documentid=681192144,Casdocument.aspx?documentid=658048741,FundDocuments.aspx?query=all&fund=005267,https://danjuanfunds.com/funding/005267
005437,[仅电子渠道]易方达易百智能量化策略灵活配置混合型证券投资基金A类,易方达易百智能量化策略灵活配置混合型证券投资基金A类,online_only,Overview.aspx?code=005437,Mainland Securities Fund,5,1.8452,2026-10-09,+0.48,+0.29,+4.43,+10.68,+19.77,+15.91,2026-10-09,+9.41,-17.25,-23.18,+13.31,+50.21,Casdocument.aspx?documentid=669001426,Casdocument.aspx?documentid=653282716,Casdocument.aspx?documentid=671333429,Casdocument.aspx?documentid=677845324,,Casdocument.aspx?documentid=456423334,Casdocument.aspx?documentid=674589060,Casdocument.aspx?documentid=658038088,FundDocuments.aspx?query=all&fund=005437,https://danjuanfunds.com/funding/005437
005438,[仅电子渠道]易方达易百智能量化策略灵活配置混合型证券投资基金C类,易方达易百智能量化策略灵活配置混合型证券投资基金C类,online_only,Overview.aspx?code=005438,Mainland Securities Fund,5,1.7979,2026-10-09,+0.49,+0.27,+4.35,+10.52,+19.42,+15.65,2026-10-09,+9.09,-17.50,-23.41,+12.97,+49.77,Casdocument.aspx?documentid=669001426,Casdocument.aspx?documentid=653282716,Casdocument.aspx?documentid=671333429,Casdocument.aspx?documentid=677845324,,Casdocument.aspx?documentid=456423334,Casdocument.aspx?documentid=674590757,Casdocument.aspx?documentid=658038088,FundDocuments.aspx?query=all&fund=005438,https://danjuanfunds.com/funding/005438
005457,[仅电子渠道]景顺长城量化小盘股票型证券投资基金A类,景顺长城量化小盘股票型证券投资基金A类,online_only,Overview.aspx?code=005457,Mainland Securities Fund,4,1.8785,2026-10-09,+0.10,-4.91,-10.22,-3.96,+4.20,+2.32,2026-10-09,+31.98,-17.50,-2.89,+8.27,+40.63,Casdocument.aspx?documentid=662234528,Casdocument.aspx?documentid=652388264,Casdocument.aspx?documentid=671333227,Casdocument.aspx?documentid=677453975,,Casdocument.aspx?documentid=588571131,Casdocument.aspx?documentid=662234690,Casdocument.aspx?documentid=156860668,FundDocuments.aspx?query=all&fund=005457,https://danjuanfunds.com/funding/005457
005554,[仅电子渠道]南方恒生中国企业交易型开放式指数证券投资基金联接基金A类,南方恒生中国企业交易型开放式指数证券投资基金联接基金A类,online_only,Overview.aspx?code=005554,Mainland Securities Fund,5,0.8684,2026-10-09,+1.76,-3.02,+1.11,-6.86,-18.95,-12.76,2026-10-09,-18.67,-7.24,-14.44,+33.11,+20.73,Casdocument.aspx?documentid=647630813,Casdocument.aspx?documentid=653254390,Casdocument.aspx?documentid=671472867,Casdocument.aspx?documentid=677820376,,Casdocument.aspx?documentid=576738912,Casdocument.aspx?documentid=647639737,Casdocument.aspx?documentid=157719897,FundDocuments.aspx?query=all&fund=005554,https://danjuanfunds.com/funding/005554
005555,[仅电子渠道]南方恒生中国企业交易型开放式指数证券投资基金联接基金C类,南方恒生中国企业交易型开放式指数证券投资基金联接基金C类,online_only,Overview.aspx?code=005555,Mainland Securities Fund,5,0.8389,2026-10-09,+1.77,-3.04,+1.01,-7.04,-19.27,-13.02,2026-10-09,-18.99,-7.61,-14.78,+32.60,+20.23,Casdocument.aspx?documentid=647630813,Casdocument.aspx?documentid=653254390,Casdocument.aspx?documentid=671472867,Casdocument.aspx?documentid=677820376,,Casdocument.aspx?documentid=576738912,Casdocument.aspx?documentid=647639704,Casdocument.aspx?documentid=157719897,FundDocuments.aspx?query=all&fund=005555,https://danjuanfunds.com/funding/005555
005658,[仅电子渠道]华夏沪深300交易型开放式指数证券投资基金联接基金C类,华夏沪深300交易型开放式指数证券投资基金联接基金C类,online_only,Overview.aspx?code=005658,Mainland Securities Fund,4,1.6151,2026-10-09,+0.17,-5.14,-10.15,-3.67,-6.02,-4.90,2026-10-09,-3.56,-19.44,-9.26,+16.46,+19.51,Casdocument.aspx?documentid=663022813,Casdocument.aspx?documentid=653283478,Casdocument.aspx?documentid=671335713,Casdocument.aspx?documentid=677819155,,Casdocument.aspx?documentid=554675066,Casdocument.aspx?documentid=663039407,Casdocument.aspx?documentid=46257504,FundDocuments.aspx?query=all&fund=005658,https://danjuanfunds.com/funding/005658
005660,[仅电子渠道]嘉实资源精选股票型发起式证券投资基金A类,嘉实资源精选股票型发起式证券投资基金A类,online_only,Overview.aspx?code=005660,Mainland Securities Fund,4,4.7278,2026-10-09,+2.92,-9.62,+14.58,-13.91,+5.33,-7.32,2026-10-09,+11.04,-2.16,-1.40,+10.21,+93.46,Casdocument.aspx?documentid=681241877,Casdocument.aspx?documentid=652986815,Casdocument.aspx?documentid=671328014,Casdocument.aspx?documentid=677809341,,Casdocument.aspx?documentid=676656592,Casdocument.aspx?documentid=681191987,Casdocument.aspx?documentid=177936730,FundDocuments.aspx?query=all&fund=005660,https://danjuanfunds.com/funding/005660
005661,[仅电子渠道]嘉实资源精选股票型发起式证券投资基金C类,嘉实资源精选股票型发起式证券投资基金C类,online_only,Overview.aspx?code=005661,Mainland Securities Fund,4,4.5483,2026-10-09,+2.92,-9.66,+14.43,-14.13,+4.82,-7.67,2026-10-09,+10.49,-2.65,-1.89,+9.67,+92.50,Casdocument.aspx?documentid=681241877,Casdocument.aspx?documentid=652986815,Casdocument.aspx?documentid=671328014,Casdocument.aspx?documentid=677809341,,Casdocument.aspx?documentid=676656592,Casdocument.aspx?documentid=681192071,Casdocument.aspx?documentid=177936730,FundDocuments.aspx?query=all&fund=005661,https://danjuanfunds.com/funding/005661
005675,[仅电子渠道]易方达恒生中国企业交易型开放式指数证券投资基金联接基金C类(人民币份额),易方达恒生中国企业交易型开放式指数证券投资基金联接基金C类(人民币份额),online_only,Overview.aspx?code=005675,Mainland Securities Fund,5,1.0058,2026-10-09,+1.69,-2.89,+1.01,-5.96,-18.19,-11.93,2026-10-09,-23.13,-8.77,-10.87,+28.94,+20.21,Casdocument.aspx?documentid=643243809,Casdocument.aspx?documentid=653265043,Casdocument.aspx?documentid=671343803,Casdocument.aspx?documentid=677845965,,Casdocument.aspx?documentid=576498099,Casdocument.aspx?documentid=674592009,Casdocument.aspx?documentid=658034553,FundDocuments.aspx?query=all&fund=005675,https://danjuanfunds.com/funding/005675
005698,华夏全球科技先锋混合型证券投资基金（QDII）人民币A类,华夏全球科技先锋混合型证券投资基金人民币A类,qdii,Overview.aspx?code=005698,Mainland Securities Fund,5,2.6083,2026-10-08,-3.14,-3.34,-22.29,-2.13,+23.24,+21.45,2026-10-08,-4.78,-38.17,+58.19,+34.65,+15.49,Casdocument.aspx?documentid=663024108,Casdocument.aspx?documentid=653240476,Casdocument.aspx?documentid=671330828,Casdocument.aspx?documentid=677875973,,Casdocument.aspx?documentid=588370761,Casdocument.aspx?documentid=663040020,Casdocument.aspx?documentid=658034397,FundDocuments.aspx?query=all&fund=005698,https://danjuanfunds.com/funding/005698
005707,[仅电子渠道]富国港股通量化精选股票型证券投资基金A类,富国港股通量化精选股票型证券投资基金A类,online_only,Overview.aspx?code=005707,Mainland Securities Fund,4,1.2342,2026-10-09,+1.41,-4.27,-0.57,-6.49,-14.00,-8.10,2026-10-09,-15.72,-9.57,-6.00,+27.52,+31.67,Casdocument.aspx?documentid=663320456,Casdocument.aspx?documentid=653238946,Casdocument.aspx?documentid=671445469,Casdocument.aspx?documentid=677813100,,Casdocument.aspx?documentid=658440015,Casdocument.aspx?documentid=663319260,Casdocument.aspx?documentid=658050673,FundDocuments.aspx?query=all&fund=005707,https://danjuanfunds.com/funding/005707
005737,博时上证50交易型开放式指数证券投资基金联接基金C类,博时上证50交易型开放式指数证券投资基金联接基金C类,,Overview.aspx?code=005737,Mainland Securities Fund,4,1.3057,2026-10-09,+0.10,-3.09,-4.78,+0.39,-2.34,-3.55,2026-10-09,-6.58,-16.22,-8.07,+17.43,+16.04,Casdocument.aspx?documentid=682408204,Casdocument.aspx?documentid=653254060,Casdocument.aspx?documentid=671350337,Casdocument.aspx?documentid=677783231,,Casdocument.aspx?documentid=547567319,Casdocument.aspx?documentid=667408565,Casdocument.aspx?documentid=658036277,FundDocuments.aspx?query=all&fund=005737,https://danjuanfunds.com/funding/005737
005867,[仅电子渠道]国泰沪深300指数证券投资基金C类,国泰沪深300指数证券投资基金C类,online_only,Overview.aspx?code=005867,Mainland Securities Fund,4,1.1648,2026-10-09,+0.16,-5.02,-9.46,-2.58,-4.65,-3.78,2026-10-09,-1.67,-18.16,-8.90,+16.48,+19.92,Casdocument.aspx?documentid=681209169,Casdocument.aspx?documentid=652948405,Casdocument.aspx?documentid=671459531,Casdocument.aspx?documentid=677875932,,Casdocument.aspx?documentid=576480804,Casdocument.aspx?documentid=681280085,Casdocument.aspx?documentid=5984644,FundDocuments.aspx?query=all&fund=005867,https://danjuanfunds.com/funding/005867
005970,国泰消费优选股票型证券投资基金,国泰消费优选股票型证券投资基金,,Overview.aspx?code=005970,Mainland Securities Fund,4,1.7523,2026-10-09,+0.47,-2.38,+5.64,-7.45,-20.71,-15.82,2026-10-09,-0.03,-11.38,+1.19,+16.35,+6.64,Casdocument.aspx?documentid=620826982,Casdocument.aspx?documentid=652958764,Casdocument.aspx?documentid=671329415,Casdocument.aspx?documentid=677793664,,Casdocument.aspx?documentid=460341269,Casdocument.aspx?documentid=620811591,Casdocument.aspx?documentid=658048695,FundDocuments.aspx?query=all&fund=005970,https://danjuanfunds.com/funding/005970
006075,博时标普500交易型开放式指数证券投资基金联接基金（QDII）C类人民币基金份额,博时标普500交易型开放式指数证券投资基金联接基金C类人民币基金份额,qdii,Overview.aspx?code=006075,Mainland Securities Fund,4,5.4472,2026-10-08,+1.44,+0.62,+2.66,+11.80,+9.84,+8.44,2026-10-08,+22.39,-12.20,+23.92,+21.46,+13.24,Casdocument.aspx?documentid=682406616,Casdocument.aspx?documentid=653253494,Casdocument.aspx?documentid=671354126,Casdocument.aspx?documentid=677796141,,Casdocument.aspx?documentid=576482956,Casdocument.aspx?documentid=667408098,Casdocument.aspx?documentid=658047384,FundDocuments.aspx?query=all&fund=006075,https://danjuanfunds.com/funding/006075
006248,华夏创业板交易型开放式指数证券投资基金A类,华夏创业板交易型开放式指数证券投资基金A类,,Overview.aspx?code=006248,Mainland Securities Fund,5,1.8221,2026-10-09,+0.23,-8.71,-22.99,-7.61,-6.33,-4.59,2026-10-09,+14.66,-27.49,-17.81,+13.73,+47.67,Casdocument.aspx?documentid=675769718,Casdocument.aspx?documentid=653240456,Casdocument.aspx?documentid=671330868,Casdocument.aspx?documentid=677875982,,Casdocument.aspx?documentid=611137989,Casdocument.aspx?documentid=675769918,Casdocument.aspx?documentid=658036498,FundDocuments.aspx?query=all&fund=006248,https://danjuanfunds.com/funding/006248
006319,[仅电子渠道]易方达安瑞短债债券型证券投资基金A类,易方达安瑞短债债券型证券投资基金A类,online_only,Overview.aspx?code=006319,Mainland Securities Fund,3,1.0059,2026-10-09,+0.00,+0.12,+0.32,+0.62,+1.43,+1.09,2026-10-09,+2.74,+2.08,+3.23,+2.38,+1.57,Casdocument.aspx?documentid=658212624,Casdocument.aspx?documentid=653282685,Casdocument.aspx?documentid=671333314,Casdocument.aspx?documentid=677845334,,Casdocument.aspx?documentid=482491400,Casdocument.aspx?documentid=674591033,Casdocument.aspx?documentid=658045426,FundDocuments.aspx?query=all&fund=006319,https://danjuanfunds.com/funding/006319
006320,[仅电子渠道]易方达安瑞短债债券型证券投资基金C类,易方达安瑞短债债券型证券投资基金C类,online_only,Overview.aspx?code=006320,Mainland Securities Fund,3,1.0058,2026-10-09,+0.00,+0.11,+0.27,+0.52,+1.23,+0.93,2026-10-09,+2.53,+1.88,+3.01,+2.18,+1.37,Casdocument.aspx?documentid=658212624,Casdocument.aspx?documentid=653282685,Casdocument.aspx?documentid=671333314,Casdocument.aspx?documentid=677845334,,Casdocument.aspx?documentid=482491400,Casdocument.aspx?documentid=674588826,Casdocument.aspx?documentid=658045426,FundDocuments.aspx?query=all&fund=006320,https://danjuanfunds.com/funding/006320
006327,[仅电子渠道]易方达中证海外中国互联网50交易型开放式指数证券投资基金联接基金A类(人民币份额),易方达中证海外中国互联网50交易型开放式指数证券投资基金联接基金A类(人民币份额),online_only,Overview.aspx?code=006327,Mainland Securities Fund,5,0.7799,2026-10-08,-2.93,-6.39,-10.56,-19.28,-41.95,-31.95,2026-10-08,-39.58,-15.60,-9.14,+23.72,+26.36,Casdocument.aspx?documentid=663320135,Casdocument.aspx?documentid=653282699,Casdocument.aspx?documentid=671333455,Casdocument.aspx?documentid=677845961,,Casdocument.aspx?documentid=576495642,Casdocument.aspx?documentid=674588738,Casdocument.aspx?documentid=658036111,FundDocuments.aspx?query=all&fund=006327,https://danjuanfunds.com/funding/006327
006328,[仅电子渠道]易方达中证海外中国互联网50交易型开放式指数证券投资基金联接基金C类(人民币份额),易方达中证海外中国互联网50交易型开放式指数证券投资基金联接基金C类(人民币份额),online_only,Overview.aspx?code=006328,Mainland Securities Fund,5,0.7527,2026-10-08,-2.93,-6.42,-10.65,-19.44,-42.18,-32.15,2026-10-08,-39.80,-15.95,-9.50,+23.22,+25.87,Casdocument.aspx?documentid=663320135,Casdocument.aspx?documentid=653282699,Casdocument.aspx?documentid=671333455,Casdocument.aspx?documentid=677845961,,Casdocument.aspx?documentid=576495642,Casdocument.aspx?documentid=674590304,Casdocument.aspx?documentid=658036111,FundDocuments.aspx?query=all&fund=006328,https://danjuanfunds.com/funding/006328
006332,[仅电子渠道]招商金鸿债券型证券投资基金A类,招商金鸿债券型证券投资基金A类,online_only,Overview.aspx?code=006332,Mainland Securities Fund,3,1.2445,2026-10-09,+0.10,-0.65,-1.31,-0.02,+2.37,+1.97,2026-10-09,+6.20,+2.16,+3.98,+4.42,+5.34,Casdocument.aspx?documentid=681240331,Casdocument.aspx?documentid=653325864,Casdocument.aspx?documentid=671456407,Casdocument.aspx?documentid=677812768,,Casdocument.aspx?documentid=676656303,Casdocument.aspx?documentid=681189223,Casdocument.aspx?documentid=379345112,FundDocuments.aspx?query=all&fund=006332,https://danjuanfunds.com/funding/006332
006333,[仅电子渠道]招商金鸿债券型证券投资基金C类,招商金鸿债券型证券投资基金C类,online_only,Overview.aspx?code=006333,Mainland Securities Fund,3,1.2243,2026-10-09,+0.11,-0.67,-1.39,-0.17,+2.06,+1.73,2026-10-09,+5.88,+1.85,+3.67,+4.09,+5.02,Casdocument.aspx?documentid=681240331,Casdocument.aspx?documentid=653325864,Casdocument.aspx?documentid=671456407,Casdocument.aspx?documentid=677812768,,Casdocument.aspx?documentid=676656303,Casdocument.aspx?documentid=681189344,Casdocument.aspx?documentid=379345112,FundDocuments.aspx?query=all&fund=006333,https://danjuanfunds.com/funding/006333
006409,[仅电子渠道]富国中债-1-3年国开行债券指数证券投资基金A类,富国中债-1-3年国开行债券指数证券投资基金A类,online_only,Overview.aspx?code=006409,Mainland Securities Fund,2,1.065,2026-10-09,+0.00,+0.11,+0.33,+0.91,+2.11,+1.63,2026-10-09,+3.60,+2.52,+3.03,+4.71,+0.91,Casdocument.aspx?documentid=650827562,Casdocument.aspx?documentid=653238821,Casdocument.aspx?documentid=671445671,Casdocument.aspx?documentid=677813039,,Casdocument.aspx?documentid=576491473,Casdocument.aspx?documentid=650828327,Casdocument.aspx?documentid=603969511,FundDocuments.aspx?query=all&fund=006409,https://danjuanfunds.com/funding/006409
006475,国泰嘉睿纯债债券型证券投资基金A类,国泰嘉睿纯债债券型证券投资基金A类,,Overview.aspx?code=006475,Mainland Securities Fund,3,1.0868,2026-10-09,+0.06,+0.40,+0.96,+1.82,+2.96,+2.67,2026-10-09,+3.76,+2.62,+3.49,+9.24,-0.12,Casdocument.aspx?documentid=632715729,Casdocument.aspx?documentid=652948492,Casdocument.aspx?documentid=671458014,Casdocument.aspx?documentid=677780011,,Casdocument.aspx?documentid=534260912,Casdocument.aspx?documentid=632717775,Casdocument.aspx?documentid=658050744,FundDocuments.aspx?query=all&fund=006475,https://danjuanfunds.com/funding/006475
006484,[仅电子渠道]广发中债1-3年国开行债券指数证券投资基金A类,广发中债1-3年国开行债券指数证券投资基金A类,online_only,Overview.aspx?code=006484,Mainland Securities Fund,2,1.0577,2026-10-09,+0.01,+0.16,+0.46,+1.31,+2.47,+2.10,2026-10-09,+3.84,+2.69,+3.33,+5.75,+0.29,Casdocument.aspx?documentid=662466909,Casdocument.aspx?documentid=652944395,Casdocument.aspx?documentid=671093685,Casdocument.aspx?documentid=677773580,,Casdocument.aspx?documentid=576494514,Casdocument.aspx?documentid=659466655,Casdocument.aspx?documentid=658047813,FundDocuments.aspx?query=all&fund=006484,https://danjuanfunds.com/funding/006484
006485,[仅电子渠道]广发中债1-3年国开行债券指数证券投资基金C类,广发中债1-3年国开行债券指数证券投资基金C类,online_only,Overview.aspx?code=006485,Mainland Securities Fund,2,1.0575,2026-10-09,+0.02,+0.15,+0.45,+1.27,+2.36,+2.02,2026-10-09,+3.73,+2.58,+3.26,+5.64,+0.18,Casdocument.aspx?documentid=662466909,Casdocument.aspx?documentid=652944395,Casdocument.aspx?documentid=671093685,Casdocument.aspx?documentid=677773580,,Casdocument.aspx?documentid=576494514,Casdocument.aspx?documentid=659466715,Casdocument.aspx?documentid=658047813,FundDocuments.aspx?query=all&fund=006485,https://danjuanfunds.com/funding/006485
006533,[仅电子渠道]易方达科融混合型证券投资基金,易方达科融混合型证券投资基金,online_only,Overview.aspx?code=006533,Mainland Securities Fund,5,7.5399,2026-10-09,-1.39,-10.47,-21.21,+9.31,+26.27,+18.35,2026-10-09,+58.03,-21.76,-9.57,+24.56,+119.05,Casdocument.aspx?documentid=667434012,Casdocument.aspx?documentid=653282673,Casdocument.aspx?documentid=671333404,Casdocument.aspx?documentid=677846185,,Casdocument.aspx?documentid=456507694,Casdocument.aspx?documentid=674589909,Casdocument.aspx?documentid=658048839,FundDocuments.aspx?query=all&fund=006533,https://danjuanfunds.com/funding/006533
006535,恒生前海恒锦裕利混合型证券投资基金A（暂停申购）,恒生前海恒锦裕利混合型证券投资基金A,suspended,Overview.aspx?code=006535,Mainland Securities Fund,3,1.3409,2026-10-09,-0.33,-3.54,-7.11,+0.96,+6.83,+5.57,2026-10-09,+0.69,-2.31,+6.74,+3.91,+5.12,Casdocument.aspx?documentid=658211391,Casdocument.aspx?documentid=653282730,Casdocument.aspx?documentid=671102433,Casdocument.aspx?documentid=677446940,,Casdocument.aspx?documentid=415149835,Casdocument.aspx?documentid=658246547,Casdocument.aspx?documentid=658045968,FundDocuments.aspx?query=all&fund=006535,https://danjuanfunds.com/funding/006535
006591,[仅电子渠道]广发景明中短债债券型证券投资基金A类,广发景明中短债债券型证券投资基金A类,online_only,Overview.aspx?code=006591,Mainland Securities Fund,3,1.0289,2026-10-09,+0.01,+0.17,+0.42,+0.80,+1.96,+1.47,2026-10-09,+3.85,+2.08,+3.42,+3.08,+1.70,Casdocument.aspx?documentid=662466877,Casdocument.aspx?documentid=652939585,Casdocument.aspx?documentid=671093197,Casdocument.aspx?documentid=677783198,,Casdocument.aspx?documentid=342713551,Casdocument.aspx?documentid=659466325,Casdocument.aspx?documentid=553273620,FundDocuments.aspx?query=all&fund=006591,https://danjuanfunds.com/funding/006591
006592,[仅电子渠道]广发景明中短债债券型证券投资基金C类,广发景明中短债债券型证券投资基金C类,online_only,Overview.aspx?code=006592,Mainland Securities Fund,3,1.0258,2026-10-09,+0.01,+0.13,+0.31,+0.60,+1.55,+1.15,2026-10-09,+3.54,+1.86,+3.00,+2.66,+1.29,Casdocument.aspx?documentid=662466877,Casdocument.aspx?documentid=652939585,Casdocument.aspx?documentid=671093197,Casdocument.aspx?documentid=677783198,,Casdocument.aspx?documentid=342713551,Casdocument.aspx?documentid=659466646,Casdocument.aspx?documentid=553273620,FundDocuments.aspx?query=all&fund=006592,https://danjuanfunds.com/funding/006592
006629,招商鑫悦中短债债券型证券投资基金A类,招商鑫悦中短债债券型证券投资基金A类,,Overview.aspx?code=006629,Mainland Securities Fund,3,1.1869,2026-10-09,+0.02,+0.17,+0.46,+0.88,+1.88,+1.53,2026-10-09,+5.33,+2.01,+3.75,+3.38,+1.26,Casdocument.aspx?documentid=681240892,Casdocument.aspx?documentid=653325565,Casdocument.aspx?documentid=671455465,Casdocument.aspx?documentid=677816280,,Casdocument.aspx?documentid=676656813,Casdocument.aspx?documentid=681189814,Casdocument.aspx?documentid=379345358,FundDocuments.aspx?query=all&fund=006629,https://danjuanfunds.com/funding/006629
006630,招商鑫悦中短债债券型证券投资基金C类,招商鑫悦中短债债券型证券投资基金C类,,Overview.aspx?code=006630,Mainland Securities Fund,3,1.1729,2026-10-09,+0.02,+0.15,+0.40,+0.78,+1.68,+1.37,2026-10-09,+5.11,+1.80,+3.55,+3.17,+1.07,Casdocument.aspx?documentid=681240892,Casdocument.aspx?documentid=653325565,Casdocument.aspx?documentid=671455465,Casdocument.aspx?documentid=677816280,,Casdocument.aspx?documentid=676656813,Casdocument.aspx?documentid=681189858,Casdocument.aspx?documentid=379345358,FundDocuments.aspx?query=all&fund=006630,https://danjuanfunds.com/funding/006630
006662,[仅电子渠道]易方达安悦超短债债券型证券投资基金A类,易方达安悦超短债债券型证券投资基金A类,online_only,Overview.aspx?code=006662,Mainland Securities Fund,3,1.0137,2026-10-09,+0.01,+0.12,+0.34,+0.66,+1.46,+1.12,2026-10-09,+3.04,+2.25,+2.84,+2.32,+1.46,Casdocument.aspx?documentid=663320499,Casdocument.aspx?documentid=653282726,Casdocument.aspx?documentid=671330693,Casdocument.aspx?documentid=677845633,,Casdocument.aspx?documentid=313178464,Casdocument.aspx?documentid=674589887,Casdocument.aspx?documentid=658034351,FundDocuments.aspx?query=all&fund=006662,https://danjuanfunds.com/funding/006662
006663,[仅电子渠道]易方达安悦超短债债券型证券投资基金C类,易方达安悦超短债债券型证券投资基金C类,online_only,Overview.aspx?code=006663,Mainland Securities Fund,3,1.0126,2026-10-09,+0.01,+0.11,+0.30,+0.59,+1.30,+1.00,2026-10-09,+2.90,+2.10,+2.68,+2.13,+1.29,Casdocument.aspx?documentid=663320499,Casdocument.aspx?documentid=653282726,Casdocument.aspx?documentid=671330693,Casdocument.aspx?documentid=677845633,,Casdocument.aspx?documentid=313178464,Casdocument.aspx?documentid=674589826,Casdocument.aspx?documentid=658034351,FundDocuments.aspx?query=all&fund=006663,https://danjuanfunds.com/funding/006663
006668,[仅电子渠道]华夏中短债债券型证券投资基金A类,华夏中短债债券型证券投资基金A类,online_only,Overview.aspx?code=006668,Mainland Securities Fund,3,1.2077,2026-10-09,+0.05,+0.25,+0.62,+1.25,+2.47,+1.95,2026-10-09,+4.68,+1.39,+4.18,+4.51,+1.37,Casdocument.aspx?documentid=663024304,Casdocument.aspx?documentid=653240645,Casdocument.aspx?documentid=671330548,Casdocument.aspx?documentid=677818549,,Casdocument.aspx?documentid=333595265,Casdocument.aspx?documentid=663038504,Casdocument.aspx?documentid=202590913,FundDocuments.aspx?query=all&fund=006668,https://danjuanfunds.com/funding/006668
006672,[仅电子渠道]广发招财短债债券型证券投资基金A类（暂停申购）,广发招财短债债券型证券投资基金A类,"online_only,suspended",Overview.aspx?code=006672,Mainland Securities Fund,3,1.0133,2026-10-09,+0.01,+0.10,+0.29,+0.58,+1.37,+1.04,2026-10-09,+2.46,+2.58,+3.41,+2.63,+1.38,Casdocument.aspx?documentid=659467430,Casdocument.aspx?documentid=652935261,Casdocument.aspx?documentid=671093761,Casdocument.aspx?documentid=677759744,,Casdocument.aspx?documentid=342713500,Casdocument.aspx?documentid=659466360,Casdocument.aspx?documentid=658050640,FundDocuments.aspx?query=all&fund=006672,https://danjuanfunds.com/funding/006672
006673,[仅电子渠道]广发招财短债债券型证券投资基金C类（暂停申购）,广发招财短债债券型证券投资基金C类,"online_only,suspended",Overview.aspx?code=006673,Mainland Securities Fund,3,1.0047,2026-10-09,+0.00,+0.07,+0.19,+0.40,+1.01,+0.75,2026-10-09,+2.10,+2.22,+3.04,+2.28,+1.04,Casdocument.aspx?documentid=659467430,Casdocument.aspx?documentid=652935261,Casdocument.aspx?documentid=671093761,Casdocument.aspx?documentid=677759744,,Casdocument.aspx?documentid=342713500,Casdocument.aspx?documentid=659466357,Casdocument.aspx?documentid=658050640,FundDocuments.aspx?query=all&fund=006673,https://danjuanfunds.com/funding/006673
006724,[仅电子渠道]工银瑞信深证红利交易型开放式指数证券投资基金联接基金C类,工银瑞信深证红利交易型开放式指数证券投资基金联接基金C类,online_only,Overview.aspx?code=006724,Mainland Securities Fund,4,0.973,2026-10-09,+0.86,-5.81,-4.19,-13.26,-13.63,-13.33,2026-10-09,-12.32,-18.44,-8.99,+9.26,+8.34,Casdocument.aspx?documentid=632996442,Casdocument.aspx?documentid=653179925,Casdocument.aspx?documentid=671377867,Casdocument.aspx?documentid=677795839,,Casdocument.aspx?documentid=331310363,Casdocument.aspx?documentid=632966547,Casdocument.aspx?documentid=658049381,FundDocuments.aspx?query=all&fund=006724,https://danjuanfunds.com/funding/006724
006733,[仅电子渠道]博时创业板交易型开放式指数证券投资基金联接基金C类,博时创业板交易型开放式指数证券投资基金联接基金C类,online_only,Overview.aspx?code=006733,Mainland Securities Fund,5,2.6273,2026-10-09,+0.21,-8.62,-22.63,-7.07,-5.43,-3.86,2026-10-09,+13.21,-26.97,-17.87,+12.70,+47.74,Casdocument.aspx?documentid=682406884,Casdocument.aspx?documentid=653285422,Casdocument.aspx?documentid=671354336,Casdocument.aspx?documentid=677793822,,Casdocument.aspx?documentid=554674971,Casdocument.aspx?documentid=667415868,Casdocument.aspx?documentid=658042089,FundDocuments.aspx?query=all&fund=006733,https://danjuanfunds.com/funding/006733
006781,汇丰晋信港股通精选股票型证券投资基金（暂停申购）,汇丰晋信港股通精选股票型证券投资基金,suspended,Overview.aspx?code=006781,Mainland Securities Fund,4,0.8065,2026-10-09,+1.01,-5.41,-6.25,-17.23,-34.21,-22.53,2026-10-09,-17.70,-9.16,-23.12,+11.56,+35.83,Casdocument.aspx?documentid=667849855,Casdocument.aspx?documentid=653229209,Casdocument.aspx?documentid=671379446,Casdocument.aspx?documentid=677783232,,Casdocument.aspx?documentid=558523272,Casdocument.aspx?documentid=667837601,Casdocument.aspx?documentid=658045554,FundDocuments.aspx?query=all&fund=006781,https://danjuanfunds.com/funding/006781
006834,[仅电子渠道]工银瑞信尊享短债债券型证券投资基金A类（暂停申购）,工银瑞信尊享短债债券型证券投资基金A类,"online_only,suspended",Overview.aspx?code=006834,Mainland Securities Fund,2,1.166,2026-10-09,+0.02,+0.18,+0.50,+1.00,+2.24,+1.67,2026-10-09,+3.42,+2.12,+3.31,+3.19,+1.49,Casdocument.aspx?documentid=632928784,Casdocument.aspx?documentid=653198775,Casdocument.aspx?documentid=671377817,Casdocument.aspx?documentid=677792306,,Casdocument.aspx?documentid=511042459,Casdocument.aspx?documentid=632963116,Casdocument.aspx?documentid=658048597,FundDocuments.aspx?query=all&fund=006834,https://danjuanfunds.com/funding/006834
007105,[仅电子渠道]国泰丰鑫纯债债券型证券投资基金A类,国泰丰鑫纯债债券型证券投资基金A类,online_only,Overview.aspx?code=007105,Mainland Securities Fund,3,1.0141,2026-10-09,+0.02,+0.21,+0.63,+1.28,+2.74,+2.15,2026-10-09,+5.47,+1.78,+5.51,+4.29,+1.52,Casdocument.aspx?documentid=632710050,Casdocument.aspx?documentid=652948246,Casdocument.aspx?documentid=671458855,Casdocument.aspx?documentid=677794532,,Casdocument.aspx?documentid=534505383,Casdocument.aspx?documentid=632717751,Casdocument.aspx?documentid=658042338,FundDocuments.aspx?query=all&fund=007105,https://danjuanfunds.com/funding/007105
007147,博时中债1-3年国开行债券指数证券投资基金A类,博时中债1-3年国开行债券指数证券投资基金A类,,Overview.aspx?code=007147,Mainland Securities Fund,2,1.0298,2026-10-09,+0.03,+0.21,+0.45,+1.26,+2.26,+1.85,2026-10-09,+3.65,+2.70,+2.90,+4.45,+0.51,Casdocument.aspx?documentid=682408321,Casdocument.aspx?documentid=653262312,Casdocument.aspx?documentid=671351870,Casdocument.aspx?documentid=677794723,,Casdocument.aspx?documentid=576483226,Casdocument.aspx?documentid=667405412,Casdocument.aspx?documentid=658047359,FundDocuments.aspx?query=all&fund=007147,https://danjuanfunds.com/funding/007147
007148,博时中债1-3年国开行债券指数证券投资基金C类,博时中债1-3年国开行债券指数证券投资基金C类,,Overview.aspx?code=007148,Mainland Securities Fund,2,1.0283,2026-10-09,+0.04,+0.21,+0.42,+1.20,+2.15,+1.77,2026-10-09,+3.41,+2.59,+2.80,+4.33,+0.41,Casdocument.aspx?documentid=682408321,Casdocument.aspx?documentid=653262312,Casdocument.aspx?documentid=671351870,Casdocument.aspx?documentid=677794723,,Casdocument.aspx?documentid=576483226,Casdocument.aspx?documentid=667405392,Casdocument.aspx?documentid=658047359,FundDocuments.aspx?query=all&fund=007148,https://danjuanfunds.com/funding/007148
007291,汇丰晋信港股通双核策略混合型证券投资基金（暂停申购）,汇丰晋信港股通双核策略混合型证券投资基金,suspended,Overview.aspx?code=007291,Mainland Securities Fund,5,1.2016,2026-10-09,+1.32,-4.09,-5.45,-25.39,-30.41,-33.23,2026-10-09,-14.02,-22.91,-16.01,+27.01,+55.08,Casdocument.aspx?documentid=681216034,Casdocument.aspx?documentid=653229156,Casdocument.aspx?documentid=671379536,Casdocument.aspx?documentid=677786409,,Casdocument.aspx?documentid=676654045,Casdocument.aspx?documentid=681169846,Casdocument.aspx?documentid=658036042,FundDocuments.aspx?query=all&fund=007291,https://danjuanfunds.com/funding/007291
007329,摩根瑞益纯债债券型证券投资基金A类,摩根瑞益纯债债券型证券投资基金A类,,Overview.aspx?code=007329,Mainland Securities Fund,3,1.1687,2026-10-09,+0.02,+0.25,+0.63,+1.40,+2.63,+2.18,2026-10-09,+3.77,+2.68,+2.80,+3.07,+1.92,Casdocument.aspx?documentid=681230839,Casdocument.aspx?documentid=653344795,Casdocument.aspx?documentid=671368162,Casdocument.aspx?documentid=677794587,,Casdocument.aspx?documentid=676650234,Casdocument.aspx?documentid=681280757,Casdocument.aspx?documentid=658037059,FundDocuments.aspx?query=all&fund=007329,https://danjuanfunds.com/funding/007329
007330,摩根瑞益纯债债券型证券投资基金C类,摩根瑞益纯债债券型证券投资基金C类,,Overview.aspx?code=007330,Mainland Securities Fund,3,1.1585,2026-10-09,+0.02,+0.23,+0.61,+1.35,+2.54,+2.10,2026-10-09,+3.64,+2.56,+2.73,+2.99,+1.82,Casdocument.aspx?documentid=681230839,Casdocument.aspx?documentid=653344795,Casdocument.aspx?documentid=671368162,Casdocument.aspx?documentid=677794587,,Casdocument.aspx?documentid=676650234,Casdocument.aspx?documentid=681280798,Casdocument.aspx?documentid=658037059,FundDocuments.aspx?query=all&fund=007330,https://danjuanfunds.com/funding/007330
007339,[仅电子渠道]易方达沪深300交易型开放式指数发起式证券投资基金联接基金C类,易方达沪深300交易型开放式指数发起式证券投资基金联接基金C类,online_only,Overview.aspx?code=007339,Mainland Securities Fund,3,1.7523,2026-10-09,+0.17,-5.09,-10.00,-3.37,-5.64,-4.49,2026-10-09,-2.62,-19.12,-8.87,+16.16,+19.53,Casdocument.aspx?documentid=643243686,Casdocument.aspx?documentid=653265845,Casdocument.aspx?documentid=671343461,Casdocument.aspx?documentid=677863635,,Casdocument.aspx?documentid=576497897,Casdocument.aspx?documentid=674590799,Casdocument.aspx?documentid=658034808,FundDocuments.aspx?query=all&fund=007339,https://danjuanfunds.com/funding/007339
007343,[仅电子渠道]嘉实科技创新混合型证券投资基金,嘉实科技创新混合型证券投资基金,online_only,Overview.aspx?code=007343,Mainland Securities Fund,5,5.5222,2026-10-09,+0.99,-3.72,-21.91,+46.35,+50.07,+62.98,2026-10-09,+11.15,-23.60,-4.55,+22.71,+47.73,Casdocument.aspx?documentid=681241873,Casdocument.aspx?documentid=652986075,Casdocument.aspx?documentid=671328025,Casdocument.aspx?documentid=677807979,,Casdocument.aspx?documentid=676656644,Casdocument.aspx?documentid=681192188,Casdocument.aspx?documentid=658034456,FundDocuments.aspx?query=all&fund=007343,https://danjuanfunds.com/funding/007343
007355,汇添富科技创新灵活配置混合型证券投资基金A类,汇添富科技创新灵活配置混合型证券投资基金A类,,Overview.aspx?code=007355,Mainland Securities Fund,5,4.207,2026-10-09,-0.92,-9.14,-27.92,+4.58,+12.66,+12.33,2026-10-09,+16.00,-24.80,-6.51,+16.03,+85.71,Casdocument.aspx?documentid=672234805,Casdocument.aspx?documentid=653325255,Casdocument.aspx?documentid=671365458,Casdocument.aspx?documentid=677843026,,Casdocument.aspx?documentid=667606317,Casdocument.aspx?documentid=672209496,Casdocument.aspx?documentid=219573759,FundDocuments.aspx?query=all&fund=007355,https://danjuanfunds.com/funding/007355
007356,汇添富科技创新灵活配置混合型证券投资基金C类,汇添富科技创新灵活配置混合型证券投资基金C类,,Overview.aspx?code=007356,Mainland Securities Fund,5,3.9625,2026-10-09,-0.92,-9.20,-28.07,+4.16,+11.75,+11.63,2026-10-09,+15.08,-25.40,-7.22,+15.07,+84.20,Casdocument.aspx?documentid=672234805,Casdocument.aspx?documentid=653325255,Casdocument.aspx?documentid=671365458,Casdocument.aspx?documentid=677843026,,Casdocument.aspx?documentid=667606317,Casdocument.aspx?documentid=672209362,Casdocument.aspx?documentid=219573759,FundDocuments.aspx?query=all&fund=007356,https://danjuanfunds.com/funding/007356
007455,[仅电子渠道]富国蓝筹精选股票型证券投资基金(QDII)人民币,富国蓝筹精选股票型证券投资基金人民币,"online_only,qdii",Overview.aspx?code=007455,Mainland Securities Fund,4,2.7191,2026-10-08,-3.85,-7.34,-9.29,-18.62,-20.60,-13.76,2026-10-08,-4.60,-17.94,-7.74,+15.72,+64.21,Casdocument.aspx?documentid=676887350,Casdocument.aspx?documentid=653239737,Casdocument.aspx?documentid=671453273,Casdocument.aspx?documentid=677808181,,Casdocument.aspx?documentid=567013615,Casdocument.aspx?documentid=676887462,Casdocument.aspx?documentid=379358111,FundDocuments.aspx?query=all&fund=007455,https://danjuanfunds.com/funding/007455
007485,[仅电子渠道]博时中债3-5年国开行债券指数证券投资基金A类,博时中债3-5年国开行债券指数证券投资基金A类,online_only,Overview.aspx?code=007485,Mainland Securities Fund,2,1.0483,2026-10-09,+0.03,+0.22,+0.57,+1.57,+2.98,+2.47,2026-10-09,+4.78,+3.05,+3.70,+6.46,+0.61,Casdocument.aspx?documentid=682408175,Casdocument.aspx?documentid=653242574,Casdocument.aspx?documentid=671354075,Casdocument.aspx?documentid=677795538,,Casdocument.aspx?documentid=576483127,Casdocument.aspx?documentid=667406138,Casdocument.aspx?documentid=658050813,FundDocuments.aspx?query=all&fund=007485,https://danjuanfunds.com/funding/007485
007486,[仅电子渠道]博时中债3-5年国开行债券指数证券投资基金C类,博时中债3-5年国开行债券指数证券投资基金C类,online_only,Overview.aspx?code=007486,Mainland Securities Fund,2,1.0466,2026-10-09,+0.03,+0.21,+0.55,+1.53,+2.87,+2.38,2026-10-09,+4.68,+3.01,+3.64,+6.37,+0.51,Casdocument.aspx?documentid=682408175,Casdocument.aspx?documentid=653242574,Casdocument.aspx?documentid=671354075,Casdocument.aspx?documentid=677795538,,Casdocument.aspx?documentid=576483127,Casdocument.aspx?documentid=667409479,Casdocument.aspx?documentid=658050813,FundDocuments.aspx?query=all&fund=007486,https://danjuanfunds.com/funding/007486
007562,[仅电子渠道]景顺长城景泰纯利债券型证券投资基金A类,景顺长城景泰纯利债券型证券投资基金A类,online_only,Overview.aspx?code=007562,Mainland Securities Fund,3,1.2093,2026-10-09,+0.02,-0.12,+0.21,+0.28,+2.93,+1.93,2026-10-09,+9.48,+2.54,+4.50,+6.35,+2.95,Casdocument.aspx?documentid=662234531,Casdocument.aspx?documentid=652388280,Casdocument.aspx?documentid=671333393,Casdocument.aspx?documentid=677453843,,Casdocument.aspx?documentid=427523540,Casdocument.aspx?documentid=662234942,Casdocument.aspx?documentid=658034451,FundDocuments.aspx?query=all&fund=007562,https://danjuanfunds.com/funding/007562
007605,[仅电子渠道]嘉实沪深300红利低波动交易型开放式指数证券投资基金联接基金A类,嘉实沪深300红利低波动交易型开放式指数证券投资基金联接基金A类,online_only,Overview.aspx?code=007605,Mainland Securities Fund,4,1.2717,2026-10-09,-0.09,+1.33,+8.95,+1.62,+3.87,+2.97,2026-10-09,+8.98,-2.05,+13.20,+25.48,-1.95,Casdocument.aspx?documentid=677613005,Casdocument.aspx?documentid=652986857,Casdocument.aspx?documentid=671328214,Casdocument.aspx?documentid=677806785,,Casdocument.aspx?documentid=554888958,Casdocument.aspx?documentid=664689237,Casdocument.aspx?documentid=259711051,FundDocuments.aspx?query=all&fund=007605,https://danjuanfunds.com/funding/007605
007606,[仅电子渠道]嘉实沪深300红利低波动交易型开放式指数证券投资基金联接基金C类,嘉实沪深300红利低波动交易型开放式指数证券投资基金联接基金C类,online_only,Overview.aspx?code=007606,Mainland Securities Fund,4,1.261,2026-10-09,-0.09,+1.30,+8.84,+1.42,+3.45,+2.66,2026-10-09,+8.55,-2.44,+12.75,+24.98,-2.35,Casdocument.aspx?documentid=677613005,Casdocument.aspx?documentid=652986857,Casdocument.aspx?documentid=671328214,Casdocument.aspx?documentid=677806785,,Casdocument.aspx?documentid=554888958,Casdocument.aspx?documentid=664689288,Casdocument.aspx?documentid=259711051,FundDocuments.aspx?query=all&fund=007606,https://danjuanfunds.com/funding/007606
007717,[仅电子渠道]工银瑞信尊享短债债券型证券投资基金F类（暂停申购）,工银瑞信尊享短债债券型证券投资基金F类,"online_only,suspended",Overview.aspx?code=007717,Mainland Securities Fund,2,1.1273,2026-10-09,+0.01,+0.15,+0.44,+0.87,+1.98,+1.46,2026-10-09,+3.16,+1.86,+3.05,+2.94,+1.24,Casdocument.aspx?documentid=632928784,Casdocument.aspx?documentid=653198775,Casdocument.aspx?documentid=671377817,Casdocument.aspx?documentid=677792306,,Casdocument.aspx?documentid=511042459,Casdocument.aspx?documentid=632963136,Casdocument.aspx?documentid=658048597,FundDocuments.aspx?query=all&fund=007717,https://danjuanfunds.com/funding/007717
007729,[仅电子渠道]招商普盛全球配置证券投资基金(QDII)人民币A类,招商普盛全球配置证券投资基金人民币A类,"online_only,qdii",Overview.aspx?code=007729,Mainland Securities Fund,4,1.325,2026-10-08,-0.51,-1.90,-2.99,-0.42,-2.17,-1.10,2026-10-08,+0.69,-4.26,+6.53,+4.95,+5.66,Casdocument.aspx?documentid=640964397,Casdocument.aspx?documentid=653198806,Casdocument.aspx?documentid=671358398,Casdocument.aspx?documentid=677819668,,Casdocument.aspx?documentid=612232179,Casdocument.aspx?documentid=641131071,Casdocument.aspx?documentid=658045818,FundDocuments.aspx?query=all&fund=007729,https://danjuanfunds.com/funding/007729
007796,博时中证央企创新驱动ETF联接A,博时中证央企创新驱动ETF联接A,,Overview.aspx?code=007796,Mainland Securities Fund,4,1.6869,2026-10-09,-0.35,-2.35,-3.12,-4.93,+0.91,+0.44,2026-10-09,+24.78,-12.39,+7.40,+18.94,+6.76,Casdocument.aspx?documentid=682411136,Casdocument.aspx?documentid=653245640,Casdocument.aspx?documentid=671358752,Casdocument.aspx?documentid=677794132,,Casdocument.aspx?documentid=473628043,Casdocument.aspx?documentid=667404994,Casdocument.aspx?documentid=658049587,FundDocuments.aspx?query=all&fund=007796,https://danjuanfunds.com/funding/007796
007797,博时中证央企创新驱动ETF联接C,博时中证央企创新驱动ETF联接C,,Overview.aspx?code=007797,Mainland Securities Fund,4,1.641,2026-10-09,-0.35,-2.39,-3.23,-5.12,+0.51,+0.13,2026-10-09,+24.29,-12.74,+6.97,+18.46,+6.34,Casdocument.aspx?documentid=682411136,Casdocument.aspx?documentid=653245640,Casdocument.aspx?documentid=671358752,Casdocument.aspx?documentid=677794132,,Casdocument.aspx?documentid=473628043,Casdocument.aspx?documentid=667412100,Casdocument.aspx?documentid=658049587,FundDocuments.aspx?query=all&fund=007797,https://danjuanfunds.com/funding/007797
007856,[仅电子渠道]易方达中证800交易型开放式指数证券投资基金发起式联接基金A类,易方达中证800交易型开放式指数证券投资基金发起式联接基金A类,online_only,Overview.aspx?code=007856,Mainland Securities Fund,3,1.5869,2026-10-09,+0.15,-5.21,-10.42,-2.57,-1.73,-1.28,2026-10-09,+1.44,-19.78,-6.87,+15.84,+24.71,Casdocument.aspx?documentid=648224260,Casdocument.aspx?documentid=653282660,Casdocument.aspx?documentid=671333470,Casdocument.aspx?documentid=677845370,,Casdocument.aspx?documentid=576495953,Casdocument.aspx?documentid=674590784,Casdocument.aspx?documentid=658036829,FundDocuments.aspx?query=all&fund=007856,https://danjuanfunds.com/funding/007856
007857,[仅电子渠道]易方达中证800交易型开放式指数证券投资基金发起式联接基金C类,易方达中证800交易型开放式指数证券投资基金发起式联接基金C类,online_only,Overview.aspx?code=007857,Mainland Securities Fund,3,1.5757,2026-10-09,+0.15,-5.23,-10.44,-2.63,-1.83,-1.35,2026-10-09,+1.34,-19.87,-6.96,+15.73,+24.57,Casdocument.aspx?documentid=648224260,Casdocument.aspx?documentid=653282660,Casdocument.aspx?documentid=671333470,Casdocument.aspx?documentid=677845370,,Casdocument.aspx?documentid=576495953,Casdocument.aspx?documentid=674590792,Casdocument.aspx?documentid=658036829,FundDocuments.aspx?query=all&fund=007857,https://danjuanfunds.com/funding/007857
007950,[仅电子渠道]招商量化精选股票型发起式证券投资基金C类,招商量化精选股票型发起式证券投资基金C类,online_only,Overview.aspx?code=007950,Mainland Securities Fund,4,3.3575,2026-10-09,+1.26,-2.40,-3.25,-3.68,-3.93,-2.51,2026-10-09,+27.71,-1.65,+9.14,+14.58,+40.64,Casdocument.aspx?documentid=672226667,Casdocument.aspx?documentid=653210634,Casdocument.aspx?documentid=671346209,Casdocument.aspx?documentid=677819692,,Casdocument.aspx?documentid=667605181,Casdocument.aspx?documentid=672206446,Casdocument.aspx?documentid=658045563,FundDocuments.aspx?query=all&fund=007950,https://danjuanfunds.com/funding/007950
007951,[仅电子渠道]招商信用增强债券型证券投资基金C类,招商信用增强债券型证券投资基金C类,online_only,Overview.aspx?code=007951,Mainland Securities Fund,3,1.0687,2026-10-09,+0.36,-0.79,+0.20,-0.57,+1.62,+1.31,2026-10-09,+5.59,-0.60,+3.26,+6.27,+6.59,Casdocument.aspx?documentid=670779409,Casdocument.aspx?documentid=653329913,Casdocument.aspx?documentid=671377205,Casdocument.aspx?documentid=677820862,,Casdocument.aspx?documentid=586031512,Casdocument.aspx?documentid=670778519,Casdocument.aspx?documentid=658048735,FundDocuments.aspx?query=all&fund=007951,https://danjuanfunds.com/funding/007951
007994,[仅电子渠道]华夏中证500指数增强型证券投资基金A类,华夏中证500指数增强型证券投资基金A类,online_only,Overview.aspx?code=007994,Mainland Securities Fund,4,2.4029,2026-10-09,-0.24,-4.97,-11.19,-5.24,+1.62,-0.76,2026-10-09,+30.07,-10.41,+3.18,+9.53,+31.23,Casdocument.aspx?documentid=670778216,Casdocument.aspx?documentid=653243688,Casdocument.aspx?documentid=671329931,Casdocument.aspx?documentid=677819114,,Casdocument.aspx?documentid=576487605,Casdocument.aspx?documentid=670778535,Casdocument.aspx?documentid=267413260,FundDocuments.aspx?query=all&fund=007994,https://danjuanfunds.com/funding/007994
007995,[仅电子渠道]华夏中证500指数增强型证券投资基金C类,华夏中证500指数增强型证券投资基金C类,online_only,Overview.aspx?code=007995,Mainland Securities Fund,4,2.3411,2026-10-09,-0.25,-5.00,-11.29,-5.43,+1.21,-1.06,2026-10-09,+29.56,-10.76,+2.77,+9.09,+30.71,Casdocument.aspx?documentid=670778216,Casdocument.aspx?documentid=653243688,Casdocument.aspx?documentid=671329931,Casdocument.aspx?documentid=677819114,,Casdocument.aspx?documentid=576487605,Casdocument.aspx?documentid=670778616,Casdocument.aspx?documentid=267413260,FundDocuments.aspx?query=all&fund=007995,https://danjuanfunds.com/funding/007995
008072,景顺长城创业板综指增强型证券投资基金A类,景顺长城创业板综指增强型证券投资基金A类,,Overview.aspx?code=008072,Mainland Securities Fund,4,2.1733,2026-10-09,+0.32,-6.17,-15.99,-7.89,-0.32,-1.27,2026-10-09,+30.63,-26.78,-3.13,+16.46,+54.75,Casdocument.aspx?documentid=633145806,Casdocument.aspx?documentid=652388503,Casdocument.aspx?documentid=671333454,Casdocument.aspx?documentid=677454348,,Casdocument.aspx?documentid=576455117,Casdocument.aspx?documentid=633259746,Casdocument.aspx?documentid=270436561,FundDocuments.aspx?query=all&fund=008072,https://danjuanfunds.com/funding/008072
008122,南方皓元短债债券型证券投资基金A类,南方皓元短债债券型证券投资基金A类,,Overview.aspx?code=008122,Mainland Securities Fund,3,1.1577,2026-10-09,+0.01,+0.13,+0.36,+0.77,+1.72,+1.31,2026-10-09,+3.88,+2.42,+2.57,+2.94,+1.51,Casdocument.aspx?documentid=663320013,Casdocument.aspx?documentid=653254704,Casdocument.aspx?documentid=671473195,Casdocument.aspx?documentid=677820323,,Casdocument.aspx?documentid=658440678,Casdocument.aspx?documentid=663319982,Casdocument.aspx?documentid=259710934,FundDocuments.aspx?query=all&fund=008122,https://danjuanfunds.com/funding/008122
008163,[仅电子渠道]南方标普中国A股大盘红利低波50交易型开放式指数证券投资基金联接基金A类,南方标普中国A股大盘红利低波50交易型开放式指数证券投资基金联接基金A类,online_only,Overview.aspx?code=008163,Mainland Securities Fund,3,1.0595,2026-10-09,-0.08,+1.50,+6.46,+2.18,+5.36,+3.40,2026-10-09,+17.35,-3.81,+14.71,+29.45,+2.33,Casdocument.aspx?documentid=633673988,Casdocument.aspx?documentid=653254731,Casdocument.aspx?documentid=671473140,Casdocument.aspx?documentid=677820018,,Casdocument.aspx?documentid=582932656,Casdocument.aspx?documentid=649285821,Casdocument.aspx?documentid=259710999,FundDocuments.aspx?query=all&fund=008163,https://danjuanfunds.com/funding/008163
008164,[仅电子渠道]南方标普中国A股大盘红利低波50交易型开放式指数证券投资基金联接基金C类,南方标普中国A股大盘红利低波50交易型开放式指数证券投资基金联接基金C类,online_only,Overview.aspx?code=008164,Mainland Securities Fund,3,1.0445,2026-10-09,-0.07,+1.48,+6.36,+1.98,+4.95,+3.08,2026-10-09,+16.90,-4.20,+14.25,+28.93,+1.93,Casdocument.aspx?documentid=633673988,Casdocument.aspx?documentid=653254731,Casdocument.aspx?documentid=671473140,Casdocument.aspx?documentid=677820018,,Casdocument.aspx?documentid=582932656,Casdocument.aspx?documentid=649285748,Casdocument.aspx?documentid=259710999,FundDocuments.aspx?query=all&fund=008164,https://danjuanfunds.com/funding/008164
008281,国泰CES半导体芯片行业交易型开放式指数证券投资基金发起式联接基金A类,国泰CES半导体芯片行业交易型开放式指数证券投资基金发起式联接基金A类,,Overview.aspx?code=008281,Mainland Securities Fund,5,2.2747,2026-10-09,-0.21,-6.50,-35.29,+17.27,+8.93,+20.27,2026-10-09,+26.83,-36.16,-2.44,+23.45,+42.00,Casdocument.aspx?documentid=681208801,Casdocument.aspx?documentid=652947910,Casdocument.aspx?documentid=671458986,Casdocument.aspx?documentid=677786419,,Casdocument.aspx?documentid=548029713,Casdocument.aspx?documentid=681112144,Casdocument.aspx?documentid=259711048,FundDocuments.aspx?query=all&fund=008281,https://danjuanfunds.com/funding/008281
008283,[仅电子渠道]易方达金融行业股票型发起式证券投资基金A类,易方达金融行业股票型发起式证券投资基金A类,online_only,Overview.aspx?code=008283,Mainland Securities Fund,4,1.6004,2026-10-09,+0.47,-5.66,-4.21,+6.92,-4.02,-6.21,2026-10-09,-1.06,-8.20,-14.32,+30.61,+30.02,Casdocument.aspx?documentid=677613009,Casdocument.aspx?documentid=653284131,Casdocument.aspx?documentid=671335685,Casdocument.aspx?documentid=677862231,,Casdocument.aspx?documentid=473399445,Casdocument.aspx?documentid=676422000,Casdocument.aspx?documentid=269991915,FundDocuments.aspx?query=all&fund=008283,https://danjuanfunds.com/funding/008283
008284,[仅电子渠道]易方达全球医药行业混合型发起式证券投资基金(QDII)人民币A类,易方达全球医药行业混合型发起式证券投资基金人民币A类,"online_only,qdii",Overview.aspx?code=008284,Mainland Securities Fund,5,1.0423,2026-10-08,-10.20,-9.28,-8.63,-24.68,-31.03,-15.44,2026-10-08,-15.06,-14.82,-17.25,-14.92,+71.15,Casdocument.aspx?documentid=663320392,Casdocument.aspx?documentid=653266547,Casdocument.aspx?documentid=671333305,Casdocument.aspx?documentid=677844630,,Casdocument.aspx?documentid=658440444,Casdocument.aspx?documentid=674592018,Casdocument.aspx?documentid=259711097,FundDocuments.aspx?query=all&fund=008284,https://danjuanfunds.com/funding/008284
008396,[仅电子渠道]博时中证500交易型开放式指数证券投资基金发起式联接基金A类,博时中证500交易型开放式指数证券投资基金发起式联接基金A类,online_only,Overview.aspx?code=008396,Mainland Securities Fund,4,1.7339,2026-10-09,+0.06,-5.97,-14.43,-4.99,+0.73,+0.87,2026-10-09,+20.68,-16.91,-4.61,+7.73,+32.48,Casdocument.aspx?documentid=682406368,Casdocument.aspx?documentid=653262320,Casdocument.aspx?documentid=671358688,Casdocument.aspx?documentid=677794848,,Casdocument.aspx?documentid=329284840,Casdocument.aspx?documentid=667417492,Casdocument.aspx?documentid=259710908,FundDocuments.aspx?query=all&fund=008396,https://danjuanfunds.com/funding/008396
008397,[仅电子渠道]博时中证500交易型开放式指数证券投资基金发起式联接基金C类,博时中证500交易型开放式指数证券投资基金发起式联接基金C类,online_only,Overview.aspx?code=008397,Mainland Securities Fund,4,1.6991,2026-10-09,+0.06,-5.99,-14.50,-5.13,+0.43,+0.65,2026-10-09,+20.31,-17.16,-4.90,+7.41,+32.08,Casdocument.aspx?documentid=682406368,Casdocument.aspx?documentid=653262320,Casdocument.aspx?documentid=671358688,Casdocument.aspx?documentid=677794848,,Casdocument.aspx?documentid=329284840,Casdocument.aspx?documentid=667412541,Casdocument.aspx?documentid=259710908,FundDocuments.aspx?query=all&fund=008397,https://danjuanfunds.com/funding/008397
008585,[仅电子渠道]华夏中证人工智能主题交易型开放式指数证券投资基金发起式联接基金A类,华夏中证人工智能主题交易型开放式指数证券投资基金发起式联接基金A类,online_only,Overview.aspx?code=008585,Mainland Securities Fund,5,1.4826,2026-10-09,+0.16,-6.22,-24.79,+3.07,+3.28,+4.81,2026-10-09,+8.83,-33.01,+10.94,+20.18,+63.71,Casdocument.aspx?documentid=663025015,Casdocument.aspx?documentid=653244221,Casdocument.aspx?documentid=671329929,Casdocument.aspx?documentid=677820154,,Casdocument.aspx?documentid=583614524,Casdocument.aspx?documentid=663040403,Casdocument.aspx?documentid=277668287,FundDocuments.aspx?query=all&fund=008585,https://danjuanfunds.com/funding/008585
008586,[仅电子渠道]华夏中证人工智能主题交易型开放式指数证券投资基金发起式联接基金C类,华夏中证人工智能主题交易型开放式指数证券投资基金发起式联接基金C类,online_only,Overview.aspx?code=008586,Mainland Securities Fund,5,1.4548,2026-10-09,+0.16,-6.24,-24.84,+2.91,+2.97,+4.57,2026-10-09,+8.50,-33.20,+10.60,+19.82,+63.21,Casdocument.aspx?documentid=663025015,Casdocument.aspx?documentid=653244221,Casdocument.aspx?documentid=671329929,Casdocument.aspx?documentid=677820154,,Casdocument.aspx?documentid=583614524,Casdocument.aspx?documentid=663040444,Casdocument.aspx?documentid=277668287,FundDocuments.aspx?query=all&fund=008586,https://danjuanfunds.com/funding/008586
008682,[仅电子渠道]富国中证红利指数增强型证券投资基金C类,富国中证红利指数增强型证券投资基金C类,online_only,Overview.aspx?code=008682,Mainland Securities Fund,4,0.963,2026-10-09,+0.52,-1.83,+6.17,-1.33,+2.11,+1.30,2026-10-09,+17.07,-3.77,+6.67,+11.98,+4.72,Casdocument.aspx?documentid=662060980,Casdocument.aspx?documentid=653244158,Casdocument.aspx?documentid=671458108,Casdocument.aspx?documentid=677809240,,Casdocument.aspx?documentid=576498419,Casdocument.aspx?documentid=662065233,Casdocument.aspx?documentid=658049275,FundDocuments.aspx?query=all&fund=008682,https://danjuanfunds.com/funding/008682
008749,[仅电子渠道]富国中证科技50策略交易型开放式指数证券投资基金联接基金A类,富国中证科技50策略交易型开放式指数证券投资基金联接基金A类,online_only,Overview.aspx?code=008749,Mainland Securities Fund,4,1.4426,2026-10-09,+0.87,-3.38,-10.01,+7.29,-4.71,+5.31,2026-10-09,+9.42,-30.26,+2.29,+13.90,+34.15,Casdocument.aspx?documentid=634413034,Casdocument.aspx?documentid=653239692,Casdocument.aspx?documentid=671453189,Casdocument.aspx?documentid=677808557,,Casdocument.aspx?documentid=532951781,Casdocument.aspx?documentid=634413016,Casdocument.aspx?documentid=262698007,FundDocuments.aspx?query=all&fund=008749,https://danjuanfunds.com/funding/008749
008750,[仅电子渠道]富国中证科技50策略交易型开放式指数证券投资基金联接基金C类,富国中证科技50策略交易型开放式指数证券投资基金联接基金C类,online_only,Overview.aspx?code=008750,Mainland Securities Fund,4,1.4048,2026-10-09,+0.87,-3.41,-10.10,+7.07,-5.09,+4.98,2026-10-09,+8.97,-30.54,+1.88,+13.45,+33.61,Casdocument.aspx?documentid=634413034,Casdocument.aspx?documentid=653239692,Casdocument.aspx?documentid=671453189,Casdocument.aspx?documentid=677808557,,Casdocument.aspx?documentid=532951781,Casdocument.aspx?documentid=634413018,Casdocument.aspx?documentid=262698007,FundDocuments.aspx?query=all&fund=008750,https://danjuanfunds.com/funding/008750
008887,[仅电子渠道]华夏国证半导体芯片交易型开放式指数证券投资基金发起式联接基金A类,华夏国证半导体芯片交易型开放式指数证券投资基金发起式联接基金A类,online_only,Overview.aspx?code=008887,Mainland Securities Fund,5,1.7502,2026-10-09,-0.52,-8.68,-36.70,+14.38,+3.35,+15.03,2026-10-09,+31.90,-37.28,-6.08,+28.53,+38.92,Casdocument.aspx?documentid=663024888,Casdocument.aspx?documentid=653244112,Casdocument.aspx?documentid=671329859,Casdocument.aspx?documentid=677820022,,Casdocument.aspx?documentid=583614610,Casdocument.aspx?documentid=663037388,Casdocument.aspx?documentid=275558395,FundDocuments.aspx?query=all&fund=008887,https://danjuanfunds.com/funding/008887
008888,[仅电子渠道]华夏国证半导体芯片交易型开放式指数证券投资基金发起式联接基金C类,华夏国证半导体芯片交易型开放式指数证券投资基金发起式联接基金C类,online_only,Overview.aspx?code=008888,Mainland Securities Fund,5,1.7172,2026-10-09,-0.52,-8.71,-36.75,+14.20,+3.04,+14.76,2026-10-09,+31.51,-37.47,-6.36,+28.15,+38.52,Casdocument.aspx?documentid=663024888,Casdocument.aspx?documentid=653244112,Casdocument.aspx?documentid=671329859,Casdocument.aspx?documentid=677820022,,Casdocument.aspx?documentid=583614610,Casdocument.aspx?documentid=663036593,Casdocument.aspx?documentid=275558395,FundDocuments.aspx?query=all&fund=008888,https://danjuanfunds.com/funding/008888
009051,[仅电子渠道]易方达中证红利交易型开放式指数证券投资基金发起式联接基金A类,易方达中证红利交易型开放式指数证券投资基金发起式联接基金A类,online_only,Overview.aspx?code=009051,Mainland Securities Fund,3,1.2995,2026-10-09,+0.73,-1.71,+8.64,+1.78,+5.61,+5.10,2026-10-09,+18.19,-1.42,+5.03,+16.79,+3.33,Casdocument.aspx?documentid=638500662,Casdocument.aspx?documentid=653283471,Casdocument.aspx?documentid=671333381,Casdocument.aspx?documentid=677864592,,Casdocument.aspx?documentid=576495128,Casdocument.aspx?documentid=674589641,Casdocument.aspx?documentid=281702387,FundDocuments.aspx?query=all&fund=009051,https://danjuanfunds.com/funding/009051
009052,[仅电子渠道]易方达中证红利交易型开放式指数证券投资基金发起式联接基金C类,易方达中证红利交易型开放式指数证券投资基金发起式联接基金C类,online_only,Overview.aspx?code=009052,Mainland Securities Fund,3,1.2904,2026-10-09,+0.73,-1.72,+8.61,+1.73,+5.50,+5.02,2026-10-09,+18.07,-1.52,+4.93,+16.67,+3.22,Casdocument.aspx?documentid=638500662,Casdocument.aspx?documentid=653283471,Casdocument.aspx?documentid=671333381,Casdocument.aspx?documentid=677864592,,Casdocument.aspx?documentid=576495128,Casdocument.aspx?documentid=674589625,Casdocument.aspx?documentid=281702387,FundDocuments.aspx?query=all&fund=009052,https://danjuanfunds.com/funding/009052
009089,嘉实稳固收益债券型证券投资基金（暂停申购）,嘉实稳固收益债券型证券投资基金,suspended,Overview.aspx?code=009089,Mainland Securities Fund,3,1.2207,2026-10-09,-0.11,-0.88,-0.80,+1.61,+0.62,+1.52,2026-10-09,+6.02,-5.11,+2.68,+4.86,+7.05,Casdocument.aspx?documentid=672247673,Casdocument.aspx?documentid=652966995,Casdocument.aspx?documentid=671329006,Casdocument.aspx?documentid=677819198,,Casdocument.aspx?documentid=667603158,Casdocument.aspx?documentid=672214618,Casdocument.aspx?documentid=658034555,FundDocuments.aspx?query=all&fund=009089,https://danjuanfunds.com/funding/009089
009108,[仅电子渠道]富国红利精选混合型证券投资基金（QDII）,富国红利精选混合型证券投资基金,"online_only,qdii",Overview.aspx?code=009108,Mainland Securities Fund,5,1.8211,2026-10-08,-1.17,-4.98,-1.03,-11.73,+0.76,-2.42,2026-10-08,+5.57,-19.26,-12.39,+13.45,+40.51,Casdocument.aspx?documentid=635845832,Casdocument.aspx?documentid=653239810,Casdocument.aspx?documentid=671453256,Casdocument.aspx?documentid=677812156,,Casdocument.aspx?documentid=567013614,Casdocument.aspx?documentid=635863195,Casdocument.aspx?documentid=270746165,FundDocuments.aspx?query=all&fund=009108,https://danjuanfunds.com/funding/009108
009271,[仅电子渠道]博时信用优选债券型证券投资基金A类,博时信用优选债券型证券投资基金A类,online_only,Overview.aspx?code=009271,Mainland Securities Fund,3,1.1711,2026-10-09,+0.01,+0.11,+0.31,+0.58,+1.30,+0.98,2026-10-09,+4.57,+4.19,+3.56,+3.19,+1.52,Casdocument.aspx?documentid=682406354,Casdocument.aspx?documentid=653243575,Casdocument.aspx?documentid=671358864,Casdocument.aspx?documentid=677796116,,Casdocument.aspx?documentid=554888690,Casdocument.aspx?documentid=667408147,Casdocument.aspx?documentid=272990257,FundDocuments.aspx?query=all&fund=009271,https://danjuanfunds.com/funding/009271
009272,[仅电子渠道]博时信用优选债券型证券投资基金C类,博时信用优选债券型证券投资基金C类,online_only,Overview.aspx?code=009272,Mainland Securities Fund,3,1.1577,2026-10-09,+0.01,+0.10,+0.26,+0.49,+1.09,+0.83,2026-10-09,+4.12,+4.01,+3.36,+2.97,+1.31,Casdocument.aspx?documentid=682406354,Casdocument.aspx?documentid=653243575,Casdocument.aspx?documentid=671358864,Casdocument.aspx?documentid=677796116,,Casdocument.aspx?documentid=554888690,Casdocument.aspx?documentid=667409469,Casdocument.aspx?documentid=272990257,FundDocuments.aspx?query=all&fund=009272,https://danjuanfunds.com/funding/009272
009475,汇丰晋信慧盈混合型证券投资基金(暂停申购),汇丰晋信慧盈混合型证券投资基金,suspended,Overview.aspx?code=009475,Mainland Securities Fund,3,1.0701,2026-10-09,+0.38,-3.54,-1.94,-4.23,-1.19,-2.86,2026-10-09,-3.74,-5.49,-1.59,+3.54,+13.78,Casdocument.aspx?documentid=667849888,Casdocument.aspx?documentid=653236261,Casdocument.aspx?documentid=671379482,Casdocument.aspx?documentid=677783249,,Casdocument.aspx?documentid=284995288,Casdocument.aspx?documentid=667837614,Casdocument.aspx?documentid=284995252,FundDocuments.aspx?query=all&fund=009475,https://danjuanfunds.com/funding/009475
009658,汇丰晋信中小盘低波动策略股票型证券投资基金（暂停申购）,汇丰晋信中小盘低波动策略股票型证券投资基金,suspended,Overview.aspx?code=009658,Mainland Securities Fund,4,0.8755,2026-10-09,+0.03,-1.98,+2.75,-2.67,+4.46,+1.44,2026-10-09,+12.50,-12.04,-6.22,-7.26,+6.50,Casdocument.aspx?documentid=672238268,Casdocument.aspx?documentid=653244738,Casdocument.aspx?documentid=671379415,Casdocument.aspx?documentid=677761370,,Casdocument.aspx?documentid=667602437,Casdocument.aspx?documentid=672205530,Casdocument.aspx?documentid=288656582,FundDocuments.aspx?query=all&fund=009658,https://danjuanfunds.com/funding/009658
009726,招商中证500等权重指数增强型证券投资基金A,招商中证500等权重指数增强型证券投资基金A,,Overview.aspx?code=009726,Mainland Securities Fund,4,1.7238,2026-10-09,+0.61,-3.72,-5.66,-2.26,+0.64,+1.05,2026-10-09,+28.40,-9.06,-1.86,+12.28,+30.54,Casdocument.aspx?documentid=637157249,Casdocument.aspx?documentid=653329870,Casdocument.aspx?documentid=671362965,Casdocument.aspx?documentid=677812819,,Casdocument.aspx?documentid=611138019,Casdocument.aspx?documentid=637159101,Casdocument.aspx?documentid=309081144,FundDocuments.aspx?query=all&fund=009726,https://danjuanfunds.com/funding/009726
009727,招商中证500等权重指数增强型证券投资基金C,招商中证500等权重指数增强型证券投资基金C,,Overview.aspx?code=009727,Mainland Securities Fund,4,1.646,2026-10-09,+0.61,-3.78,-5.85,-2.66,-0.17,+0.42,2026-10-09,+27.38,-9.77,-2.64,+11.40,+29.50,Casdocument.aspx?documentid=637157249,Casdocument.aspx?documentid=653329870,Casdocument.aspx?documentid=671362965,Casdocument.aspx?documentid=677812819,,Casdocument.aspx?documentid=611138019,Casdocument.aspx?documentid=637159493,Casdocument.aspx?documentid=309081144,FundDocuments.aspx?query=all&fund=009727,https://danjuanfunds.com/funding/009727
010041,嘉实港股优势混合型证券投资基金A类,嘉实港股优势混合型证券投资基金A类,,Overview.aspx?code=010041,Mainland Securities Fund,4,0.9034,2026-10-09,+0.95,-2.92,+1.18,-15.53,-23.61,-18.15,2026-10-09,,-7.75,-10.17,+25.68,+23.36,Casdocument.aspx?documentid=672247296,Casdocument.aspx?documentid=652986206,Casdocument.aspx?documentid=671328190,Casdocument.aspx?documentid=677809145,,Casdocument.aspx?documentid=667603035,Casdocument.aspx?documentid=672215457,Casdocument.aspx?documentid=314506584,FundDocuments.aspx?query=all&fund=010041,https://danjuanfunds.com/funding/010041
010042,嘉实港股优势混合型证券投资基金C类,嘉实港股优势混合型证券投资基金C类,,Overview.aspx?code=010042,Mainland Securities Fund,4,0.8636,2026-10-09,+0.95,-3.00,+0.97,-15.87,-24.22,-18.66,2026-10-09,,-8.49,-10.88,+24.77,+22.39,Casdocument.aspx?documentid=672247296,Casdocument.aspx?documentid=652986206,Casdocument.aspx?documentid=671328190,Casdocument.aspx?documentid=677809145,,Casdocument.aspx?documentid=667603035,Casdocument.aspx?documentid=672215459,Casdocument.aspx?documentid=314506584,FundDocuments.aspx?query=all&fund=010042,https://danjuanfunds.com/funding/010042
010592,南方医药创新股票型证券投资基金A类,南方医药创新股票型证券投资基金A类,,Overview.aspx?code=010592,Mainland Securities Fund,5,0.6344,2026-10-09,-0.16,-2.92,-1.37,-4.52,-13.83,+1.80,2026-10-09,,-21.57,-8.31,-11.43,+28.89,Casdocument.aspx?documentid=681241530,Casdocument.aspx?documentid=653254721,Casdocument.aspx?documentid=671473160,Casdocument.aspx?documentid=677819287,,Casdocument.aspx?documentid=676654843,Casdocument.aspx?documentid=681190396,Casdocument.aspx?documentid=319575235,FundDocuments.aspx?query=all&fund=010592,https://danjuanfunds.com/funding/010592
010593,南方医药创新股票型证券投资基金C类,南方医药创新股票型证券投资基金C类,,Overview.aspx?code=010593,Mainland Securities Fund,5,0.6134,2026-10-09,-0.16,-2.96,-1.51,-4.80,-14.34,+1.34,2026-10-09,,-22.03,-8.86,-11.96,+28.11,Casdocument.aspx?documentid=681241530,Casdocument.aspx?documentid=653254721,Casdocument.aspx?documentid=671473160,Casdocument.aspx?documentid=677819287,,Casdocument.aspx?documentid=676654843,Casdocument.aspx?documentid=681190442,Casdocument.aspx?documentid=319575235,FundDocuments.aspx?query=all&fund=010593,https://danjuanfunds.com/funding/010593
010685,工银瑞信前沿医疗股票型证券投资基金C类（暂停申购）,工银瑞信前沿医疗股票型证券投资基金C类,suspended,Overview.aspx?code=010685,Mainland Securities Fund,5,3.128,2026-10-09,-0.06,-0.16,-2.49,+1.79,-7.67,+4.72,2026-10-09,+11.08,-21.66,-8.64,-15.36,+16.32,Casdocument.aspx?documentid=672223580,Casdocument.aspx?documentid=653184810,Casdocument.aspx?documentid=671365441,Casdocument.aspx?documentid=677759689,,Casdocument.aspx?documentid=667603455,Casdocument.aspx?documentid=672206312,Casdocument.aspx?documentid=658036590,FundDocuments.aspx?query=all&fund=010685,https://danjuanfunds.com/funding/010685
010696,[仅电子渠道]工银瑞信金融地产行业混合型证券投资基金C类,工银瑞信金融地产行业混合型证券投资基金C类,online_only,Overview.aspx?code=010696,Mainland Securities Fund,4,2.454,2026-10-09,+1.70,-4.88,-5.90,-8.57,-8.60,-12.89,2026-10-09,-0.34,-8.78,-18.03,+33.23,+8.43,Casdocument.aspx?documentid=675987683,Casdocument.aspx?documentid=653184512,Casdocument.aspx?documentid=671365782,Casdocument.aspx?documentid=677779967,,Casdocument.aspx?documentid=615524128,Casdocument.aspx?documentid=675988265,Casdocument.aspx?documentid=185492400,FundDocuments.aspx?query=all&fund=010696,https://danjuanfunds.com/funding/010696
010887,[仅电子渠道]南方消费升级混合型证券投资基金A类,南方消费升级混合型证券投资基金A类,online_only,Overview.aspx?code=010887,Mainland Securities Fund,4,0.8692,2026-10-09,+0.30,-2.57,-2.21,-3.76,-10.41,-4.15,2026-10-09,,-24.02,-13.43,+14.01,+26.21,Casdocument.aspx?documentid=631651920,Casdocument.aspx?documentid=653254743,Casdocument.aspx?documentid=671473864,Casdocument.aspx?documentid=677820312,,Casdocument.aspx?documentid=489066762,Casdocument.aspx?documentid=631651904,Casdocument.aspx?documentid=312598142,FundDocuments.aspx?query=all&fund=010887,https://danjuanfunds.com/funding/010887
010888,[仅电子渠道]南方消费升级混合型证券投资基金C类,南方消费升级混合型证券投资基金C类,online_only,Overview.aspx?code=010888,Mainland Securities Fund,4,0.8398,2026-10-09,+0.31,-2.62,-2.35,-4.06,-10.94,-4.59,2026-10-09,,-24.47,-13.97,+13.36,+25.44,Casdocument.aspx?documentid=631651920,Casdocument.aspx?documentid=653254743,Casdocument.aspx?documentid=671473864,Casdocument.aspx?documentid=677820312,,Casdocument.aspx?documentid=489066762,Casdocument.aspx?documentid=631651872,Casdocument.aspx?documentid=312598142,FundDocuments.aspx?query=all&fund=010888,https://danjuanfunds.com/funding/010888
011033,南方宝恒混合型证券投资基金A类,南方宝恒混合型证券投资基金A类,,Overview.aspx?code=011033,Mainland Securities Fund,3,1.2363,2026-10-09,+0.15,-1.05,-0.95,+0.52,+3.41,+3.01,2026-10-09,,-1.88,+2.36,+8.97,+6.44,Casdocument.aspx?documentid=641224600,Casdocument.aspx?documentid=653254810,Casdocument.aspx?documentid=671474012,Casdocument.aspx?documentid=677819316,,Casdocument.aspx?documentid=333595168,Casdocument.aspx?documentid=641224899,Casdocument.aspx?documentid=333595172,FundDocuments.aspx?query=all&fund=011033,https://danjuanfunds.com/funding/011033
011034,南方宝恒混合型证券投资基金C类,南方宝恒混合型证券投资基金C类,,Overview.aspx?code=011034,Mainland Securities Fund,3,1.2101,2026-10-09,+0.15,-1.09,-1.05,+0.31,+3.00,+2.68,2026-10-09,,-2.28,+1.95,+8.53,+6.02,Casdocument.aspx?documentid=641224600,Casdocument.aspx?documentid=653254810,Casdocument.aspx?documentid=671474012,Casdocument.aspx?documentid=677819316,,Casdocument.aspx?documentid=333595168,Casdocument.aspx?documentid=641224920,Casdocument.aspx?documentid=333595172,FundDocuments.aspx?query=all&fund=011034,https://danjuanfunds.com/funding/011034
011035,[仅电子渠道]嘉实中证稀土产业交易型开放式指数证券投资基金发起式联接基金A类,嘉实中证稀土产业交易型开放式指数证券投资基金发起式联接基金A类,online_only,Overview.aspx?code=011035,Mainland Securities Fund,5,1.0861,2026-10-09,+0.68,-7.45,-14.38,-18.65,-16.12,-13.82,2026-10-09,,-25.54,-14.25,+7.56,+71.68,Casdocument.aspx?documentid=668581213,Casdocument.aspx?documentid=652983511,Casdocument.aspx?documentid=671328232,Casdocument.aspx?documentid=677796999,,Casdocument.aspx?documentid=344644933,Casdocument.aspx?documentid=664689323,Casdocument.aspx?documentid=344644573,FundDocuments.aspx?query=all&fund=011035,https://danjuanfunds.com/funding/011035
011036,[仅电子渠道]嘉实中证稀土产业交易型开放式指数证券投资基金发起式联接基金C类,嘉实中证稀土产业交易型开放式指数证券投资基金发起式联接基金C类,online_only,Overview.aspx?code=011036,Mainland Securities Fund,5,1.0805,2026-10-09,+0.68,-7.46,-14.40,-18.69,-16.21,-13.89,2026-10-09,,-25.62,-14.34,+7.46,+71.51,Casdocument.aspx?documentid=668581213,Casdocument.aspx?documentid=652983511,Casdocument.aspx?documentid=671328232,Casdocument.aspx?documentid=677796999,,Casdocument.aspx?documentid=344644933,Casdocument.aspx?documentid=664689339,Casdocument.aspx?documentid=344644573,FundDocuments.aspx?query=all&fund=011036,https://danjuanfunds.com/funding/011036
011077,汇丰晋信创新先锋股票型证券投资基金（暂停申购）,汇丰晋信创新先锋股票型证券投资基金,suspended,Overview.aspx?code=011077,Mainland Securities Fund,5,0.9981,2026-10-09,+1.74,-5.02,-5.05,-1.67,-12.57,-4.67,2026-10-09,,-30.66,-6.06,+18.55,+26.11,Casdocument.aspx?documentid=667849921,Casdocument.aspx?documentid=653229197,Casdocument.aspx?documentid=671379481,Casdocument.aspx?documentid=677785828,,Casdocument.aspx?documentid=558523195,Casdocument.aspx?documentid=667843035,Casdocument.aspx?documentid=318457893,FundDocuments.aspx?query=all&fund=011077,https://danjuanfunds.com/funding/011077
011309,富国消费主题混合型证券投资基金C类,富国消费主题混合型证券投资基金C类,,Overview.aspx?code=011309,Mainland Securities Fund,4,1.754,2026-10-09,+0.80,-1.46,+3.30,-9.21,-26.67,-16.91,2026-10-09,,-14.28,-13.42,-5.27,-2.99,Casdocument.aspx?documentid=672238821,Casdocument.aspx?documentid=653245116,Casdocument.aspx?documentid=671459542,Casdocument.aspx?documentid=677813215,,Casdocument.aspx?documentid=667606027,Casdocument.aspx?documentid=672213344,,FundDocuments.aspx?query=all&fund=011309,https://danjuanfunds.com/funding/011309
011578,汇丰晋信核心成长混合型证券投资基金,汇丰晋信核心成长混合型证券投资基金,,Overview.aspx?code=011578,Mainland Securities Fund,5,0.6678,2026-10-09,+1.38,-3.37,-7.31,-25.84,-35.59,-28.66,2026-10-09,,-19.46,-16.65,-3.98,+29.49,Casdocument.aspx?documentid=672238245,Casdocument.aspx?documentid=653229239,Casdocument.aspx?documentid=671379428,Casdocument.aspx?documentid=677783513,,Casdocument.aspx?documentid=667601695,Casdocument.aspx?documentid=672205470,Casdocument.aspx?documentid=330904417,FundDocuments.aspx?query=all&fund=011578,https://danjuanfunds.com/funding/011578
011608,易方达上证科创板50成份交易型开放式指数证券投资基金联接基金A类,易方达上证科创板50成份交易型开放式指数证券投资基金联接基金A类,,Overview.aspx?code=011608,Mainland Securities Fund,5,1.1372,2026-10-09,+0.09,-7.27,-31.48,+9.33,-3.42,+9.51,2026-10-09,,-30.40,-10.81,+14.75,+34.42,Casdocument.aspx?documentid=677613017,Casdocument.aspx?documentid=653283507,Casdocument.aspx?documentid=671333392,Casdocument.aspx?documentid=677845367,,Casdocument.aspx?documentid=554675024,Casdocument.aspx?documentid=676422279,Casdocument.aspx?documentid=322695354,FundDocuments.aspx?query=all&fund=011608,https://danjuanfunds.com/funding/011608
011609,易方达上证科创板50成份交易型开放式指数证券投资基金联接基金C类,易方达上证科创板50成份交易型开放式指数证券投资基金联接基金C类,,Overview.aspx?code=011609,Mainland Securities Fund,5,1.1308,2026-10-09,+0.08,-7.27,-31.50,+9.27,-3.52,+9.43,2026-10-09,,-30.46,-10.91,+14.63,+34.30,Casdocument.aspx?documentid=677613017,Casdocument.aspx?documentid=653283507,Casdocument.aspx?documentid=671333392,Casdocument.aspx?documentid=677845367,,Casdocument.aspx?documentid=554675024,Casdocument.aspx?documentid=676422284,Casdocument.aspx?documentid=322695354,FundDocuments.aspx?query=all&fund=011609,https://danjuanfunds.com/funding/011609
011614,[仅电子渠道]工银瑞信上证科创板50成份交易型开放式指数证券投资基金联接基金A类,工银瑞信上证科创板50成份交易型开放式指数证券投资基金联接基金A类,online_only,Overview.aspx?code=011614,Mainland Securities Fund,5,1.1537,2026-10-09,+0.07,-7.33,-31.06,+9.07,-3.46,+9.04,2026-10-09,,-29.43,-10.35,+13.50,+34.43,Casdocument.aspx?documentid=632928794,Casdocument.aspx?documentid=653200183,Casdocument.aspx?documentid=671377643,Casdocument.aspx?documentid=677796593,,Casdocument.aspx?documentid=554675002,Casdocument.aspx?documentid=632963567,Casdocument.aspx?documentid=322696150,FundDocuments.aspx?query=all&fund=011614,https://danjuanfunds.com/funding/011614
011651,[仅电子渠道]招商港股通核心精选股票型证券投资基金A类,招商港股通核心精选股票型证券投资基金A类,online_only,Overview.aspx?code=011651,Mainland Securities Fund,4,0.7137,2026-10-09,+0.49,-6.79,-14.42,-20.33,-28.84,-18.53,2026-10-09,,-15.63,-13.47,+10.00,+20.31,Casdocument.aspx?documentid=672226567,Casdocument.aspx?documentid=653208535,Casdocument.aspx?documentid=671348674,Casdocument.aspx?documentid=677819846,,Casdocument.aspx?documentid=667605141,Casdocument.aspx?documentid=672206342,Casdocument.aspx?documentid=324355076,FundDocuments.aspx?query=all&fund=011651,https://danjuanfunds.com/funding/011651
011652,[仅电子渠道]招商港股通核心精选股票型证券投资基金C类,招商港股通核心精选股票型证券投资基金C类,online_only,Overview.aspx?code=011652,Mainland Securities Fund,4,0.6806,2026-10-09,+0.49,-6.84,-14.59,-20.65,-29.41,-19.02,2026-10-09,,-16.30,-14.39,+9.09,+19.34,Casdocument.aspx?documentid=672226567,Casdocument.aspx?documentid=653208535,Casdocument.aspx?documentid=671348674,Casdocument.aspx?documentid=677819846,,Casdocument.aspx?documentid=667605141,Casdocument.aspx?documentid=672206404,Casdocument.aspx?documentid=324355076,FundDocuments.aspx?query=all&fund=011652,https://danjuanfunds.com/funding/011652
011690,[仅电子渠道]招商品质发现混合型证券投资基金A类,招商品质发现混合型证券投资基金A类,online_only,Overview.aspx?code=011690,Mainland Securities Fund,4,0.8358,2026-10-09,+2.04,-1.83,+0.65,-11.33,-16.60,-10.95,2026-10-09,,-17.93,-16.50,+16.12,+22.01,Casdocument.aspx?documentid=677433498,Casdocument.aspx?documentid=653329865,Casdocument.aspx?documentid=671444736,Casdocument.aspx?documentid=677819212,,Casdocument.aspx?documentid=620812410,Casdocument.aspx?documentid=677432769,Casdocument.aspx?documentid=347716875,FundDocuments.aspx?query=all&fund=011690,https://danjuanfunds.com/funding/011690
011691,[仅电子渠道]招商品质发现混合型证券投资基金C类,招商品质发现混合型证券投资基金C类,online_only,Overview.aspx?code=011691,Mainland Securities Fund,4,0.8024,2026-10-09,+2.05,-1.90,+0.45,-11.68,-17.22,-11.43,2026-10-09,,-18.58,-17.17,+15.10,+21.06,Casdocument.aspx?documentid=677433498,Casdocument.aspx?documentid=653329865,Casdocument.aspx?documentid=671444736,Casdocument.aspx?documentid=677819212,,Casdocument.aspx?documentid=620812410,Casdocument.aspx?documentid=677432812,Casdocument.aspx?documentid=347716875,FundDocuments.aspx?query=all&fund=011691,https://danjuanfunds.com/funding/011691
011853,[仅电子渠道]招商中证消费龙头指数增强型证券投资基金A类,招商中证消费龙头指数增强型证券投资基金A类,online_only,Overview.aspx?code=011853,Mainland Securities Fund,5,0.7454,2026-10-09,+0.85,-2.80,+2.59,-4.39,-13.72,-10.37,2026-10-09,,-18.19,-11.89,+8.33,+4.95,Casdocument.aspx?documentid=662057558,Casdocument.aspx?documentid=653325238,Casdocument.aspx?documentid=671375142,Casdocument.aspx?documentid=677818910,,Casdocument.aspx?documentid=331661413,Casdocument.aspx?documentid=662065312,Casdocument.aspx?documentid=331661399,FundDocuments.aspx?query=all&fund=011853,https://danjuanfunds.com/funding/011853
011854,[仅电子渠道]招商中证消费龙头指数增强型证券投资基金C类,招商中证消费龙头指数增强型证券投资基金C类,online_only,Overview.aspx?code=011854,Mainland Securities Fund,5,0.7295,2026-10-09,+0.84,-2.84,+2.47,-4.59,-14.07,-10.64,2026-10-09,,-18.52,-12.24,+7.89,+4.53,Casdocument.aspx?documentid=662057558,Casdocument.aspx?documentid=653325238,Casdocument.aspx?documentid=671375142,Casdocument.aspx?documentid=677818910,,Casdocument.aspx?documentid=331661413,Casdocument.aspx?documentid=662065336,Casdocument.aspx?documentid=331661399,FundDocuments.aspx?query=all&fund=011854,https://danjuanfunds.com/funding/011854
011924,[仅电子渠道]嘉实港股互联网产业核心资产混合型证券投资基金A类,嘉实港股互联网产业核心资产混合型证券投资基金A类,online_only,Overview.aspx?code=011924,Mainland Securities Fund,5,0.602,2026-10-09,+2.91,-4.09,-11.94,-14.68,-39.39,-24.50,2026-10-09,,-15.09,-23.94,+10.31,+28.24,Casdocument.aspx?documentid=672247274,Casdocument.aspx?documentid=652981476,Casdocument.aspx?documentid=671328475,Casdocument.aspx?documentid=677814139,,Casdocument.aspx?documentid=667603122,Casdocument.aspx?documentid=672215208,Casdocument.aspx?documentid=344908544,FundDocuments.aspx?query=all&fund=011924,https://danjuanfunds.com/funding/011924
011925,[仅电子渠道]嘉实港股互联网产业核心资产混合型证券投资基金C类,嘉实港股互联网产业核心资产混合型证券投资基金C类,online_only,Overview.aspx?code=011925,Mainland Securities Fund,5,0.5877,2026-10-09,+2.91,-4.14,-12.05,-14.91,-39.70,-24.81,2026-10-09,,-15.51,-24.28,+9.78,+27.75,Casdocument.aspx?documentid=672247274,Casdocument.aspx?documentid=652981476,Casdocument.aspx?documentid=671328475,Casdocument.aspx?documentid=677814139,,Casdocument.aspx?documentid=667603122,Casdocument.aspx?documentid=672215222,Casdocument.aspx?documentid=344908544,FundDocuments.aspx?query=all&fund=011925,https://danjuanfunds.com/funding/011925
012060,[仅电子渠道]富国全球消费精选混合型证券投资基金(QDII)人民币A类,富国全球消费精选混合型证券投资基金人民币A类,"online_only,qdii",Overview.aspx?code=012060,Mainland Securities Fund,4,1.4472,2026-10-08,-1.01,-3.62,-5.32,-12.40,-17.95,-10.53,2026-10-08,,-14.91,-0.37,+38.53,+42.80,Casdocument.aspx?documentid=667433285,Casdocument.aspx?documentid=653240496,Casdocument.aspx?documentid=671453226,Casdocument.aspx?documentid=677808163,,Casdocument.aspx?documentid=567013604,Casdocument.aspx?documentid=667426106,Casdocument.aspx?documentid=344486087,FundDocuments.aspx?query=all&fund=012060,https://danjuanfunds.com/funding/012060
012062,[仅电子渠道]富国全球消费精选混合型证券投资基金(QDII)人民币C类,富国全球消费精选混合型证券投资基金人民币C类,"online_only,qdii",Overview.aspx?code=012062,Mainland Securities Fund,4,1.402,2026-10-08,-1.01,-3.66,-5.46,-12.65,-18.43,-10.93,2026-10-08,,-15.42,-0.96,+37.70,+41.84,Casdocument.aspx?documentid=667433285,Casdocument.aspx?documentid=653240496,Casdocument.aspx?documentid=671453226,Casdocument.aspx?documentid=677808163,,Casdocument.aspx?documentid=567013604,Casdocument.aspx?documentid=667426133,Casdocument.aspx?documentid=344486087,FundDocuments.aspx?query=all&fund=012062,https://danjuanfunds.com/funding/012062
012246,[仅电子渠道]博时月月享30天持有期短债债券型发起式证券投资基金A类,博时月月享30天持有期短债债券型发起式证券投资基金A类,online_only,Overview.aspx?code=012246,Mainland Securities Fund,3,1.1393,2026-10-09,+0.02,+0.18,+0.47,+0.92,+1.80,+1.41,2026-10-09,,+2.13,+3.29,+2.92,+1.65,Casdocument.aspx?documentid=682411163,Casdocument.aspx?documentid=653242592,Casdocument.aspx?documentid=671358676,Casdocument.aspx?documentid=677793647,,Casdocument.aspx?documentid=333768065,Casdocument.aspx?documentid=667413792,Casdocument.aspx?documentid=333768055,FundDocuments.aspx?query=all&fund=012246,https://danjuanfunds.com/funding/012246
012247,[仅电子渠道]博时月月享30天持有期短债债券型发起式证券投资基金C类,博时月月享30天持有期短债债券型发起式证券投资基金C类,online_only,Overview.aspx?code=012247,Mainland Securities Fund,3,1.1269,2026-10-09,+0.02,+0.15,+0.41,+0.82,+1.60,+1.25,2026-10-09,,+1.92,+3.08,+2.75,+1.44,Casdocument.aspx?documentid=682411163,Casdocument.aspx?documentid=653242592,Casdocument.aspx?documentid=671358676,Casdocument.aspx?documentid=677793647,,Casdocument.aspx?documentid=333768065,Casdocument.aspx?documentid=667412707,Casdocument.aspx?documentid=333768055,FundDocuments.aspx?query=all&fund=012247,https://danjuanfunds.com/funding/012247
012358,汇丰晋信医疗先锋混合型证券投资基金（暂停申购）,汇丰晋信医疗先锋混合型证券投资基金,suspended,Overview.aspx?code=012358,Mainland Securities Fund,5,0.6915,2026-10-09,+0.39,-2.05,-5.10,-13.30,-22.76,-7.95,2026-10-09,,-26.58,-12.52,-19.82,+56.99,Casdocument.aspx?documentid=667849883,Casdocument.aspx?documentid=653243679,Casdocument.aspx?documentid=671379436,Casdocument.aspx?documentid=677764684,,Casdocument.aspx?documentid=558526057,Casdocument.aspx?documentid=667837579,Casdocument.aspx?documentid=338334251,FundDocuments.aspx?query=all&fund=012358,https://danjuanfunds.com/funding/012358
012362,[仅电子渠道]国泰中证全指证券公司交易型开放式指数证券投资基金发起式联接基金A类,国泰中证全指证券公司交易型开放式指数证券投资基金发起式联接基金A类,online_only,Overview.aspx?code=012362,Mainland Securities Fund,5,1.0057,2026-10-09,+2.02,-4.31,-8.36,+0.30,-17.27,-13.88,2026-10-09,,-24.65,+3.82,+33.70,+4.13,Casdocument.aspx?documentid=681209170,Casdocument.aspx?documentid=652957238,Casdocument.aspx?documentid=671333464,Casdocument.aspx?documentid=677794573,,Casdocument.aspx?documentid=548029762,Casdocument.aspx?documentid=681144819,Casdocument.aspx?documentid=336204211,FundDocuments.aspx?query=all&fund=012362,https://danjuanfunds.com/funding/012362
012588,[仅电子渠道]南方港股通优势企业混合型证券投资基金A类（暂停申购）,南方港股通优势企业混合型证券投资基金A类,"online_only,suspended",Overview.aspx?code=012588,Mainland Securities Fund,3,1.0955,2026-10-09,+1.09,-4.61,-6.16,-10.17,-19.44,-12.36,2026-10-09,,-12.84,-13.34,+15.09,+51.75,Casdocument.aspx?documentid=672246723,Casdocument.aspx?documentid=653254763,Casdocument.aspx?documentid=671474091,Casdocument.aspx?documentid=677819942,,Casdocument.aspx?documentid=667606278,Casdocument.aspx?documentid=672213954,Casdocument.aspx?documentid=340724707,FundDocuments.aspx?query=all&fund=012588,https://danjuanfunds.com/funding/012588
012589,[仅电子渠道]南方港股通优势企业混合型证券投资基金C类（暂停申购）,南方港股通优势企业混合型证券投资基金C类,"online_only,suspended",Overview.aspx?code=012589,Mainland Securities Fund,3,1.0556,2026-10-09,+1.09,-4.65,-6.29,-10.44,-20.22,-13.08,2026-10-09,,-13.37,-13.89,+14.43,+50.55,Casdocument.aspx?documentid=672246723,Casdocument.aspx?documentid=653254763,Casdocument.aspx?documentid=671474091,Casdocument.aspx?documentid=677819942,,Casdocument.aspx?documentid=667606278,Casdocument.aspx?documentid=672213856,Casdocument.aspx?documentid=340724707,FundDocuments.aspx?query=all&fund=012589,https://danjuanfunds.com/funding/012589
012619,嘉实中证软件服务交易型开放式指数证券投资基金联接基金A类,嘉实中证软件服务交易型开放式指数证券投资基金联接基金A类,,Overview.aspx?code=012619,Mainland Securities Fund,5,0.5754,2026-10-09,+3.14,-3.10,-7.36,-17.13,-34.51,-26.05,2026-10-09,,-23.34,-6.87,-0.44,+10.15,Casdocument.aspx?documentid=682055880,Casdocument.aspx?documentid=652982386,Casdocument.aspx?documentid=671328524,Casdocument.aspx?documentid=677809294,,Casdocument.aspx?documentid=524883324,Casdocument.aspx?documentid=664934265,Casdocument.aspx?documentid=356499442,FundDocuments.aspx?query=all&fund=012619,https://danjuanfunds.com/funding/012619
012620,嘉实中证软件服务交易型开放式指数证券投资基金联接基金C类,嘉实中证软件服务交易型开放式指数证券投资基金联接基金C类,,Overview.aspx?code=012620,Mainland Securities Fund,5,0.5684,2026-10-09,+3.14,-3.12,-7.43,-17.23,-34.67,-26.20,2026-10-09,,-23.54,-7.09,-0.69,+9.89,Casdocument.aspx?documentid=682055880,Casdocument.aspx?documentid=652982386,Casdocument.aspx?documentid=671328524,Casdocument.aspx?documentid=677809294,,Casdocument.aspx?documentid=524883324,Casdocument.aspx?documentid=664934449,Casdocument.aspx?documentid=356499442,FundDocuments.aspx?query=all&fund=012620,https://danjuanfunds.com/funding/012620
012636,[仅电子渠道]国泰中证全指软件交易型开放式指数证券投资基金发起式联接基金A类,国泰中证全指软件交易型开放式指数证券投资基金发起式联接基金A类,online_only,Overview.aspx?code=012636,Mainland Securities Fund,5,0.6745,2026-10-09,+3.50,-3.33,-4.84,-16.66,-32.58,-24.91,2026-10-09,,-21.39,-1.02,+0.37,+12.85,Casdocument.aspx?documentid=681208849,Casdocument.aspx?documentid=652957191,Casdocument.aspx?documentid=671328968,Casdocument.aspx?documentid=677794366,,Casdocument.aspx?documentid=518023977,Casdocument.aspx?documentid=681135958,Casdocument.aspx?documentid=341658129,FundDocuments.aspx?query=all&fund=012636,https://danjuanfunds.com/funding/012636
012650,[仅电子渠道]博时半导体主题混合型证券投资基金A类（暂停申购）,博时半导体主题混合型证券投资基金A类,"online_only,suspended",Overview.aspx?code=012650,Mainland Securities Fund,5,1.4901,2026-10-09,-0.42,-7.49,-36.96,+14.39,+6.22,+17.88,2026-10-09,,-26.61,+0.91,+16.09,+51.01,Casdocument.aspx?documentid=682391775,Casdocument.aspx?documentid=653255921,Casdocument.aspx?documentid=671363003,Casdocument.aspx?documentid=677796490,,Casdocument.aspx?documentid=676656259,Casdocument.aspx?documentid=681154959,Casdocument.aspx?documentid=341658119,FundDocuments.aspx?query=all&fund=012650,https://danjuanfunds.com/funding/012650
012651,[仅电子渠道]博时半导体主题混合型证券投资基金C类（暂停申购）,博时半导体主题混合型证券投资基金C类,"online_only,suspended",Overview.aspx?code=012651,Mainland Securities Fund,5,1.4443,2026-10-09,-0.42,-7.54,-37.05,+14.05,+5.59,+17.34,2026-10-09,,-27.04,+0.30,+15.41,+50.09,Casdocument.aspx?documentid=682391775,Casdocument.aspx?documentid=653255921,Casdocument.aspx?documentid=671363003,Casdocument.aspx?documentid=677796490,,Casdocument.aspx?documentid=676656259,Casdocument.aspx?documentid=681154977,Casdocument.aspx?documentid=341658119,FundDocuments.aspx?query=all&fund=012651,https://danjuanfunds.com/funding/012651
012733,易方达中证人工智能主题交易型开放式指数证券投资基金联接基金A类,易方达中证人工智能主题交易型开放式指数证券投资基金联接基金A类,,Overview.aspx?code=012733,Mainland Securities Fund,5,1.8622,2026-10-09,+0.15,-6.04,-24.73,+3.43,+3.79,+5.21,2026-10-09,,,+11.65,+20.61,+63.47,Casdocument.aspx?documentid=667433926,Casdocument.aspx?documentid=653265826,Casdocument.aspx?documentid=671335616,Casdocument.aspx?documentid=677862290,,Casdocument.aspx?documentid=364565637,Casdocument.aspx?documentid=674591018,Casdocument.aspx?documentid=364565385,FundDocuments.aspx?query=all&fund=012733,https://danjuanfunds.com/funding/012733
012734,易方达中证人工智能主题交易型开放式指数证券投资基金联接基金C类,易方达中证人工智能主题交易型开放式指数证券投资基金联接基金C类,,Overview.aspx?code=012734,Mainland Securities Fund,5,1.854,2026-10-09,+0.15,-6.05,-24.74,+3.37,+3.69,+5.13,2026-10-09,,,+11.54,+20.50,+63.30,Casdocument.aspx?documentid=667433926,Casdocument.aspx?documentid=653265826,Casdocument.aspx?documentid=671335616,Casdocument.aspx?documentid=677862290,,Casdocument.aspx?documentid=364565637,Casdocument.aspx?documentid=674591972,Casdocument.aspx?documentid=364565385,FundDocuments.aspx?query=all&fund=012734,https://danjuanfunds.com/funding/012734
012804,[仅电子渠道]广发恒生科技交易型开放式指数证券投资基金联接基金(QDII) A类,广发恒生科技交易型开放式指数证券投资基金联接基金 A类,"online_only,qdii",Overview.aspx?code=012804,Mainland Securities Fund,5,0.675,2026-10-09,+2.79,-5.45,-11.88,-14.36,-38.03,-26.81,2026-10-09,,-20.79,-9.30,+19.54,+18.12,Casdocument.aspx?documentid=666679471,Casdocument.aspx?documentid=652944044,Casdocument.aspx?documentid=671093130,Casdocument.aspx?documentid=677759688,,Casdocument.aspx?documentid=534070382,Casdocument.aspx?documentid=666678545,Casdocument.aspx?documentid=346185306,FundDocuments.aspx?query=all&fund=012804,https://danjuanfunds.com/funding/012804
012805,[仅电子渠道]广发恒生科技交易型开放式指数证券投资基金联接基金(QDII) C类,广发恒生科技交易型开放式指数证券投资基金联接基金 C类,"online_only,qdii",Overview.aspx?code=012805,Mainland Securities Fund,5,0.6679,2026-10-09,+2.80,-5.46,-11.92,-14.44,-38.15,-26.92,2026-10-09,,-20.95,-9.50,+19.26,+17.89,Casdocument.aspx?documentid=666679471,Casdocument.aspx?documentid=652944044,Casdocument.aspx?documentid=671093130,Casdocument.aspx?documentid=677759688,,Casdocument.aspx?documentid=534070382,Casdocument.aspx?documentid=666678610,Casdocument.aspx?documentid=346185306,FundDocuments.aspx?query=all&fund=012805,https://danjuanfunds.com/funding/012805
012821,易方达悦丰一年持有期混合型证券投资基金A类（暂停申购）,易方达悦丰一年持有期混合型证券投资基金A类,suspended,Overview.aspx?code=012821,Mainland Securities Fund,3,1.1539,2026-10-09,+0.03,-0.17,+0.26,+1.39,+3.32,+3.01,2026-10-09,,-0.58,+0.75,+5.11,+4.98,Casdocument.aspx?documentid=648224294,Casdocument.aspx?documentid=653266495,Casdocument.aspx?documentid=671339702,Casdocument.aspx?documentid=677851425,,Casdocument.aspx?documentid=346937208,Casdocument.aspx?documentid=674590291,Casdocument.aspx?documentid=346936987,FundDocuments.aspx?query=all&fund=012821,https://danjuanfunds.com/funding/012821
012920,[仅电子渠道]易方达全球成长精选混合型证券投资基金（QDII）A类,易方达全球成长精选混合型证券投资基金A类,"online_only,qdii",Overview.aspx?code=012920,Mainland Securities Fund,4,3.6863,2026-10-08,-1.59,-2.53,-16.91,+18.61,+59.74,+47.12,2026-10-08,,,+13.02,+37.03,+83.95,Casdocument.aspx?documentid=667433963,Casdocument.aspx?documentid=653266548,Casdocument.aspx?documentid=671335670,Casdocument.aspx?documentid=677844675,,Casdocument.aspx?documentid=658440383,Casdocument.aspx?documentid=674591110,Casdocument.aspx?documentid=367666032,FundDocuments.aspx?query=all&fund=012920,https://danjuanfunds.com/funding/012920
012922,[仅电子渠道]易方达全球成长精选混合型证券投资基金（QDII）C类,易方达全球成长精选混合型证券投资基金C类,"online_only,qdii",Overview.aspx?code=012922,Mainland Securities Fund,4,3.6097,2026-10-08,-1.60,-2.56,-17.04,+18.29,+58.88,+46.52,2026-10-08,,,+12.56,+36.54,+83.04,Casdocument.aspx?documentid=667433963,Casdocument.aspx?documentid=653266548,Casdocument.aspx?documentid=671335670,Casdocument.aspx?documentid=677844675,,Casdocument.aspx?documentid=658440383,Casdocument.aspx?documentid=674591117,Casdocument.aspx?documentid=367666032,FundDocuments.aspx?query=all&fund=012922,https://danjuanfunds.com/funding/012922
013171,[仅电子渠道]华夏恒生互联网科技业交易型开放式指数证券投资基金发起式联接基金(QDII)A类,华夏恒生互联网科技业交易型开放式指数证券投资基金发起式联接基金A类,"online_only,qdii",Overview.aspx?code=013171,Mainland Securities Fund,5,0.5433,2026-10-09,+3.25,-5.08,-10.60,-19.69,-42.88,-32.92,2026-10-09,,-17.25,-23.40,+17.88,+22.82,Casdocument.aspx?documentid=663026793,Casdocument.aspx?documentid=653239691,Casdocument.aspx?documentid=671328647,Casdocument.aspx?documentid=677819809,,Casdocument.aspx?documentid=577681549,Casdocument.aspx?documentid=663040060,Casdocument.aspx?documentid=348908173,FundDocuments.aspx?query=all&fund=013171,https://danjuanfunds.com/funding/013171
013172,[仅电子渠道]华夏恒生互联网科技业交易型开放式指数证券投资基金发起式联接基金(QDII)C类,华夏恒生互联网科技业交易型开放式指数证券投资基金发起式联接基金C类,"online_only,qdii",Overview.aspx?code=013172,Mainland Securities Fund,5,0.5349,2026-10-09,+3.24,-5.13,-10.67,-19.81,-43.05,-33.08,2026-10-09,,-17.49,-23.64,+17.50,+22.46,Casdocument.aspx?documentid=663026793,Casdocument.aspx?documentid=653239691,Casdocument.aspx?documentid=671328647,Casdocument.aspx?documentid=677819809,,Casdocument.aspx?documentid=577681549,Casdocument.aspx?documentid=663039555,Casdocument.aspx?documentid=348908173,FundDocuments.aspx?query=all&fund=013172,https://danjuanfunds.com/funding/013172
013310,[仅电子渠道]华夏中证科创创业50交易型开放式指数证券投资基金发起式联接基金A类,华夏中证科创创业50交易型开放式指数证券投资基金发起式联接基金A类,online_only,Overview.aspx?code=013310,Mainland Securities Fund,5,1.0681,2026-10-09,-0.26,-9.24,-30.11,+0.29,+0.92,+2.75,2026-10-09,,-26.71,-17.39,+13.35,+58.15,Casdocument.aspx?documentid=663026788,Casdocument.aspx?documentid=653252674,Casdocument.aspx?documentid=671328605,Casdocument.aspx?documentid=677815828,,Casdocument.aspx?documentid=554675045,Casdocument.aspx?documentid=663037777,Casdocument.aspx?documentid=348908131,FundDocuments.aspx?query=all&fund=013310,https://danjuanfunds.com/funding/013310
013311,[仅电子渠道]华夏中证科创创业50交易型开放式指数证券投资基金发起式联接基金C类,华夏中证科创创业50交易型开放式指数证券投资基金发起式联接基金C类,online_only,Overview.aspx?code=013311,Mainland Securities Fund,5,1.0519,2026-10-09,-0.26,-9.26,-30.16,+0.14,+0.62,+2.52,2026-10-09,,-26.92,-17.65,+13.01,+57.68,Casdocument.aspx?documentid=663026788,Casdocument.aspx?documentid=653252674,Casdocument.aspx?documentid=671328605,Casdocument.aspx?documentid=677815828,,Casdocument.aspx?documentid=554675045,Casdocument.aspx?documentid=663038342,Casdocument.aspx?documentid=348908131,FundDocuments.aspx?query=all&fund=013311,https://danjuanfunds.com/funding/013311
013328,[仅电子渠道]嘉实全球价值机会股票型证券投资基金（QDII）,嘉实全球价值机会股票型证券投资基金,"online_only,qdii",Overview.aspx?code=013328,Mainland Securities Fund,4,1.6029,2026-10-08,-0.48,-1.31,-2.67,+7.28,+11.20,+9.86,2026-10-08,,-14.78,+19.62,+22.23,+18.07,Casdocument.aspx?documentid=660680605,Casdocument.aspx?documentid=652978301,Casdocument.aspx?documentid=671328562,Casdocument.aspx?documentid=677809138,,Casdocument.aspx?documentid=564201821,Casdocument.aspx?documentid=664934387,Casdocument.aspx?documentid=360110783,FundDocuments.aspx?query=all&fund=013328,https://danjuanfunds.com/funding/013328
013380,[仅电子渠道]景顺长城景泰纯利债券型证券投资基金C类,景顺长城景泰纯利债券型证券投资基金C类,online_only,Overview.aspx?code=013380,Mainland Securities Fund,3,1.1935,2026-10-09,+0.02,-0.15,+0.13,+0.13,+2.62,+1.69,2026-10-09,,,,+6.03,+2.64,Casdocument.aspx?documentid=662234531,Casdocument.aspx?documentid=652388280,Casdocument.aspx?documentid=671333393,Casdocument.aspx?documentid=677453843,,Casdocument.aspx?documentid=427523540,Casdocument.aspx?documentid=662234942,Casdocument.aspx?documentid=658034451,FundDocuments.aspx?query=all&fund=013380,https://danjuanfunds.com/funding/013380
013402,[仅电子渠道]华夏恒生科技交易型开放式指数证券投资基金发起式联接基金(QDII)A类,华夏恒生科技交易型开放式指数证券投资基金发起式联接基金A类,"online_only,qdii",Overview.aspx?code=013402,Mainland Securities Fund,5,0.6932,2026-10-09,+2.82,-5.47,-11.72,-14.22,-37.86,-26.69,2026-10-09,,-20.06,-8.74,+20.55,+18.35,Casdocument.aspx?documentid=663029304,Casdocument.aspx?documentid=653224004,Casdocument.aspx?documentid=671328638,Casdocument.aspx?documentid=677815873,,Casdocument.aspx?documentid=577681537,Casdocument.aspx?documentid=663037487,Casdocument.aspx?documentid=352308742,FundDocuments.aspx?query=all&fund=013402,https://danjuanfunds.com/funding/013402
013403,[仅电子渠道]华夏恒生科技交易型开放式指数证券投资基金发起式联接基金(QDII)C类,华夏恒生科技交易型开放式指数证券投资基金发起式联接基金C类,"online_only,qdii",Overview.aspx?code=013403,Mainland Securities Fund,5,0.6829,2026-10-09,+2.82,-5.48,-11.78,-14.34,-38.04,-26.85,2026-10-09,,-20.29,-9.02,+20.19,+18.00,Casdocument.aspx?documentid=663029304,Casdocument.aspx?documentid=653224004,Casdocument.aspx?documentid=671328638,Casdocument.aspx?documentid=677815873,,Casdocument.aspx?documentid=577681537,Casdocument.aspx?documentid=663037799,Casdocument.aspx?documentid=352308742,FundDocuments.aspx?query=all&fund=013403,https://danjuanfunds.com/funding/013403
013449,[仅电子渠道]广发景宁纯债债券型证券投资基金C类,广发景宁纯债债券型证券投资基金C类,online_only,Overview.aspx?code=013449,Mainland Securities Fund,3,1.2158,2026-10-09,+0.02,+0.29,+0.67,+1.34,+3.22,+2.51,2026-10-09,,+1.77,+5.52,+4.65,+1.66,Casdocument.aspx?documentid=672243590,Casdocument.aspx?documentid=652931994,Casdocument.aspx?documentid=671093401,Casdocument.aspx?documentid=677764633,,Casdocument.aspx?documentid=667600979,Casdocument.aspx?documentid=672212632,Casdocument.aspx?documentid=658038067,FundDocuments.aspx?query=all&fund=013449,https://danjuanfunds.com/funding/013449
013465,博时智选量化多因子股票型证券投资基金A类,博时智选量化多因子股票型证券投资基金A类,,Overview.aspx?code=013465,Mainland Securities Fund,4,1.0669,2026-10-09,+0.40,-2.48,-9.88,+5.95,-4.84,+2.73,2026-10-09,,-12.04,-4.50,+28.60,+44.04,Casdocument.aspx?documentid=682411152,Casdocument.aspx?documentid=653256654,Casdocument.aspx?documentid=671351167,Casdocument.aspx?documentid=677794851,,Casdocument.aspx?documentid=456234738,Casdocument.aspx?documentid=667413419,Casdocument.aspx?documentid=356960038,FundDocuments.aspx?query=all&fund=013465,https://danjuanfunds.com/funding/013465
013466,博时智选量化多因子股票型证券投资基金C类,博时智选量化多因子股票型证券投资基金C类,,Overview.aspx?code=013466,Mainland Securities Fund,4,1.0625,2026-10-09,+0.40,-2.52,-10.00,+5.68,-5.31,+2.34,2026-10-09,,-12.49,-4.97,+27.97,+43.32,Casdocument.aspx?documentid=682411152,Casdocument.aspx?documentid=653256654,Casdocument.aspx?documentid=671351167,Casdocument.aspx?documentid=677794851,,Casdocument.aspx?documentid=456234738,Casdocument.aspx?documentid=667408338,Casdocument.aspx?documentid=356960038,FundDocuments.aspx?query=all&fund=013466,https://danjuanfunds.com/funding/013466
013824,汇丰晋信慧悦混合型证券投资基金（暂停申购）,汇丰晋信慧悦混合型证券投资基金,suspended,Overview.aspx?code=013824,Mainland Securities Fund,2,1.0756,2026-10-09,+0.20,-2.38,-0.90,-3.25,-8.19,-6.66,2026-10-09,,,+0.30,+4.49,+9.26,Casdocument.aspx?documentid=667849892,Casdocument.aspx?documentid=653236228,Casdocument.aspx?documentid=671379414,Casdocument.aspx?documentid=677783226,,Casdocument.aspx?documentid=365847662,Casdocument.aspx?documentid=667842966,Casdocument.aspx?documentid=661816630,FundDocuments.aspx?query=all&fund=013824,https://danjuanfunds.com/funding/013824
014059,[仅电子渠道]富国安慧短债债券型证券投资基金A类,富国安慧短债债券型证券投资基金A类,online_only,Overview.aspx?code=014059,Mainland Securities Fund,3,1.1108,2026-10-09,+0.02,+0.16,+0.44,+0.84,+1.88,+1.44,2026-10-09,,,+3.71,+3.07,+1.68,Casdocument.aspx?documentid=664298422,Casdocument.aspx?documentid=653242405,Casdocument.aspx?documentid=671453968,Casdocument.aspx?documentid=677808259,,Casdocument.aspx?documentid=496613508,Casdocument.aspx?documentid=664298592,Casdocument.aspx?documentid=391858650,FundDocuments.aspx?query=all&fund=014059,https://danjuanfunds.com/funding/014059
014060,[仅电子渠道]富国安慧短债债券型证券投资基金C类,富国安慧短债债券型证券投资基金C类,online_only,Overview.aspx?code=014060,Mainland Securities Fund,3,1.1013,2026-10-09,+0.01,+0.15,+0.39,+0.74,+1.67,+1.29,2026-10-09,,,+3.50,+2.88,+1.47,Casdocument.aspx?documentid=664298422,Casdocument.aspx?documentid=653242405,Casdocument.aspx?documentid=671453968,Casdocument.aspx?documentid=677808259,,Casdocument.aspx?documentid=496613508,Casdocument.aspx?documentid=664298605,Casdocument.aspx?documentid=391858650,FundDocuments.aspx?query=all&fund=014060,https://danjuanfunds.com/funding/014060
014114,[仅电子渠道]广发沪港深医药混合型证券投资基金A类,广发沪港深医药混合型证券投资基金A类,online_only,Overview.aspx?code=014114,Mainland Securities Fund,5,1.0781,2026-10-09,-0.51,-0.17,+7.01,-3.63,-7.01,+10.29,2026-10-09,,-12.80,-16.83,-10.68,+50.94,Casdocument.aspx?documentid=664015296,Casdocument.aspx?documentid=652932233,Casdocument.aspx?documentid=671093395,Casdocument.aspx?documentid=677783213,,Casdocument.aspx?documentid=456482870,Casdocument.aspx?documentid=664005053,Casdocument.aspx?documentid=365297844,FundDocuments.aspx?query=all&fund=014114,https://danjuanfunds.com/funding/014114
014115,[仅电子渠道]广发沪港深医药混合型证券投资基金C类,广发沪港深医药混合型证券投资基金C类,online_only,Overview.aspx?code=014115,Mainland Securities Fund,5,1.0576,2026-10-09,-0.51,-0.21,+6.89,-3.83,-7.41,+9.91,2026-10-09,,-13.15,-17.17,-11.03,+50.39,Casdocument.aspx?documentid=664015296,Casdocument.aspx?documentid=652932233,Casdocument.aspx?documentid=671093395,Casdocument.aspx?documentid=677783213,,Casdocument.aspx?documentid=456482870,Casdocument.aspx?documentid=664005434,Casdocument.aspx?documentid=365297844,FundDocuments.aspx?query=all&fund=014115,https://danjuanfunds.com/funding/014115
014117,[仅电子渠道]国泰中证沪港深创新药产业交易型开放式指数证券投资基金发起式联接基金A类,国泰中证沪港深创新药产业交易型开放式指数证券投资基金发起式联接基金A类,online_only,Overview.aspx?code=014117,Mainland Securities Fund,5,0.8594,2026-10-09,-0.39,+0.82,+10.41,+7.16,-5.23,+11.36,2026-10-09,,-19.08,-12.45,-14.96,+36.95,Casdocument.aspx?documentid=681208845,Casdocument.aspx?documentid=652958171,Casdocument.aspx?documentid=671333376,Casdocument.aspx?documentid=677793774,,Casdocument.aspx?documentid=362338832,Casdocument.aspx?documentid=681135833,Casdocument.aspx?documentid=362339562,FundDocuments.aspx?query=all&fund=014117,https://danjuanfunds.com/funding/014117
014118,[仅电子渠道]国泰中证沪港深创新药产业交易型开放式指数证券投资基金发起式联接基金C类,国泰中证沪港深创新药产业交易型开放式指数证券投资基金发起式联接基金C类,online_only,Overview.aspx?code=014118,Mainland Securities Fund,5,0.8469,2026-10-09,-0.40,+0.80,+10.33,+7.00,-5.51,+11.11,2026-10-09,,-19.32,-12.70,-15.22,+36.52,Casdocument.aspx?documentid=681208845,Casdocument.aspx?documentid=652958171,Casdocument.aspx?documentid=671333376,Casdocument.aspx?documentid=677793774,,Casdocument.aspx?documentid=362338832,Casdocument.aspx?documentid=681135885,Casdocument.aspx?documentid=362339562,FundDocuments.aspx?query=all&fund=014118,https://danjuanfunds.com/funding/014118
014163,[仅电子渠道]富国港股通量化精选股票型证券投资基金C类,富国港股通量化精选股票型证券投资基金C类,online_only,Overview.aspx?code=014163,Mainland Securities Fund,4,1.2179,2026-10-09,+1.41,-4.29,-0.62,-6.58,-14.12,-8.19,2026-10-09,,-9.76,-6.17,+26.68,+31.41,Casdocument.aspx?documentid=663320456,Casdocument.aspx?documentid=653238946,Casdocument.aspx?documentid=671445469,Casdocument.aspx?documentid=677813100,,Casdocument.aspx?documentid=658440015,Casdocument.aspx?documentid=663319245,Casdocument.aspx?documentid=658050673,FundDocuments.aspx?query=all&fund=014163,https://danjuanfunds.com/funding/014163
014341,摩根时代睿选股票型证券投资基金A类（暂停申购）,摩根时代睿选股票型证券投资基金A类,suspended,Overview.aspx?code=014341,Mainland Securities Fund,3,1.7222,2026-10-09,-0.80,-7.15,-27.74,+2.44,+12.18,+16.17,2026-10-09,,,,-1.38,+56.38,Casdocument.aspx?documentid=664018343,Casdocument.aspx?documentid=653191398,Casdocument.aspx?documentid=671365753,Casdocument.aspx?documentid=677773458,,Casdocument.aspx?documentid=468228949,Casdocument.aspx?documentid=664005615,Casdocument.aspx?documentid=439971119,FundDocuments.aspx?query=all&fund=014341,https://danjuanfunds.com/funding/014341
014342,摩根时代睿选股票型证券投资基金C类（暂停申购）,摩根时代睿选股票型证券投资基金C类,suspended,Overview.aspx?code=014342,Mainland Securities Fund,3,1.6935,2026-10-09,-0.80,-7.19,-27.83,+2.18,+11.61,+15.72,2026-10-09,,,,-1.89,+55.61,Casdocument.aspx?documentid=664018343,Casdocument.aspx?documentid=653191398,Casdocument.aspx?documentid=671365753,Casdocument.aspx?documentid=677773458,,Casdocument.aspx?documentid=468228949,Casdocument.aspx?documentid=664005583,Casdocument.aspx?documentid=439971119,FundDocuments.aspx?query=all&fund=014342,https://danjuanfunds.com/funding/014342
014412,[仅电子渠道]招商核心竞争力混合型证券投资基金A类（暂停申购）,招商核心竞争力混合型证券投资基金A类,"online_only,suspended",Overview.aspx?code=014412,Mainland Securities Fund,4,1.1457,2026-10-09,+0.76,-2.09,+7.43,-2.74,-7.97,-6.71,2026-10-09,,,-18.23,+7.54,+19.63,Casdocument.aspx?documentid=681240334,Casdocument.aspx?documentid=653329969,Casdocument.aspx?documentid=671407951,Casdocument.aspx?documentid=677818653,,Casdocument.aspx?documentid=676656004,Casdocument.aspx?documentid=681189351,Casdocument.aspx?documentid=380030744,FundDocuments.aspx?query=all&fund=014412,https://danjuanfunds.com/funding/014412
014413,[仅电子渠道]招商核心竞争力混合型证券投资基金C类（暂停申购）,招商核心竞争力混合型证券投资基金C类,"online_only,suspended",Overview.aspx?code=014413,Mainland Securities Fund,4,1.104,2026-10-09,+0.76,-2.15,+7.22,-3.13,-8.70,-7.28,2026-10-09,,,-18.90,+6.69,+18.65,Casdocument.aspx?documentid=681240334,Casdocument.aspx?documentid=653329969,Casdocument.aspx?documentid=671407951,Casdocument.aspx?documentid=677818653,,Casdocument.aspx?documentid=676656004,Casdocument.aspx?documentid=681189207,Casdocument.aspx?documentid=380030744,FundDocuments.aspx?query=all&fund=014413,https://danjuanfunds.com/funding/014413
014423,汇丰晋信研究精选混合型证券投资基金,汇丰晋信研究精选混合型证券投资基金,,Overview.aspx?code=014423,Mainland Securities Fund,5,0.6421,2026-10-09,+1.66,-3.81,-3.47,-27.66,-40.27,-30.22,2026-10-09,,,-24.61,-1.19,+38.92,Casdocument.aspx?documentid=672238970,Casdocument.aspx?documentid=653243661,Casdocument.aspx?documentid=671379483,Casdocument.aspx?documentid=677785875,,Casdocument.aspx?documentid=667602750,Casdocument.aspx?documentid=672205497,Casdocument.aspx?documentid=367392387,FundDocuments.aspx?query=all&fund=014423,https://danjuanfunds.com/funding/014423
014424,博时恒生医疗保健交易型开放式指数证券投资基金发起式联接基金(QDII)A类,博时恒生医疗保健交易型开放式指数证券投资基金发起式联接基金A类,qdii,Overview.aspx?code=014424,Mainland Securities Fund,5,0.8981,2026-10-09,-0.07,-0.93,+9.90,-4.61,-20.11,-2.56,2026-10-09,,-4.14,-23.61,-15.38,+48.73,Casdocument.aspx?documentid=682406627,Casdocument.aspx?documentid=653253500,Casdocument.aspx?documentid=671352053,Casdocument.aspx?documentid=677793269,,Casdocument.aspx?documentid=365804525,Casdocument.aspx?documentid=667413096,Casdocument.aspx?documentid=365804534,FundDocuments.aspx?query=all&fund=014424,https://danjuanfunds.com/funding/014424
014425,博时恒生医疗保健交易型开放式指数证券投资基金发起式联接基金(QDII)C类,博时恒生医疗保健交易型开放式指数证券投资基金发起式联接基金C类,qdii,Overview.aspx?code=014425,Mainland Securities Fund,5,0.8906,2026-10-09,-0.07,-0.93,+9.86,-4.70,-20.27,-2.71,2026-10-09,,-4.23,-23.77,-15.53,+48.44,Casdocument.aspx?documentid=682406627,Casdocument.aspx?documentid=653253500,Casdocument.aspx?documentid=671352053,Casdocument.aspx?documentid=677793269,,Casdocument.aspx?documentid=365804525,Casdocument.aspx?documentid=667407421,Casdocument.aspx?documentid=365804534,FundDocuments.aspx?query=all&fund=014425,https://danjuanfunds.com/funding/014425
014430,[仅电子渠道]南方中证同业存单AAA指数7天持有期证券投资基金,南方中证同业存单AAA指数7天持有期证券投资基金,online_only,Overview.aspx?code=014430,Mainland Securities Fund,3,1.0973,2026-10-09,+0.01,+0.10,+0.27,+0.57,+1.29,+0.99,2026-10-09,,+2.23,+2.33,+2.33,+1.38,Casdocument.aspx?documentid=667235723,Casdocument.aspx?documentid=653255185,Casdocument.aspx?documentid=671473930,Casdocument.aspx?documentid=677820813,,Casdocument.aspx?documentid=365457889,Casdocument.aspx?documentid=667236123,Casdocument.aspx?documentid=365457896,FundDocuments.aspx?query=all&fund=014430,https://danjuanfunds.com/funding/014430
014438,博时恒生科技交易型开放式指数证券投资基金发起式联接基金(QDII)A类,博时恒生科技交易型开放式指数证券投资基金发起式联接基金A类,qdii,Overview.aspx?code=014438,Mainland Securities Fund,5,0.7655,2026-10-09,+2.82,-5.42,-11.64,-14.00,-37.72,-26.27,2026-10-09,,-19.75,-8.37,+19.79,+17.89,Casdocument.aspx?documentid=682391706,Casdocument.aspx?documentid=653244742,Casdocument.aspx?documentid=671467838,Casdocument.aspx?documentid=677794644,,Casdocument.aspx?documentid=365637114,Casdocument.aspx?documentid=667416279,Casdocument.aspx?documentid=365637124,FundDocuments.aspx?query=all&fund=014438,https://danjuanfunds.com/funding/014438
014439,博时恒生科技交易型开放式指数证券投资基金发起式联接基金(QDII)C类,博时恒生科技交易型开放式指数证券投资基金发起式联接基金C类,qdii,Overview.aspx?code=014439,Mainland Securities Fund,5,0.7534,2026-10-09,+2.83,-5.43,-11.69,-14.09,-37.85,-26.39,2026-10-09,,-20.36,-8.63,+19.56,+17.66,Casdocument.aspx?documentid=682391706,Casdocument.aspx?documentid=653244742,Casdocument.aspx?documentid=671467838,Casdocument.aspx?documentid=677794644,,Casdocument.aspx?documentid=365637114,Casdocument.aspx?documentid=667415292,Casdocument.aspx?documentid=365637124,FundDocuments.aspx?query=all&fund=014439,https://danjuanfunds.com/funding/014439
014443,汇丰晋信丰盈债券型证券投资基金A类（暂停申购）,汇丰晋信丰盈债券型证券投资基金A类,suspended,Overview.aspx?code=014443,Mainland Securities Fund,2,1.092,2026-10-09,+0.05,+0.28,+0.62,+1.24,+2.34,+2.06,2026-10-09,,,+3.73,+4.10,-0.57,Casdocument.aspx?documentid=667849930,Casdocument.aspx?documentid=653229116,Casdocument.aspx?documentid=671379518,Casdocument.aspx?documentid=677783400,,Casdocument.aspx?documentid=390091107,Casdocument.aspx?documentid=667842941,Casdocument.aspx?documentid=390091108,FundDocuments.aspx?query=all&fund=014443,https://danjuanfunds.com/funding/014443
014444,汇丰晋信丰盈债券型证券投资基金C类（暂停申购）,汇丰晋信丰盈债券型证券投资基金C类,suspended,Overview.aspx?code=014444,Mainland Securities Fund,2,1.0786,2026-10-09,+0.05,+0.26,+0.55,+1.10,+2.04,+1.83,2026-10-09,,,+3.42,+3.80,-0.87,Casdocument.aspx?documentid=667849930,Casdocument.aspx?documentid=653229116,Casdocument.aspx?documentid=671379518,Casdocument.aspx?documentid=677783400,,Casdocument.aspx?documentid=390091107,Casdocument.aspx?documentid=667842971,Casdocument.aspx?documentid=390091108,FundDocuments.aspx?query=all&fund=014444,https://danjuanfunds.com/funding/014444
014671,[仅电子渠道]富国裕利债券型证券投资基金A类,富国裕利债券型证券投资基金A类,online_only,Overview.aspx?code=014671,Mainland Securities Fund,3,1.1739,2026-10-09,+0.13,-0.94,-1.63,-0.42,+0.79,+0.89,2026-10-09,,,+2.72,+5.89,+5.60,Casdocument.aspx?documentid=635845162,Casdocument.aspx?documentid=653242602,Casdocument.aspx?documentid=671453886,Casdocument.aspx?documentid=677797032,,Casdocument.aspx?documentid=440345879,Casdocument.aspx?documentid=629034727,Casdocument.aspx?documentid=372802004,FundDocuments.aspx?query=all&fund=014671,https://danjuanfunds.com/funding/014671
014672,[仅电子渠道]富国裕利债券型证券投资基金C类,富国裕利债券型证券投资基金C类,online_only,Overview.aspx?code=014672,Mainland Securities Fund,3,1.1531,2026-10-09,+0.13,-0.97,-1.73,-0.63,+0.38,+0.57,2026-10-09,,,+2.32,+5.54,+5.18,Casdocument.aspx?documentid=635845162,Casdocument.aspx?documentid=653242602,Casdocument.aspx?documentid=671453886,Casdocument.aspx?documentid=677797032,,Casdocument.aspx?documentid=440345879,Casdocument.aspx?documentid=629035342,Casdocument.aspx?documentid=372802004,FundDocuments.aspx?query=all&fund=014672,https://danjuanfunds.com/funding/014672
014673,[仅电子渠道]富国中证港股通互联网交易型开放式指数证券投资基金发起式联接基金A类,富国中证港股通互联网交易型开放式指数证券投资基金发起式联接基金A类,online_only,Overview.aspx?code=014673,Mainland Securities Fund,5,0.6095,2026-10-09,+3.53,-3.79,-8.15,-22.86,-47.52,-36.00,2026-10-09,,,-23.82,+21.96,+20.00,Casdocument.aspx?documentid=652224590,Casdocument.aspx?documentid=653242582,Casdocument.aspx?documentid=671454057,Casdocument.aspx?documentid=677809047,,Casdocument.aspx?documentid=652224734,Casdocument.aspx?documentid=652381795,Casdocument.aspx?documentid=370087533,FundDocuments.aspx?query=all&fund=014673,https://danjuanfunds.com/funding/014673
014674,[仅电子渠道]富国中证港股通互联网交易型开放式指数证券投资基金发起式联接基金C类,富国中证港股通互联网交易型开放式指数证券投资基金发起式联接基金C类,online_only,Overview.aspx?code=014674,Mainland Securities Fund,5,0.6038,2026-10-09,+3.53,-3.81,-8.21,-22.94,-47.63,-36.09,2026-10-09,,,-23.97,+21.71,+19.76,Casdocument.aspx?documentid=652224590,Casdocument.aspx?documentid=653242582,Casdocument.aspx?documentid=671454057,Casdocument.aspx?documentid=677809047,,Casdocument.aspx?documentid=652224734,Casdocument.aspx?documentid=652381836,Casdocument.aspx?documentid=370087533,FundDocuments.aspx?query=all&fund=014674,https://danjuanfunds.com/funding/014674
014776,[仅电子渠道]富国中证芯片产业交易型开放式指数证券投资基金发起式联接基金A类,富国中证芯片产业交易型开放式指数证券投资基金发起式联接基金A类,online_only,Overview.aspx?code=014776,Mainland Securities Fund,5,1.4707,2026-10-09,-0.31,-7.24,-36.58,+15.72,+7.05,+18.40,2026-10-09,,,-2.57,+23.62,+40.49,Casdocument.aspx?documentid=651365509,Casdocument.aspx?documentid=653242426,Casdocument.aspx?documentid=671453878,Casdocument.aspx?documentid=677809349,,Casdocument.aspx?documentid=651365372,Casdocument.aspx?documentid=651990751,Casdocument.aspx?documentid=371213667,FundDocuments.aspx?query=all&fund=014776,https://danjuanfunds.com/funding/014776
014777,[仅电子渠道]富国中证芯片产业交易型开放式指数证券投资基金发起式联接基金C类,富国中证芯片产业交易型开放式指数证券投资基金发起式联接基金C类,online_only,Overview.aspx?code=014777,Mainland Securities Fund,5,1.457,2026-10-09,-0.31,-7.26,-36.61,+15.61,+6.84,+18.22,2026-10-09,,,-2.77,+23.37,+40.22,Casdocument.aspx?documentid=651365509,Casdocument.aspx?documentid=653242426,Casdocument.aspx?documentid=671453878,Casdocument.aspx?documentid=677809349,,Casdocument.aspx?documentid=651365372,Casdocument.aspx?documentid=651990757,Casdocument.aspx?documentid=371213667,FundDocuments.aspx?query=all&fund=014777,https://danjuanfunds.com/funding/014777
014854,[仅电子渠道]嘉实中证半导体产业指数增强型发起式证券投资基金A类,嘉实中证半导体产业指数增强型发起式证券投资基金A类,online_only,Overview.aspx?code=014854,Mainland Securities Fund,5,2.9221,2026-10-09,-0.55,-5.94,-33.28,+35.33,+42.02,+47.29,2026-10-09,,,-5.51,+20.23,+62.18,Casdocument.aspx?documentid=650603149,Casdocument.aspx?documentid=652976960,Casdocument.aspx?documentid=671328548,Casdocument.aspx?documentid=677803135,,Casdocument.aspx?documentid=577049588,Casdocument.aspx?documentid=667074391,Casdocument.aspx?documentid=383310334,FundDocuments.aspx?query=all&fund=014854,https://danjuanfunds.com/funding/014854
014855,[仅电子渠道]嘉实中证半导体产业指数增强型发起式证券投资基金C类,嘉实中证半导体产业指数增强型发起式证券投资基金C类,online_only,Overview.aspx?code=014855,Mainland Securities Fund,5,2.8898,2026-10-09,-0.56,-5.96,-33.33,+35.16,+41.67,+47.00,2026-10-09,,,-5.74,+19.93,+61.77,Casdocument.aspx?documentid=650603149,Casdocument.aspx?documentid=652976960,Casdocument.aspx?documentid=671328548,Casdocument.aspx?documentid=677803135,,Casdocument.aspx?documentid=577049588,Casdocument.aspx?documentid=667074438,Casdocument.aspx?documentid=383310334,FundDocuments.aspx?query=all&fund=014855,https://danjuanfunds.com/funding/014855
014917,汇丰晋信时代先锋混合型证券投资基金A类,汇丰晋信时代先锋混合型证券投资基金A类,,Overview.aspx?code=014917,Mainland Securities Fund,5,0.5988,2026-10-09,+1.23,-5.18,-3.98,-25.64,-36.45,-28.77,2026-10-09,,,-15.00,-14.92,+24.00,Casdocument.aspx?documentid=672239082,Casdocument.aspx?documentid=653243629,Casdocument.aspx?documentid=671379461,Casdocument.aspx?documentid=677779887,,Casdocument.aspx?documentid=667602599,Casdocument.aspx?documentid=672205475,Casdocument.aspx?documentid=388372242,FundDocuments.aspx?query=all&fund=014917,https://danjuanfunds.com/funding/014917
015001,[仅电子渠道]工银瑞信物流产业股票型证券投资基金C类（暂停申购）,工银瑞信物流产业股票型证券投资基金C类,"online_only,suspended",Overview.aspx?code=015001,Mainland Securities Fund,3,4.503,2026-10-09,-1.08,-8.48,-14.15,-4.56,-4.66,-7.06,2026-10-09,,,-4.55,+25.75,+27.67,Casdocument.aspx?documentid=664919701,Casdocument.aspx?documentid=653184947,Casdocument.aspx?documentid=671365413,Casdocument.aspx?documentid=677759715,,Casdocument.aspx?documentid=617279070,Casdocument.aspx?documentid=664925713,Casdocument.aspx?documentid=658048736,FundDocuments.aspx?query=all&fund=015001,https://danjuanfunds.com/funding/015001
015323,[仅电子渠道]广发集源债券型证券投资基金E类,广发集源债券型证券投资基金E类,online_only,Overview.aspx?code=015323,Mainland Securities Fund,3,1.1825,2026-10-09,+0.12,+0.10,+1.78,+1.31,+2.34,+2.22,2026-10-09,,,+4.36,+3.32,+6.19,Casdocument.aspx?documentid=666684907,Casdocument.aspx?documentid=652935043,Casdocument.aspx?documentid=671093407,Casdocument.aspx?documentid=677756999,,Casdocument.aspx?documentid=381317718,Casdocument.aspx?documentid=666678617,Casdocument.aspx?documentid=658037940,FundDocuments.aspx?query=all&fund=015323,https://danjuanfunds.com/funding/015323
015601,宏利行业精选混合型证券投资基金C类,宏利行业精选混合型证券投资基金C类,,Overview.aspx?code=015601,Mainland Securities Fund,4,9.0769,2026-10-09,+1.24,-6.10,-2.82,-2.05,+2.44,+2.00,2026-10-09,,,-6.33,+0.09,+31.01,Casdocument.aspx?documentid=672712724,Casdocument.aspx?documentid=653189623,Casdocument.aspx?documentid=671390220,Casdocument.aspx?documentid=677843038,,Casdocument.aspx?documentid=597631409,Casdocument.aspx?documentid=672713589,Casdocument.aspx?documentid=55782835,FundDocuments.aspx?query=all&fund=015601,https://danjuanfunds.com/funding/015601
015686,[仅电子渠道]富国新兴产业股票型证券投资基金C类,富国新兴产业股票型证券投资基金C类,online_only,Overview.aspx?code=015686,Mainland Securities Fund,5,5.1602,2026-10-09,-1.21,-11.17,-28.66,+19.79,+36.84,+36.04,2026-10-09,,,-2.18,+25.34,+72.73,Casdocument.aspx?documentid=681239224,Casdocument.aspx?documentid=653238235,Casdocument.aspx?documentid=671443150,Casdocument.aspx?documentid=677796614,,Casdocument.aspx?documentid=676656969,Casdocument.aspx?documentid=681187878,Casdocument.aspx?documentid=658050508,FundDocuments.aspx?query=all&fund=015686,https://danjuanfunds.com/funding/015686
015739,[仅电子渠道]国泰中证港股通科技交易型开放式指数证券投资基金发起式联接基金A类,国泰中证港股通科技交易型开放式指数证券投资基金发起式联接基金A类,online_only,Overview.aspx?code=015739,Mainland Securities Fund,5,0.9653,2026-10-09,+2.69,-4.52,-6.09,-11.71,-33.74,-19.80,2026-10-09,,,-11.91,+19.53,+25.87,Casdocument.aspx?documentid=681208847,Casdocument.aspx?documentid=652957154,Casdocument.aspx?documentid=671329265,Casdocument.aspx?documentid=677793239,,Casdocument.aspx?documentid=473879657,Casdocument.aspx?documentid=681112069,Casdocument.aspx?documentid=393572529,FundDocuments.aspx?query=all&fund=015739,https://danjuanfunds.com/funding/015739
015740,[仅电子渠道]国泰中证港股通科技交易型开放式指数证券投资基金发起式联接基金C类,国泰中证港股通科技交易型开放式指数证券投资基金发起式联接基金C类,online_only,Overview.aspx?code=015740,Mainland Securities Fund,5,0.9601,2026-10-09,+2.70,-4.53,-6.13,-11.80,-33.87,-19.92,2026-10-09,,,-12.09,+19.29,+25.62,Casdocument.aspx?documentid=681208847,Casdocument.aspx?documentid=652957154,Casdocument.aspx?documentid=671329265,Casdocument.aspx?documentid=677793239,,Casdocument.aspx?documentid=473879657,Casdocument.aspx?documentid=681112130,Casdocument.aspx?documentid=393572529,FundDocuments.aspx?query=all&fund=015740,https://danjuanfunds.com/funding/015740
015746,[仅电子渠道]博时四月享120天持有期债券型证券投资基金A类（暂停申购）,博时四月享120天持有期债券型证券投资基金A类,"online_only,suspended",Overview.aspx?code=015746,Mainland Securities Fund,3,1.1284,2026-10-09,+0.02,+0.17,+0.44,+0.94,+2.06,+1.63,2026-10-09,,,+5.04,+2.92,+1.67,Casdocument.aspx?documentid=682406636,Casdocument.aspx?documentid=653255108,Casdocument.aspx?documentid=671358438,Casdocument.aspx?documentid=677793689,,Casdocument.aspx?documentid=390293038,Casdocument.aspx?documentid=667409674,Casdocument.aspx?documentid=390293173,FundDocuments.aspx?query=all&fund=015746,https://danjuanfunds.com/funding/015746
015747,[仅电子渠道]博时四月享120天持有期债券型证券投资基金C类（暂停申购）,博时四月享120天持有期债券型证券投资基金C类,"online_only,suspended",Overview.aspx?code=015747,Mainland Securities Fund,3,1.1153,2026-10-09,+0.02,+0.14,+0.36,+0.79,+1.75,+1.40,2026-10-09,,,+4.72,+2.62,+1.35,Casdocument.aspx?documentid=682406636,Casdocument.aspx?documentid=653255108,Casdocument.aspx?documentid=671358438,Casdocument.aspx?documentid=677793689,,Casdocument.aspx?documentid=390293038,Casdocument.aspx?documentid=667405461,Casdocument.aspx?documentid=390293173,FundDocuments.aspx?query=all&fund=015747,https://danjuanfunds.com/funding/015747
015826,[仅电子渠道]广发中证同业存单AAA指数7天持有期证券投资基金,广发中证同业存单AAA指数7天持有期证券投资基金,online_only,Overview.aspx?code=015826,Mainland Securities Fund,2,1.0855,2026-10-09,+0.01,+0.10,+0.27,+0.56,+1.30,+0.98,2026-10-09,,,+2.38,+2.36,+1.40,Casdocument.aspx?documentid=662053028,Casdocument.aspx?documentid=652943706,Casdocument.aspx?documentid=671093467,Casdocument.aspx?documentid=677766738,,Casdocument.aspx?documentid=391399044,Casdocument.aspx?documentid=662064041,Casdocument.aspx?documentid=391400104,FundDocuments.aspx?query=all&fund=015826,https://danjuanfunds.com/funding/015826
016055,博时纳斯达克100交易型开放式指数证券投资基金发起式联接基金(QDII)A类人民币基金份额,博时纳斯达克100交易型开放式指数证券投资基金发起式联接基金A类人民币基金份额,qdii,Overview.aspx?code=016055,Mainland Securities Fund,4,2.1913,2026-10-08,+1.00,+3.34,+3.91,+20.43,+17.98,+16.60,2026-10-08,,,+51.83,+21.77,+16.48,Casdocument.aspx?documentid=682411093,Casdocument.aspx?documentid=653252742,Casdocument.aspx?documentid=671353766,Casdocument.aspx?documentid=677794808,,Casdocument.aspx?documentid=588049564,Casdocument.aspx?documentid=667405353,Casdocument.aspx?documentid=397425116,FundDocuments.aspx?query=all&fund=016055,https://danjuanfunds.com/funding/016055
016057,博时纳斯达克100交易型开放式指数证券投资基金发起式联接基金(QDII)C类人民币基金份额,博时纳斯达克100交易型开放式指数证券投资基金发起式联接基金C类人民币基金份额,qdii,Overview.aspx?code=016057,Mainland Securities Fund,4,2.1621,2026-10-08,+1.00,+3.32,+3.84,+20.26,+17.62,+16.34,2026-10-08,,,+51.25,+21.46,+16.13,Casdocument.aspx?documentid=682411093,Casdocument.aspx?documentid=653252742,Casdocument.aspx?documentid=671353766,Casdocument.aspx?documentid=677794808,,Casdocument.aspx?documentid=588049564,Casdocument.aspx?documentid=667405409,Casdocument.aspx?documentid=397425116,FundDocuments.aspx?query=all&fund=016057,https://danjuanfunds.com/funding/016057
016174,汇丰晋信策略优选混合型证券投资基金A类（暂停申购）,汇丰晋信策略优选混合型证券投资基金A类,suspended,Overview.aspx?code=016174,Mainland Securities Fund,4,1.2036,2026-10-09,-0.69,-10.77,-10.82,-12.52,-21.14,-17.32,2026-10-09,,,-4.45,+10.09,+27.55,Casdocument.aspx?documentid=672238267,Casdocument.aspx?documentid=653229210,Casdocument.aspx?documentid=671379548,Casdocument.aspx?documentid=677759862,,Casdocument.aspx?documentid=667601629,Casdocument.aspx?documentid=672205540,Casdocument.aspx?documentid=401205217,FundDocuments.aspx?query=all&fund=016174,https://danjuanfunds.com/funding/016174
016175,汇丰晋信策略优选混合型证券投资基金C类（暂停申购）,汇丰晋信策略优选混合型证券投资基金C类,suspended,Overview.aspx?code=016175,Mainland Securities Fund,4,1.1802,2026-10-09,-0.70,-10.80,-10.94,-12.74,-21.56,-17.66,2026-10-09,,,-4.92,+9.64,+26.91,Casdocument.aspx?documentid=672238267,Casdocument.aspx?documentid=653229210,Casdocument.aspx?documentid=671379548,Casdocument.aspx?documentid=677759862,,Casdocument.aspx?documentid=667601629,Casdocument.aspx?documentid=672205519,Casdocument.aspx?documentid=401205217,FundDocuments.aspx?query=all&fund=016175,https://danjuanfunds.com/funding/016175
016419,[仅电子渠道]国泰安璟债券型证券投资基金A类,国泰安璟债券型证券投资基金A类,online_only,Overview.aspx?code=016419,Mainland Securities Fund,3,1.0562,2026-10-09,+0.29,-1.30,-1.02,-0.67,+0.03,-0.39,2026-10-09,,,,+5.86,+5.26,Casdocument.aspx?documentid=632710098,Casdocument.aspx?documentid=652948226,Casdocument.aspx?documentid=671459600,Casdocument.aspx?documentid=677783262,,Casdocument.aspx?documentid=422063983,Casdocument.aspx?documentid=632717761,Casdocument.aspx?documentid=422063979,FundDocuments.aspx?query=all&fund=016419,https://danjuanfunds.com/funding/016419
016420,[仅电子渠道]国泰安璟债券型证券投资基金C类,国泰安璟债券型证券投资基金C类,online_only,Overview.aspx?code=016420,Mainland Securities Fund,3,1.0545,2026-10-09,+0.29,-1.31,-1.04,-0.72,-0.07,-0.45,2026-10-09,,,,+5.78,+5.15,Casdocument.aspx?documentid=632710098,Casdocument.aspx?documentid=652948226,Casdocument.aspx?documentid=671459600,Casdocument.aspx?documentid=677783262,,Casdocument.aspx?documentid=422063983,Casdocument.aspx?documentid=632717729,Casdocument.aspx?documentid=422063979,FundDocuments.aspx?query=all&fund=016420,https://danjuanfunds.com/funding/016420
016532,嘉实纳斯达克100交易型开放式指数证券投资基金发起式联接基金(QDII)A类人民币基金份额,嘉实纳斯达克100交易型开放式指数证券投资基金发起式联接基金A类人民币基金份额,qdii,Overview.aspx?code=016532,Mainland Securities Fund,4,2.2489,2026-10-08,+1.02,+3.39,+4.08,+20.82,+16.97,+16.93,2026-10-08,,,+52.15,+19.63,+15.13,Casdocument.aspx?documentid=674442495,Casdocument.aspx?documentid=652975706,Casdocument.aspx?documentid=671328649,Casdocument.aspx?documentid=677812972,,Casdocument.aspx?documentid=524883347,Casdocument.aspx?documentid=664689627,Casdocument.aspx?documentid=405111446,FundDocuments.aspx?query=all&fund=016532,https://danjuanfunds.com/funding/016532
016533,嘉实纳斯达克100交易型开放式指数证券投资基金发起式联接基金(QDII)C类人民币基金份额,嘉实纳斯达克100交易型开放式指数证券投资基金发起式联接基金C类人民币基金份额,qdii,Overview.aspx?code=016533,Mainland Securities Fund,4,2.2228,2026-10-08,+1.01,+3.37,+4.01,+20.67,+16.68,+16.70,2026-10-08,,,+51.63,+19.29,+14.84,Casdocument.aspx?documentid=674442495,Casdocument.aspx?documentid=652975706,Casdocument.aspx?documentid=671328649,Casdocument.aspx?documentid=677812972,,Casdocument.aspx?documentid=524883347,Casdocument.aspx?documentid=664689615,Casdocument.aspx?documentid=405111446,FundDocuments.aspx?query=all&fund=016533,https://danjuanfunds.com/funding/016533
016604,国泰嘉睿纯债债券型证券投资基金C类,国泰嘉睿纯债债券型证券投资基金C类,,Overview.aspx?code=016604,Mainland Securities Fund,3,1.0856,2026-10-09,+0.07,+0.39,+0.93,+1.76,+2.85,+2.60,2026-10-09,,,+3.38,+8.99,-0.23,Casdocument.aspx?documentid=632715729,Casdocument.aspx?documentid=652948492,Casdocument.aspx?documentid=671458014,Casdocument.aspx?documentid=677780011,,Casdocument.aspx?documentid=534260912,Casdocument.aspx?documentid=632717792,Casdocument.aspx?documentid=658050744,FundDocuments.aspx?query=all&fund=016604,https://danjuanfunds.com/funding/016604
016630,[仅电子渠道]易方达中证1000交易型开放式指数证券投资基金联接基金A类,易方达中证1000交易型开放式指数证券投资基金联接基金A类,online_only,Overview.aspx?code=016630,Mainland Securities Fund,4,1.0415,2026-10-09,+0.25,-5.86,-12.47,-7.64,-3.49,-3.62,2026-10-09,,,,-0.84,+28.37,Casdocument.aspx?documentid=677613578,Casdocument.aspx?documentid=653266501,Casdocument.aspx?documentid=671339788,Casdocument.aspx?documentid=677859752,,Casdocument.aspx?documentid=580019908,Casdocument.aspx?documentid=676422272,Casdocument.aspx?documentid=422649725,FundDocuments.aspx?query=all&fund=016630,https://danjuanfunds.com/funding/016630
016631,[仅电子渠道]易方达中证1000交易型开放式指数证券投资基金联接基金C类,易方达中证1000交易型开放式指数证券投资基金联接基金C类,online_only,Overview.aspx?code=016631,Mainland Securities Fund,4,1.0301,2026-10-09,+0.25,-5.88,-12.53,-7.78,-3.78,-3.84,2026-10-09,,,,-1.13,+27.98,Casdocument.aspx?documentid=677613578,Casdocument.aspx?documentid=653266501,Casdocument.aspx?documentid=671339788,Casdocument.aspx?documentid=677859752,,Casdocument.aspx?documentid=580019908,Casdocument.aspx?documentid=676422266,Casdocument.aspx?documentid=422649725,FundDocuments.aspx?query=all&fund=016631,https://danjuanfunds.com/funding/016631
016933,[仅电子渠道]景顺长城睿丰短债债券型证券投资基金A类,景顺长城睿丰短债债券型证券投资基金A类,online_only,Overview.aspx?code=016933,Mainland Securities Fund,3,1.0989,2026-10-09,+0.00,+0.14,+0.34,+0.70,+1.52,+1.17,2026-10-09,,,+3.19,+3.43,+1.52,Casdocument.aspx?documentid=662233791,Casdocument.aspx?documentid=652388550,Casdocument.aspx?documentid=671330717,Casdocument.aspx?documentid=677451361,,Casdocument.aspx?documentid=489360105,Casdocument.aspx?documentid=662234886,Casdocument.aspx?documentid=413139673,FundDocuments.aspx?query=all&fund=016933,https://danjuanfunds.com/funding/016933
016934,[仅电子渠道]景顺长城睿丰短债债券型证券投资基金C类,景顺长城睿丰短债债券型证券投资基金C类,online_only,Overview.aspx?code=016934,Mainland Securities Fund,3,1.09,2026-10-09,+0.01,+0.12,+0.29,+0.58,+1.29,+1.01,2026-10-09,,,+2.98,+3.23,+1.30,Casdocument.aspx?documentid=662233791,Casdocument.aspx?documentid=652388550,Casdocument.aspx?documentid=671330717,Casdocument.aspx?documentid=677451361,,Casdocument.aspx?documentid=489360105,Casdocument.aspx?documentid=662234886,Casdocument.aspx?documentid=413139673,FundDocuments.aspx?query=all&fund=016934,https://danjuanfunds.com/funding/016934
016936,博时中证1000指数增强型证券投资基金A类,博时中证1000指数增强型证券投资基金A类,,Overview.aspx?code=016936,Mainland Securities Fund,4,1.5231,2026-10-09,+0.14,-5.19,-11.78,-7.09,-0.86,+0.31,2026-10-09,,,,+16.12,+37.26,Casdocument.aspx?documentid=682411442,Casdocument.aspx?documentid=653265795,Casdocument.aspx?documentid=671351975,Casdocument.aspx?documentid=677794087,,Casdocument.aspx?documentid=433556147,Casdocument.aspx?documentid=667412299,Casdocument.aspx?documentid=433557464,FundDocuments.aspx?query=all&fund=016936,https://danjuanfunds.com/funding/016936
016937,博时中证1000指数增强型证券投资基金C类,博时中证1000指数增强型证券投资基金C类,,Overview.aspx?code=016937,Mainland Securities Fund,4,1.5072,2026-10-09,+0.13,-5.21,-11.84,-7.23,-1.16,+0.08,2026-10-09,,,,+15.77,+36.85,Casdocument.aspx?documentid=682411442,Casdocument.aspx?documentid=653265795,Casdocument.aspx?documentid=671351975,Casdocument.aspx?documentid=677794087,,Casdocument.aspx?documentid=433556147,Casdocument.aspx?documentid=667407357,Casdocument.aspx?documentid=433557464,FundDocuments.aspx?query=all&fund=016937,https://danjuanfunds.com/funding/016937
016970,[仅电子渠道]华夏恒生生物科技交易型开放式指数证券投资基金发起式联接基金(QDII)A类,华夏恒生生物科技交易型开放式指数证券投资基金发起式联接基金A类,"online_only,qdii",Overview.aspx?code=016970,Mainland Securities Fund,5,1.1735,2026-10-09,-0.11,+0.37,+13.79,+0.18,-14.78,+4.03,2026-10-09,,,-22.47,-13.53,+55.87,Casdocument.aspx?documentid=663030909,Casdocument.aspx?documentid=653236182,Casdocument.aspx?documentid=671475804,Casdocument.aspx?documentid=677820740,,Casdocument.aspx?documentid=552993427,Casdocument.aspx?documentid=663039093,Casdocument.aspx?documentid=414991385,FundDocuments.aspx?query=all&fund=016970,https://danjuanfunds.com/funding/016970
016971,[仅电子渠道]华夏恒生生物科技交易型开放式指数证券投资基金发起式联接基金(QDII)C类,华夏恒生生物科技交易型开放式指数证券投资基金发起式联接基金C类,"online_only,qdii",Overview.aspx?code=016971,Mainland Securities Fund,5,1.16,2026-10-09,-0.11,+0.35,+13.71,+0.03,-15.03,+3.79,2026-10-09,,,-22.69,-13.79,+55.39,Casdocument.aspx?documentid=663030909,Casdocument.aspx?documentid=653236182,Casdocument.aspx?documentid=671475804,Casdocument.aspx?documentid=677820740,,Casdocument.aspx?documentid=552993427,Casdocument.aspx?documentid=663039029,Casdocument.aspx?documentid=414991385,FundDocuments.aspx?query=all&fund=016971,https://danjuanfunds.com/funding/016971
017167,景顺长城策略精选灵活配置混合型证券投资基金C类（暂停申购）,景顺长城策略精选灵活配置混合型证券投资基金C类,suspended,Overview.aspx?code=017167,Mainland Securities Fund,4,3.705,2026-10-09,+0.60,-7.35,-10.20,-3.62,+9.75,+11.46,2026-10-09,,,+11.12,+2.57,+17.08,Casdocument.aspx?documentid=662233833,Casdocument.aspx?documentid=652384247,Casdocument.aspx?documentid=671330727,Casdocument.aspx?documentid=677454814,,Casdocument.aspx?documentid=464117698,Casdocument.aspx?documentid=662234839,Casdocument.aspx?documentid=658036546,FundDocuments.aspx?query=all&fund=017167,https://danjuanfunds.com/funding/017167
017307,[仅电子渠道]招商鑫嘉中短债债券型证券投资基金A类,招商鑫嘉中短债债券型证券投资基金A类,online_only,Overview.aspx?code=017307,Mainland Securities Fund,2,1.1009,2026-10-09,+0.01,+0.14,+0.40,+0.86,+1.93,+1.50,2026-10-09,,,+3.09,+3.23,+1.81,Casdocument.aspx?documentid=663320490,Casdocument.aspx?documentid=653326042,Casdocument.aspx?documentid=671442268,Casdocument.aspx?documentid=677814930,,Casdocument.aspx?documentid=658440632,Casdocument.aspx?documentid=663320340,Casdocument.aspx?documentid=417869716,FundDocuments.aspx?query=all&fund=017307,https://danjuanfunds.com/funding/017307
017308,[仅电子渠道]招商鑫嘉中短债债券型证券投资基金C类,招商鑫嘉中短债债券型证券投资基金C类,online_only,Overview.aspx?code=017308,Mainland Securities Fund,2,1.0929,2026-10-09,+0.01,+0.13,+0.36,+0.77,+1.73,+1.35,2026-10-09,,,+2.88,+3.05,+1.61,Casdocument.aspx?documentid=663320490,Casdocument.aspx?documentid=653326042,Casdocument.aspx?documentid=671442268,Casdocument.aspx?documentid=677814930,,Casdocument.aspx?documentid=658440632,Casdocument.aspx?documentid=663319705,Casdocument.aspx?documentid=417869716,FundDocuments.aspx?query=all&fund=017308,https://danjuanfunds.com/funding/017308
017469,嘉实上证科创板芯片交易型开放式指数证券投资基金发起式联接基金A类,嘉实上证科创板芯片交易型开放式指数证券投资基金发起式联接基金A类,,Overview.aspx?code=017469,Mainland Securities Fund,5,2.5232,2026-10-09,-0.41,-7.94,-35.02,+21.15,+15.58,+29.49,2026-10-09,,,+5.19,+30.25,+55.51,Casdocument.aspx?documentid=630553572,Casdocument.aspx?documentid=652972673,Casdocument.aspx?documentid=671328538,Casdocument.aspx?documentid=677813848,,Casdocument.aspx?documentid=524883331,Casdocument.aspx?documentid=664935211,Casdocument.aspx?documentid=418832665,FundDocuments.aspx?query=all&fund=017469,https://danjuanfunds.com/funding/017469
017470,嘉实上证科创板芯片交易型开放式指数证券投资基金发起式联接基金C类,嘉实上证科创板芯片交易型开放式指数证券投资基金发起式联接基金C类,,Overview.aspx?code=017470,Mainland Securities Fund,5,2.4992,2026-10-09,-0.41,-7.96,-35.06,+21.00,+15.29,+29.24,2026-10-09,,,+4.93,+29.92,+55.12,Casdocument.aspx?documentid=630553572,Casdocument.aspx?documentid=652972673,Casdocument.aspx?documentid=671328538,Casdocument.aspx?documentid=677813848,,Casdocument.aspx?documentid=524883331,Casdocument.aspx?documentid=664934977,Casdocument.aspx?documentid=418832665,FundDocuments.aspx?query=all&fund=017470,https://danjuanfunds.com/funding/017470
017534,富国天利增长债券型证券投资基金C类,富国天利增长债券型证券投资基金C类,,Overview.aspx?code=017534,Mainland Securities Fund,3,1.3971,2026-10-09,+0.04,+0.07,+0.38,+0.87,+2.95,+2.35,2026-10-09,,,+4.31,+4.74,+2.07,Casdocument.aspx?documentid=666868082,Casdocument.aspx?documentid=653244211,Casdocument.aspx?documentid=671457217,Casdocument.aspx?documentid=677797299,,Casdocument.aspx?documentid=638497905,Casdocument.aspx?documentid=666869242,Casdocument.aspx?documentid=658036206,FundDocuments.aspx?query=all&fund=017534,https://danjuanfunds.com/funding/017534
017594,易方达稳健腾享六个月持有期混合型基金中基金（FOF）A类,易方达稳健腾享六个月持有期混合型基金中基金（FOF）A类,,Overview.aspx?code=017594,Mainland Securities Fund,3,1.0904,2026-10-08,-0.06,-0.13,+0.73,-0.58,+1.37,+0.75,2026-10-08,,,,+4.80,+3.18,Casdocument.aspx?documentid=648224240,Casdocument.aspx?documentid=653266524,Casdocument.aspx?documentid=671335653,Casdocument.aspx?documentid=677845994,,Casdocument.aspx?documentid=563366220,Casdocument.aspx?documentid=674589064,Casdocument.aspx?documentid=449300965,FundDocuments.aspx?query=all&fund=017594,https://danjuanfunds.com/funding/017594
017595,易方达稳健腾享六个月持有期混合型基金中基金（FOF）C类,易方达稳健腾享六个月持有期混合型基金中基金（FOF）C类,,Overview.aspx?code=017595,Mainland Securities Fund,3,1.0803,2026-10-08,-0.06,-0.15,+0.65,-0.74,+1.07,+0.52,2026-10-08,,,,+4.48,+2.87,Casdocument.aspx?documentid=648224240,Casdocument.aspx?documentid=653266524,Casdocument.aspx?documentid=671335653,Casdocument.aspx?documentid=677845994,,Casdocument.aspx?documentid=563366220,Casdocument.aspx?documentid=674589855,Casdocument.aspx?documentid=449300965,FundDocuments.aspx?query=all&fund=017595,https://danjuanfunds.com/funding/017595
017730,[仅电子渠道]嘉实全球产业升级股票型发起式证券投资基金（QDII）A类,嘉实全球产业升级股票型发起式证券投资基金A类,"online_only,qdii",Overview.aspx?code=017730,Mainland Securities Fund,5,3.9833,2026-10-08,-2.78,-2.23,-12.74,+33.98,+66.74,+53.93,2026-10-08,,,,+31.56,+53.99,Casdocument.aspx?documentid=644551058,Casdocument.aspx?documentid=652973812,Casdocument.aspx?documentid=671328998,Casdocument.aspx?documentid=677814381,,Casdocument.aspx?documentid=564201817,Casdocument.aspx?documentid=667236413,Casdocument.aspx?documentid=426997822,FundDocuments.aspx?query=all&fund=017730,https://danjuanfunds.com/funding/017730
017731,[仅电子渠道]嘉实全球产业升级股票型发起式证券投资基金（QDII）C类,嘉实全球产业升级股票型发起式证券投资基金C类,"online_only,qdii",Overview.aspx?code=017731,Mainland Securities Fund,5,3.8974,2026-10-08,-2.79,-2.28,-12.87,+33.57,+65.70,+53.22,2026-10-08,,,,+30.81,+53.08,Casdocument.aspx?documentid=644551058,Casdocument.aspx?documentid=652973812,Casdocument.aspx?documentid=671328998,Casdocument.aspx?documentid=677814381,,Casdocument.aspx?documentid=564201817,Casdocument.aspx?documentid=667236335,Casdocument.aspx?documentid=426997822,FundDocuments.aspx?query=all&fund=017731,https://danjuanfunds.com/funding/017731
017881,工银瑞信精选回报混合型证券投资基金A类,工银瑞信精选回报混合型证券投资基金A类,,Overview.aspx?code=017881,Mainland Securities Fund,3,1.2989,2026-10-09,+0.36,-3.91,+0.78,-5.42,-14.52,-14.36,2026-10-09,,,,+18.73,+28.40,Casdocument.aspx?documentid=664919967,Casdocument.aspx?documentid=653216194,Casdocument.aspx?documentid=671377094,Casdocument.aspx?documentid=677794352,,Casdocument.aspx?documentid=456727172,Casdocument.aspx?documentid=664931180,Casdocument.aspx?documentid=456457195,FundDocuments.aspx?query=all&fund=017881,https://danjuanfunds.com/funding/017881
017882,工银瑞信精选回报混合型证券投资基金C类,工银瑞信精选回报混合型证券投资基金C类,,Overview.aspx?code=017882,Mainland Securities Fund,3,1.2756,2026-10-09,+0.35,-3.96,+0.62,-5.72,-15.06,-14.79,2026-10-09,,,,+18.05,+27.68,Casdocument.aspx?documentid=664919967,Casdocument.aspx?documentid=653216194,Casdocument.aspx?documentid=671377094,Casdocument.aspx?documentid=677794352,,Casdocument.aspx?documentid=456727172,Casdocument.aspx?documentid=664931121,Casdocument.aspx?documentid=456457195,FundDocuments.aspx?query=all&fund=017882,https://danjuanfunds.com/funding/017882
017970,摩根海外稳健配置混合型证券投资基金(QDII-FOF)人民币A类,摩根海外稳健配置混合型证券投资基金人民币A类,qdii,Overview.aspx?code=017970,Mainland Securities Fund,3,1.0516,2026-10-08,+0.13,-0.84,-0.96,-1.42,-3.41,-3.22,2026-10-08,,,,+4.50,+1.36,Casdocument.aspx?documentid=665195681,Casdocument.aspx?documentid=653191352,Casdocument.aspx?documentid=671365034,Casdocument.aspx?documentid=677796098,,Casdocument.aspx?documentid=487203446,Casdocument.aspx?documentid=665179581,Casdocument.aspx?documentid=443585818,FundDocuments.aspx?query=all&fund=017970,https://danjuanfunds.com/funding/017970
017971,摩根海外稳健配置混合型证券投资基金(QDII-FOF)美元,摩根海外稳健配置混合型证券投资基金美元,qdii,Overview.aspx?code=017971,Mainland Securities Fund,3,0.1561,2026-10-08,+0.13,-0.19,+0.06,+0.52,+1.89,+0.97,2026-10-08,,,,+2.97,+3.69,Casdocument.aspx?documentid=665195681,Casdocument.aspx?documentid=653191352,Casdocument.aspx?documentid=671365034,Casdocument.aspx?documentid=677796098,,Casdocument.aspx?documentid=487203446,Casdocument.aspx?documentid=665179523,Casdocument.aspx?documentid=443585818,FundDocuments.aspx?query=all&fund=017971,https://danjuanfunds.com/funding/017971
017973,易方达港股通优质增长混合型证券投资基金A类,易方达港股通优质增长混合型证券投资基金A类,,Overview.aspx?code=017973,Mainland Securities Fund,3,1.1612,2026-10-09,+0.96,-4.80,-7.79,-8.17,-22.98,-9.30,2026-10-09,,,,+13.34,+30.25,Casdocument.aspx?documentid=632996391,Casdocument.aspx?documentid=653282655,Casdocument.aspx?documentid=671339763,Casdocument.aspx?documentid=677845621,,Casdocument.aspx?documentid=456424422,Casdocument.aspx?documentid=674590266,Casdocument.aspx?documentid=433245226,FundDocuments.aspx?query=all&fund=017973,https://danjuanfunds.com/funding/017973
017974,易方达港股通优质增长混合型证券投资基金C类,易方达港股通优质增长混合型证券投资基金C类,,Overview.aspx?code=017974,Mainland Securities Fund,3,1.1427,2026-10-09,+0.96,-4.83,-7.91,-8.41,-23.37,-9.65,2026-10-09,,,,+13.00,+29.56,Casdocument.aspx?documentid=632996391,Casdocument.aspx?documentid=653282655,Casdocument.aspx?documentid=671339763,Casdocument.aspx?documentid=677845621,,Casdocument.aspx?documentid=456424422,Casdocument.aspx?documentid=674588747,Casdocument.aspx?documentid=433245226,FundDocuments.aspx?query=all&fund=017974,https://danjuanfunds.com/funding/017974
018094,博时中证机器人指数型发起式证券投资基金A类,博时中证机器人指数型发起式证券投资基金A类,,Overview.aspx?code=018094,Mainland Securities Fund,5,1.0932,2026-10-09,+0.17,-7.73,-20.82,-7.62,-19.27,-12.89,2026-10-09,,,,+3.22,+30.93,Casdocument.aspx?documentid=682408335,Casdocument.aspx?documentid=653262259,Casdocument.aspx?documentid=671351995,Casdocument.aspx?documentid=677796130,,Casdocument.aspx?documentid=435860908,Casdocument.aspx?documentid=667405023,Casdocument.aspx?documentid=435860968,FundDocuments.aspx?query=all&fund=018094,https://danjuanfunds.com/funding/018094
018095,博时中证机器人指数型发起式证券投资基金C类,博时中证机器人指数型发起式证券投资基金C类,,Overview.aspx?code=018095,Mainland Securities Fund,5,1.0818,2026-10-09,+0.18,-7.75,-20.87,-7.76,-19.51,-13.09,2026-10-09,,,,+2.92,+30.53,Casdocument.aspx?documentid=682408335,Casdocument.aspx?documentid=653262259,Casdocument.aspx?documentid=671351995,Casdocument.aspx?documentid=677796130,,Casdocument.aspx?documentid=435860908,Casdocument.aspx?documentid=667407333,Casdocument.aspx?documentid=435860968,FundDocuments.aspx?query=all&fund=018095,https://danjuanfunds.com/funding/018095
018137,[仅电子渠道]景顺长城中债0-3年政策性金融债指数证券投资基金A类,景顺长城中债0-3年政策性金融债指数证券投资基金A类,online_only,Overview.aspx?code=018137,Mainland Securities Fund,2,1.0156,2026-10-09,+0.03,+0.23,+0.60,+1.32,+2.77,+2.18,2026-10-09,,,,+5.40,+0.93,Casdocument.aspx?documentid=633145641,Casdocument.aspx?documentid=652388543,Casdocument.aspx?documentid=671330547,Casdocument.aspx?documentid=677452527,,Casdocument.aspx?documentid=448895454,Casdocument.aspx?documentid=633261513,Casdocument.aspx?documentid=448377012,FundDocuments.aspx?query=all&fund=018137,https://danjuanfunds.com/funding/018137
018138,[仅电子渠道]景顺长城中债0-3年政策性金融债指数证券投资基金C类,景顺长城中债0-3年政策性金融债指数证券投资基金C类,online_only,Overview.aspx?code=018138,Mainland Securities Fund,2,1.0204,2026-10-09,+0.04,+0.23,+0.60,+1.32,+2.76,+2.16,2026-10-09,,,,+5.94,+0.93,Casdocument.aspx?documentid=633145641,Casdocument.aspx?documentid=652388543,Casdocument.aspx?documentid=671330547,Casdocument.aspx?documentid=677452527,,Casdocument.aspx?documentid=448895454,Casdocument.aspx?documentid=633261513,Casdocument.aspx?documentid=448377012,FundDocuments.aspx?query=all&fund=018138,https://danjuanfunds.com/funding/018138
018177,[仅电子渠道]华夏上证科创板50成份指数增强型发起式证券投资基金A类,华夏上证科创板50成份指数增强型发起式证券投资基金A类,online_only,Overview.aspx?code=018177,Mainland Securities Fund,5,1.7366,2026-10-09,+0.04,-7.36,-32.56,+14.88,+5.38,+17.74,2026-10-09,,,,+17.34,+35.95,Casdocument.aspx?documentid=663030583,Casdocument.aspx?documentid=653238883,Casdocument.aspx?documentid=671474039,Casdocument.aspx?documentid=677820436,,Casdocument.aspx?documentid=452948515,Casdocument.aspx?documentid=663037812,Casdocument.aspx?documentid=453463491,FundDocuments.aspx?query=all&fund=018177,https://danjuanfunds.com/funding/018177
018178,[仅电子渠道]华夏上证科创板50成份指数增强型发起式证券投资基金C类,华夏上证科创板50成份指数增强型发起式证券投资基金C类,online_only,Overview.aspx?code=018178,Mainland Securities Fund,5,1.7147,2026-10-09,+0.05,-7.39,-32.63,+14.66,+4.97,+17.39,2026-10-09,,,,+16.87,+35.41,Casdocument.aspx?documentid=663030583,Casdocument.aspx?documentid=653238883,Casdocument.aspx?documentid=671474039,Casdocument.aspx?documentid=677820436,,Casdocument.aspx?documentid=452948515,Casdocument.aspx?documentid=663037420,Casdocument.aspx?documentid=453463491,FundDocuments.aspx?query=all&fund=018178,https://danjuanfunds.com/funding/018178
018229,易方达全球优质企业混合型证券投资基金（QDII）A类人民币基金份额,易方达全球优质企业混合型证券投资基金A类人民币基金份额,qdii,Overview.aspx?code=018229,Mainland Securities Fund,3,1.9258,2026-10-08,-1.53,-4.94,-19.00,+8.60,+29.38,+27.06,2026-10-08,,,,+11.71,+35.84,Casdocument.aspx?documentid=672247801,Casdocument.aspx?documentid=653266518,Casdocument.aspx?documentid=671335811,Casdocument.aspx?documentid=677844671,,Casdocument.aspx?documentid=667605152,Casdocument.aspx?documentid=672220344,Casdocument.aspx?documentid=466550166,FundDocuments.aspx?query=all&fund=018229,https://danjuanfunds.com/funding/018229
018230,易方达全球优质企业混合型证券投资基金（QDII）C类人民币基金份额,易方达全球优质企业混合型证券投资基金C类人民币基金份额,qdii,Overview.aspx?code=018230,Mainland Securities Fund,3,1.8959,2026-10-08,-1.54,-4.98,-19.10,+8.32,+28.69,+26.57,2026-10-08,,,,+11.16,+35.02,Casdocument.aspx?documentid=672247801,Casdocument.aspx?documentid=653266518,Casdocument.aspx?documentid=671335811,Casdocument.aspx?documentid=677844671,,Casdocument.aspx?documentid=667605152,Casdocument.aspx?documentid=672220331,Casdocument.aspx?documentid=466550166,FundDocuments.aspx?query=all&fund=018230,https://danjuanfunds.com/funding/018230
018309,[仅电子渠道]招商社会责任混合型证券投资基金A类（暂停申购）,招商社会责任混合型证券投资基金A类,"online_only,suspended",Overview.aspx?code=018309,Mainland Securities Fund,5,0.9936,2026-10-09,+0.76,-2.68,+4.07,-4.37,-9.66,-9.23,2026-10-09,,,,+3.96,+28.81,Casdocument.aspx?documentid=679104112,Casdocument.aspx?documentid=653325606,Casdocument.aspx?documentid=671346165,Casdocument.aspx?documentid=677819807,,Casdocument.aspx?documentid=456418079,Casdocument.aspx?documentid=679104716,Casdocument.aspx?documentid=443757130,FundDocuments.aspx?query=all&fund=018309,https://danjuanfunds.com/funding/018309
018310,[仅电子渠道]招商社会责任混合型证券投资基金C类（暂停申购）,招商社会责任混合型证券投资基金C类,"online_only,suspended",Overview.aspx?code=018310,Mainland Securities Fund,5,0.9391,2026-10-09,+0.76,-2.73,+3.92,-4.67,-10.20,-9.66,2026-10-09,,,,-0.56,+28.05,Casdocument.aspx?documentid=679104112,Casdocument.aspx?documentid=653325606,Casdocument.aspx?documentid=671346165,Casdocument.aspx?documentid=677819807,,Casdocument.aspx?documentid=456418079,Casdocument.aspx?documentid=679104742,Casdocument.aspx?documentid=443757130,FundDocuments.aspx?query=all&fund=018310,https://danjuanfunds.com/funding/018310
018344,[仅电子渠道]华夏中证机器人交易型开放式指数证券投资基金发起式联接基金A类,华夏中证机器人交易型开放式指数证券投资基金发起式联接基金A类,online_only,Overview.aspx?code=018344,Mainland Securities Fund,5,1.0588,2026-10-09,+0.19,-7.83,-20.86,-8.75,-20.75,-14.09,2026-10-09,,,,+4.18,+28.81,Casdocument.aspx?documentid=663030537,Casdocument.aspx?documentid=653238266,Casdocument.aspx?documentid=671474009,Casdocument.aspx?documentid=677820418,,Casdocument.aspx?documentid=443579158,Casdocument.aspx?documentid=663040074,Casdocument.aspx?documentid=443579305,FundDocuments.aspx?query=all&fund=018344,https://danjuanfunds.com/funding/018344
018345,[仅电子渠道]华夏中证机器人交易型开放式指数证券投资基金发起式联接基金C类,华夏中证机器人交易型开放式指数证券投资基金发起式联接基金C类,online_only,Overview.aspx?code=018345,Mainland Securities Fund,5,1.0483,2026-10-09,+0.19,-7.85,-20.91,-8.88,-20.99,-14.29,2026-10-09,,,,+3.87,+28.44,Casdocument.aspx?documentid=663030537,Casdocument.aspx?documentid=653238266,Casdocument.aspx?documentid=671474009,Casdocument.aspx?documentid=677820418,,Casdocument.aspx?documentid=443579158,Casdocument.aspx?documentid=663040030,Casdocument.aspx?documentid=443579305,FundDocuments.aspx?query=all&fund=018345,https://danjuanfunds.com/funding/018345
018728,华夏智胜新锐股票型证券投资基金A类,华夏智胜新锐股票型证券投资基金A类,,Overview.aspx?code=018728,Mainland Securities Fund,4,1.5189,2026-10-09,-0.21,-3.83,-5.49,-3.34,+5.25,+2.93,2026-10-09,,,,+4.50,+43.43,Casdocument.aspx?documentid=663030939,Casdocument.aspx?documentid=653238862,Casdocument.aspx?documentid=671473800,Casdocument.aspx?documentid=677820536,,Casdocument.aspx?documentid=452963908,Casdocument.aspx?documentid=663039096,Casdocument.aspx?documentid=453446320,FundDocuments.aspx?query=all&fund=018728,https://danjuanfunds.com/funding/018728
018729,华夏智胜新锐股票型证券投资基金C类,华夏智胜新锐股票型证券投资基金C类,,Overview.aspx?code=018729,Mainland Securities Fund,4,1.4993,2026-10-09,-0.21,-3.86,-5.58,-3.53,+4.84,+2.61,2026-10-09,,,,+4.08,+42.86,Casdocument.aspx?documentid=663030939,Casdocument.aspx?documentid=653238862,Casdocument.aspx?documentid=671473800,Casdocument.aspx?documentid=677820536,,Casdocument.aspx?documentid=452963908,Casdocument.aspx?documentid=663039143,Casdocument.aspx?documentid=453446320,FundDocuments.aspx?query=all&fund=018729,https://danjuanfunds.com/funding/018729
019017,汇丰晋信中证同业存单AAA指数7天持有期证券投资基金,汇丰晋信中证同业存单AAA指数7天持有期证券投资基金,,Overview.aspx?code=019017,Mainland Securities Fund,2,1.0412,2026-10-09,+0.01,+0.09,+0.21,+0.42,+1.02,+0.76,2026-10-09,,,,+2.02,+1.17,Casdocument.aspx?documentid=667849876,Casdocument.aspx?documentid=653244679,Casdocument.aspx?documentid=671379431,Casdocument.aspx?documentid=677763826,,Casdocument.aspx?documentid=476561253,Casdocument.aspx?documentid=667843028,Casdocument.aspx?documentid=476579005,FundDocuments.aspx?query=all&fund=019017,https://danjuanfunds.com/funding/019017
019018,[仅电子渠道]易方达信息产业混合型证券投资基金C类,易方达信息产业混合型证券投资基金C类,online_only,Overview.aspx?code=019018,Mainland Securities Fund,5,6.939,2026-10-09,-1.62,-11.71,-31.53,+12.55,+33.36,+29.70,2026-10-09,,,,+24.27,+106.96,Casdocument.aspx?documentid=663320365,Casdocument.aspx?documentid=653284790,Casdocument.aspx?documentid=671330745,Casdocument.aspx?documentid=677859770,,Casdocument.aspx?documentid=658440313,Casdocument.aspx?documentid=674592007,Casdocument.aspx?documentid=658041896,FundDocuments.aspx?query=all&fund=019018,https://danjuanfunds.com/funding/019018
019026,[仅电子渠道]易方达金融行业股票型发起式证券投资基金C类,易方达金融行业股票型发起式证券投资基金C类,online_only,Overview.aspx?code=019026,Mainland Securities Fund,4,1.5639,2026-10-09,+0.46,-5.70,-4.33,+6.64,-4.51,-6.58,2026-10-09,,,,+28.88,+29.39,Casdocument.aspx?documentid=677613009,Casdocument.aspx?documentid=653284131,Casdocument.aspx?documentid=671335685,Casdocument.aspx?documentid=677862231,,Casdocument.aspx?documentid=473399445,Casdocument.aspx?documentid=676422008,Casdocument.aspx?documentid=269991915,FundDocuments.aspx?query=all&fund=019026,https://danjuanfunds.com/funding/019026
019035,[仅电子渠道]易方达全球医药行业混合型发起式证券投资基金(QDII)人民币C类,易方达全球医药行业混合型发起式证券投资基金人民币C类,"online_only,qdii",Overview.aspx?code=019035,Mainland Securities Fund,5,1.0321,2026-10-08,-10.21,-9.32,-8.73,-24.84,-31.26,-15.70,2026-10-08,,,,-15.78,+71.64,Casdocument.aspx?documentid=663320392,Casdocument.aspx?documentid=653266547,Casdocument.aspx?documentid=671333305,Casdocument.aspx?documentid=677844630,,Casdocument.aspx?documentid=658440444,Casdocument.aspx?documentid=674591055,Casdocument.aspx?documentid=259711097,FundDocuments.aspx?query=all&fund=019035,https://danjuanfunds.com/funding/019035
019102,[仅电子渠道]景顺长城恒生消费交易型开放式指数证券投资基金发起式联接基金(QDII)A类,景顺长城恒生消费交易型开放式指数证券投资基金发起式联接基金A类,"online_only,qdii",Overview.aspx?code=019102,Mainland Securities Fund,5,0.9015,2026-10-09,+1.65,-2.95,-2.05,-13.66,-21.29,-15.44,2026-10-09,,,,+10.44,+3.23,Casdocument.aspx?documentid=681447951,Casdocument.aspx?documentid=652388520,Casdocument.aspx?documentid=671335683,Casdocument.aspx?documentid=677452490,,Casdocument.aspx?documentid=471071886,Casdocument.aspx?documentid=681449668,Casdocument.aspx?documentid=470618851,FundDocuments.aspx?query=all&fund=019102,https://danjuanfunds.com/funding/019102
019103,[仅电子渠道]景顺长城恒生消费交易型开放式指数证券投资基金发起式联接基金(QDII)C类,景顺长城恒生消费交易型开放式指数证券投资基金发起式联接基金C类,"online_only,qdii",Overview.aspx?code=019103,Mainland Securities Fund,5,0.8949,2026-10-09,+1.65,-2.97,-2.11,-13.76,-21.49,-15.60,2026-10-09,,,,+10.15,+2.98,Casdocument.aspx?documentid=681447951,Casdocument.aspx?documentid=652388520,Casdocument.aspx?documentid=671335683,Casdocument.aspx?documentid=677452490,,Casdocument.aspx?documentid=471071886,Casdocument.aspx?documentid=681449668,Casdocument.aspx?documentid=470618851,FundDocuments.aspx?query=all&fund=019103,https://danjuanfunds.com/funding/019103
019230,广发全球稳健配置混合型证券投资基金（QDII）A类人民币基金份额（暂停申购）,广发全球稳健配置混合型证券投资基金A类人民币基金份额,"qdii,suspended",Overview.aspx?code=019230,Mainland Securities Fund,3,1.1171,2026-10-08,-1.17,-2.19,-4.98,+12.53,+7.20,+10.17,2026-10-08,,,,,+2.04,Casdocument.aspx?documentid=681210124,Casdocument.aspx?documentid=652935336,Casdocument.aspx?documentid=671093689,Casdocument.aspx?documentid=677783154,,Casdocument.aspx?documentid=676650493,Casdocument.aspx?documentid=681184549,Casdocument.aspx?documentid=492215981,FundDocuments.aspx?query=all&fund=019230,https://danjuanfunds.com/funding/019230
019231,广发全球稳健配置混合型证券投资基金（QDII）C类人民币基金份额（暂停申购）,广发全球稳健配置混合型证券投资基金C类人民币基金份额,"qdii,suspended",Overview.aspx?code=019231,Mainland Securities Fund,3,1.104,2026-10-08,-1.19,-2.23,-5.11,+12.26,+6.67,+9.76,2026-10-08,,,,,+1.54,Casdocument.aspx?documentid=681210124,Casdocument.aspx?documentid=652935336,Casdocument.aspx?documentid=671093689,Casdocument.aspx?documentid=677783154,,Casdocument.aspx?documentid=676650493,Casdocument.aspx?documentid=681183847,Casdocument.aspx?documentid=492215981,FundDocuments.aspx?query=all&fund=019231,https://danjuanfunds.com/funding/019231
019239,景顺长城创业板综指增强型证券投资基金C类,景顺长城创业板综指增强型证券投资基金C类,,Overview.aspx?code=019239,Mainland Securities Fund,4,2.1458,2026-10-09,+0.32,-6.20,-16.08,-8.08,-0.72,-1.57,2026-10-09,,,,+16.01,+54.13,Casdocument.aspx?documentid=633145806,Casdocument.aspx?documentid=652388503,Casdocument.aspx?documentid=671333454,Casdocument.aspx?documentid=677454348,,Casdocument.aspx?documentid=576455117,Casdocument.aspx?documentid=633259746,Casdocument.aspx?documentid=270436561,FundDocuments.aspx?query=all&fund=019239,https://danjuanfunds.com/funding/019239
019512,摩根全球多元配置证券投资基金(QDII-FOF)C类,摩根全球多元配置证券投资基金C类,qdii,Overview.aspx?code=019512,Mainland Securities Fund,3,1.8511,2026-10-08,+0.09,-1.52,-0.80,+2.83,+2.01,+1.32,2026-10-08,,,,+10.22,+7.71,Casdocument.aspx?documentid=681230816,Casdocument.aspx?documentid=653344772,Casdocument.aspx?documentid=671362996,Casdocument.aspx?documentid=677794254,,Casdocument.aspx?documentid=676650086,Casdocument.aspx?documentid=681184620,Casdocument.aspx?documentid=658037015,FundDocuments.aspx?query=all&fund=019512,https://danjuanfunds.com/funding/019512
019910,[仅电子渠道]博时上证自然资源交易型开放式指数证券投资基金联接基金C类,博时上证自然资源交易型开放式指数证券投资基金联接基金C类,online_only,Overview.aspx?code=019910,Mainland Securities Fund,4,1.7906,2026-10-09,+1.41,-6.35,+1.80,-8.41,+7.99,+2.58,2026-10-09,,,,+11.74,+47.25,Casdocument.aspx?documentid=682408345,Casdocument.aspx?documentid=653256254,Casdocument.aspx?documentid=671354284,Casdocument.aspx?documentid=677793194,,Casdocument.aspx?documentid=476561733,Casdocument.aspx?documentid=667412958,,FundDocuments.aspx?query=all&fund=019910,https://danjuanfunds.com/funding/019910
019916,[仅电子渠道]富国医药创新股票型证券投资基金A类,富国医药创新股票型证券投资基金A类,online_only,Overview.aspx?code=019916,Mainland Securities Fund,5,1.584,2026-10-09,+0.09,-4.69,-9.50,-7.23,-15.52,-5.53,2026-10-09,,,,,+67.70,Casdocument.aspx?documentid=672239077,Casdocument.aspx?documentid=653243584,Casdocument.aspx?documentid=671455414,Casdocument.aspx?documentid=677808579,,Casdocument.aspx?documentid=667605945,Casdocument.aspx?documentid=672213285,Casdocument.aspx?documentid=492703792,FundDocuments.aspx?query=all&fund=019916,https://danjuanfunds.com/funding/019916
019917,[仅电子渠道]富国医药创新股票型证券投资基金C类,富国医药创新股票型证券投资基金C类,online_only,Overview.aspx?code=019917,Mainland Securities Fund,5,1.5584,2026-10-09,+0.10,-4.73,-9.64,-7.51,-16.02,-5.97,2026-10-09,,,,,+66.68,Casdocument.aspx?documentid=672239077,Casdocument.aspx?documentid=653243584,Casdocument.aspx?documentid=671455414,Casdocument.aspx?documentid=677808579,,Casdocument.aspx?documentid=667605945,Casdocument.aspx?documentid=672213275,Casdocument.aspx?documentid=492703792,FundDocuments.aspx?query=all&fund=019917,https://danjuanfunds.com/funding/019917
019918,[仅电子渠道]招商中证2000指数增强型证券投资基金A类,招商中证2000指数增强型证券投资基金A类,online_only,Overview.aspx?code=019918,Mainland Securities Fund,4,1.8408,2026-10-09,-0.04,-2.98,-6.18,-0.29,+8.81,+6.99,2026-10-09,,,,,+49.10,Casdocument.aspx?documentid=638497662,Casdocument.aspx?documentid=653326197,Casdocument.aspx?documentid=671457968,Casdocument.aspx?documentid=677817031,,Casdocument.aspx?documentid=478997777,Casdocument.aspx?documentid=638497798,Casdocument.aspx?documentid=478954530,FundDocuments.aspx?query=all&fund=019918,https://danjuanfunds.com/funding/019918
019919,[仅电子渠道]招商中证2000指数增强型证券投资基金C类,招商中证2000指数增强型证券投资基金C类,online_only,Overview.aspx?code=019919,Mainland Securities Fund,4,1.8257,2026-10-09,-0.04,-3.01,-6.25,-0.44,+8.49,+6.73,2026-10-09,,,,,+48.65,Casdocument.aspx?documentid=638497662,Casdocument.aspx?documentid=653326197,Casdocument.aspx?documentid=671457968,Casdocument.aspx?documentid=677817031,,Casdocument.aspx?documentid=478997777,Casdocument.aspx?documentid=638497826,Casdocument.aspx?documentid=478954530,FundDocuments.aspx?query=all&fund=019919,https://danjuanfunds.com/funding/019919
019967,[仅电子渠道]工银瑞信如意货币市场基金C类（暂停申购）,工银瑞信如意货币市场基金C类,"online_only,suspended",Overview.aspx?code=019967,Mainland Securities Fund,2,1.00,2026-10-09,+0.00,+0.08,+0.29,+0.62,+1.33,+1.00,2026-10-09,,,,+1.99,+1.51,Casdocument.aspx?documentid=664919687,Casdocument.aspx?documentid=653185850,Casdocument.aspx?documentid=671379271,Casdocument.aspx?documentid=677796509,,Casdocument.aspx?documentid=619894474,Casdocument.aspx?documentid=664930276,Casdocument.aspx?documentid=379441821,FundDocuments.aspx?query=all&fund=019967,https://danjuanfunds.com/funding/019967
020011,[仅电子渠道]国泰沪深300指数证券投资基金A类,国泰沪深300指数证券投资基金A类,online_only,Overview.aspx?code=020011,Mainland Securities Fund,4,1.0411,2026-10-09,+0.17,-4.98,-9.34,-2.33,-4.17,-3.41,2026-10-09,-1.14,-17.75,-8.43,+17.06,+20.52,Casdocument.aspx?documentid=681209169,Casdocument.aspx?documentid=652948405,Casdocument.aspx?documentid=671459531,Casdocument.aspx?documentid=677875932,,Casdocument.aspx?documentid=576480804,Casdocument.aspx?documentid=681280072,Casdocument.aspx?documentid=5984644,FundDocuments.aspx?query=all&fund=020011,https://danjuanfunds.com/funding/020011
020238,博时锦源利率债债券型证券投资基金A类（暂停申购）,博时锦源利率债债券型证券投资基金A类,suspended,Overview.aspx?code=020238,Mainland Securities Fund,3,1.0447,2026-10-09,+0.12,+0.44,+0.89,+1.81,+2.92,+2.75,2026-10-09,,,,+8.38,-0.88,Casdocument.aspx?documentid=682407190,Casdocument.aspx?documentid=653263644,Casdocument.aspx?documentid=671351963,Casdocument.aspx?documentid=677818748,,Casdocument.aspx?documentid=481734677,Casdocument.aspx?documentid=667408127,Casdocument.aspx?documentid=481453657,FundDocuments.aspx?query=all&fund=020238,https://danjuanfunds.com/funding/020238
020239,博时锦源利率债债券型证券投资基金C类（暂停申购）,博时锦源利率债债券型证券投资基金C类,suspended,Overview.aspx?code=020239,Mainland Securities Fund,3,1.0424,2026-10-09,+0.12,+0.43,+0.84,+1.74,+2.74,+2.62,2026-10-09,,,,+8.15,-1.06,Casdocument.aspx?documentid=682407190,Casdocument.aspx?documentid=653263644,Casdocument.aspx?documentid=671351963,Casdocument.aspx?documentid=677818748,,Casdocument.aspx?documentid=481734677,Casdocument.aspx?documentid=667412188,Casdocument.aspx?documentid=481453657,FundDocuments.aspx?query=all&fund=020239,https://danjuanfunds.com/funding/020239
020291,[仅电子渠道]华夏上证科创板100交易型开放式指数证券投资基金联接基金A类,华夏上证科创板100交易型开放式指数证券投资基金联接基金A类,online_only,Overview.aspx?code=020291,Mainland Securities Fund,5,1.8857,2026-10-09,-0.83,-8.31,-25.76,+6.86,+11.22,+14.44,2026-10-09,,,,,+52.86,Casdocument.aspx?documentid=663030247,Casdocument.aspx?documentid=653217889,Casdocument.aspx?documentid=671472950,Casdocument.aspx?documentid=677821287,,Casdocument.aspx?documentid=542925891,Casdocument.aspx?documentid=663037727,Casdocument.aspx?documentid=484249023,FundDocuments.aspx?query=all&fund=020291,https://danjuanfunds.com/funding/020291
020292,[仅电子渠道]华夏上证科创板100交易型开放式指数证券投资基金联接基金C类,华夏上证科创板100交易型开放式指数证券投资基金联接基金C类,online_only,Overview.aspx?code=020292,Mainland Securities Fund,5,1.8755,2026-10-09,-0.83,-8.32,-25.80,+6.76,+11.00,+14.26,2026-10-09,,,,,+52.55,Casdocument.aspx?documentid=663030247,Casdocument.aspx?documentid=653217889,Casdocument.aspx?documentid=671472950,Casdocument.aspx?documentid=677821287,,Casdocument.aspx?documentid=542925891,Casdocument.aspx?documentid=663038431,Casdocument.aspx?documentid=484249023,FundDocuments.aspx?query=all&fund=020292,https://danjuanfunds.com/funding/020292
020364,博时卓越成长混合型证券投资基金A类（暂停申购）,博时卓越成长混合型证券投资基金A类,suspended,Overview.aspx?code=020364,Mainland Securities Fund,4,1.134,2026-10-09,-1.01,-6.02,-14.33,-14.25,-15.83,-14.19,2026-10-09,,,,,+15.51,Casdocument.aspx?documentid=682391711,Casdocument.aspx?documentid=653255497,Casdocument.aspx?documentid=671358361,Casdocument.aspx?documentid=677796481,,Casdocument.aspx?documentid=651185253,Casdocument.aspx?documentid=667405390,Casdocument.aspx?documentid=483752217,FundDocuments.aspx?query=all&fund=020364,https://danjuanfunds.com/funding/020364
020365,博时卓越成长混合型证券投资基金C类（暂停申购）,博时卓越成长混合型证券投资基金C类,suspended,Overview.aspx?code=020365,Mainland Securities Fund,4,1.1174,2026-10-09,-1.02,-6.06,-14.46,-14.51,-16.21,-14.46,2026-10-09,,,,,+14.81,Casdocument.aspx?documentid=682391711,Casdocument.aspx?documentid=653255497,Casdocument.aspx?documentid=671358361,Casdocument.aspx?documentid=677796481,,Casdocument.aspx?documentid=651185253,Casdocument.aspx?documentid=667412617,Casdocument.aspx?documentid=483752217,FundDocuments.aspx?query=all&fund=020365,https://danjuanfunds.com/funding/020365
020405,国泰中证油气产业交易型开放式指数证券投资基金发起式联接基金A类,国泰中证油气产业交易型开放式指数证券投资基金发起式联接基金A类,,Overview.aspx?code=020405,Mainland Securities Fund,4,1.4293,2026-10-09,-0.31,-3.26,+9.76,-6.86,+26.17,+14.49,2026-10-09,,,,+8.43,+15.13,Casdocument.aspx?documentid=679345236,Casdocument.aspx?documentid=652957641,Casdocument.aspx?documentid=671330755,Casdocument.aspx?documentid=677793755,,Casdocument.aspx?documentid=485344723,Casdocument.aspx?documentid=679345271,Casdocument.aspx?documentid=485240857,FundDocuments.aspx?query=all&fund=020405,https://danjuanfunds.com/funding/020405
020406,国泰中证油气产业交易型开放式指数证券投资基金发起式联接基金C类,国泰中证油气产业交易型开放式指数证券投资基金发起式联接基金C类,,Overview.aspx?code=020406,Mainland Securities Fund,4,1.4215,2026-10-09,-0.31,-3.27,+9.71,-6.95,+25.93,+14.32,2026-10-09,,,,+8.21,+14.91,Casdocument.aspx?documentid=679345236,Casdocument.aspx?documentid=652957641,Casdocument.aspx?documentid=671330755,Casdocument.aspx?documentid=677793755,,Casdocument.aspx?documentid=485344723,Casdocument.aspx?documentid=679345239,Casdocument.aspx?documentid=485240857,FundDocuments.aspx?query=all&fund=020406,https://danjuanfunds.com/funding/020406
020512,摩根海外稳健配置混合型证券投资基金(QDII-FOF)人民币C类,摩根海外稳健配置混合型证券投资基金人民币C类,qdii,Overview.aspx?code=020512,Mainland Securities Fund,3,1.0402,2026-10-08,+0.13,-0.87,-1.06,-1.63,-3.80,-3.52,2026-10-08,,,,,+0.96,Casdocument.aspx?documentid=665195681,Casdocument.aspx?documentid=653191352,Casdocument.aspx?documentid=671365034,Casdocument.aspx?documentid=677796098,,Casdocument.aspx?documentid=487203446,Casdocument.aspx?documentid=665179593,Casdocument.aspx?documentid=443585818,FundDocuments.aspx?query=all&fund=020512,https://danjuanfunds.com/funding/020512
020750,[仅电子渠道]工银瑞信上证科创板50成份交易型开放式指数证券投资基金联接基金E类,工银瑞信上证科创板50成份交易型开放式指数证券投资基金联接基金E类,online_only,Overview.aspx?code=020750,Mainland Securities Fund,5,1.1508,2026-10-09,+0.07,-7.34,-31.07,+9.01,-3.55,+8.96,2026-10-09,,,,,+34.29,Casdocument.aspx?documentid=632928794,Casdocument.aspx?documentid=653200183,Casdocument.aspx?documentid=671377643,Casdocument.aspx?documentid=677796593,,Casdocument.aspx?documentid=554675002,Casdocument.aspx?documentid=632963698,Casdocument.aspx?documentid=322696150,FundDocuments.aspx?query=all&fund=020750,https://danjuanfunds.com/funding/020750
020901,[仅电子渠道]招商成长量化选股股票型证券投资基金A类,招商成长量化选股股票型证券投资基金A类,online_only,Overview.aspx?code=020901,Mainland Securities Fund,4,1.56,2026-10-09,+1.19,-2.34,-0.31,-3.06,-1.33,-1.18,2026-10-09,,,,,+39.17,Casdocument.aspx?documentid=663320412,Casdocument.aspx?documentid=653200199,Casdocument.aspx?documentid=671354152,Casdocument.aspx?documentid=677816156,,Casdocument.aspx?documentid=658440683,Casdocument.aspx?documentid=663319347,Casdocument.aspx?documentid=569432781,FundDocuments.aspx?query=all&fund=020901,https://danjuanfunds.com/funding/020901
020902,[仅电子渠道]招商成长量化选股股票型证券投资基金C类,招商成长量化选股股票型证券投资基金C类,online_only,Overview.aspx?code=020902,Mainland Securities Fund,4,1.5382,2026-10-09,+1.18,-2.38,-0.46,-3.34,-1.91,-1.64,2026-10-09,,,,,+38.34,Casdocument.aspx?documentid=663320412,Casdocument.aspx?documentid=653200199,Casdocument.aspx?documentid=671354152,Casdocument.aspx?documentid=677816156,,Casdocument.aspx?documentid=658440683,Casdocument.aspx?documentid=663320434,Casdocument.aspx?documentid=569432781,FundDocuments.aspx?query=all&fund=020902,https://danjuanfunds.com/funding/020902
021030,汇添富国证港股通创新药交易型开放式指数证券投资基金发起式联接基金A类,汇添富国证港股通创新药交易型开放式指数证券投资基金发起式联接基金A类,,Overview.aspx?code=021030,Mainland Securities Fund,5,1.5592,2026-10-09,-0.13,-2.98,+2.62,-12.81,-24.43,-8.49,2026-10-09,,,,,+55.18,Casdocument.aspx?documentid=669460105,Casdocument.aspx?documentid=653325632,Casdocument.aspx?documentid=671368064,Casdocument.aspx?documentid=677845981,,Casdocument.aspx?documentid=580019967,Casdocument.aspx?documentid=669458954,Casdocument.aspx?documentid=501616958,FundDocuments.aspx?query=all&fund=021030,https://danjuanfunds.com/funding/021030
021031,汇添富国证港股通创新药交易型开放式指数证券投资基金发起式联接基金C类,汇添富国证港股通创新药交易型开放式指数证券投资基金发起式联接基金C类,,Overview.aspx?code=021031,Mainland Securities Fund,5,1.5516,2026-10-09,-0.13,-2.99,+2.57,-12.90,-24.58,-8.63,2026-10-09,,,,,+54.87,Casdocument.aspx?documentid=669460105,Casdocument.aspx?documentid=653325632,Casdocument.aspx?documentid=671368064,Casdocument.aspx?documentid=677845981,,Casdocument.aspx?documentid=580019967,Casdocument.aspx?documentid=669458977,Casdocument.aspx?documentid=501616958,FundDocuments.aspx?query=all&fund=021031,https://danjuanfunds.com/funding/021031
021142,华夏中证港股通央企红利交易型开放式指数证券投资基金发起式联接基金A类,华夏中证港股通央企红利交易型开放式指数证券投资基金发起式联接基金A类,,Overview.aspx?code=021142,Mainland Securities Fund,4,1.444,2026-10-09,+0.96,-1.28,+10.31,-1.57,+1.08,+0.42,2026-10-09,,,,,+17.56,Casdocument.aspx?documentid=663030199,Casdocument.aspx?documentid=653218542,Casdocument.aspx?documentid=671471015,Casdocument.aspx?documentid=677842240,,Casdocument.aspx?documentid=503821956,Casdocument.aspx?documentid=663037463,Casdocument.aspx?documentid=503649185,FundDocuments.aspx?query=all&fund=021142,https://danjuanfunds.com/funding/021142
021143,华夏中证港股通央企红利交易型开放式指数证券投资基金发起式联接基金C类,华夏中证港股通央企红利交易型开放式指数证券投资基金发起式联接基金C类,,Overview.aspx?code=021143,Mainland Securities Fund,4,1.4334,2026-10-09,+0.96,-1.30,+10.23,-1.72,+0.78,+0.19,2026-10-09,,,,,+17.20,Casdocument.aspx?documentid=663030199,Casdocument.aspx?documentid=653218542,Casdocument.aspx?documentid=671471015,Casdocument.aspx?documentid=677842240,,Casdocument.aspx?documentid=503821956,Casdocument.aspx?documentid=663036636,Casdocument.aspx?documentid=503649185,FundDocuments.aspx?query=all&fund=021143,https://danjuanfunds.com/funding/021143
021206,[仅电子渠道]易方达中证A50交易型开放式指数证券投资基金发起式联接基金A类,易方达中证A50交易型开放式指数证券投资基金发起式联接基金A类,online_only,Overview.aspx?code=021206,Mainland Securities Fund,3,1.2213,2026-10-09,+0.63,-5.24,-6.91,-2.96,-6.13,-3.77,2026-10-09,,,,,+15.88,Casdocument.aspx?documentid=643243888,Casdocument.aspx?documentid=653265019,Casdocument.aspx?documentid=671336218,Casdocument.aspx?documentid=677864551,,Casdocument.aspx?documentid=554675145,Casdocument.aspx?documentid=674590205,Casdocument.aspx?documentid=503396445,FundDocuments.aspx?query=all&fund=021206,https://danjuanfunds.com/funding/021206
021207,[仅电子渠道]易方达中证A50交易型开放式指数证券投资基金发起式联接基金C类,易方达中证A50交易型开放式指数证券投资基金发起式联接基金C类,online_only,Overview.aspx?code=021207,Mainland Securities Fund,3,1.2153,2026-10-09,+0.64,-5.26,-6.96,-3.06,-6.31,-3.92,2026-10-09,,,,,+15.64,Casdocument.aspx?documentid=643243888,Casdocument.aspx?documentid=653265019,Casdocument.aspx?documentid=671336218,Casdocument.aspx?documentid=677864551,,Casdocument.aspx?documentid=554675145,Casdocument.aspx?documentid=674588798,Casdocument.aspx?documentid=503396445,FundDocuments.aspx?query=all&fund=021207,https://danjuanfunds.com/funding/021207
021231,[仅电子渠道]工银瑞信中证A50交易型开放式指数证券投资基金联接基金A类,工银瑞信中证A50交易型开放式指数证券投资基金联接基金A类,online_only,Overview.aspx?code=021231,Mainland Securities Fund,3,1.286,2026-10-09,+0.63,-5.18,-7.18,-2.62,-5.20,-3.38,2026-10-09,,,,,+16.66,Casdocument.aspx?documentid=632996010,Casdocument.aspx?documentid=653216288,Casdocument.aspx?documentid=671367597,Casdocument.aspx?documentid=677773479,,Casdocument.aspx?documentid=554675170,Casdocument.aspx?documentid=632964670,Casdocument.aspx?documentid=503649245,FundDocuments.aspx?query=all&fund=021231,https://danjuanfunds.com/funding/021231
021232,[仅电子渠道]工银瑞信中证A50交易型开放式指数证券投资基金联接基金C类,工银瑞信中证A50交易型开放式指数证券投资基金联接基金C类,online_only,Overview.aspx?code=021232,Mainland Securities Fund,3,1.2785,2026-10-09,+0.64,-5.19,-7.23,-2.74,-5.44,-3.57,2026-10-09,,,,,+16.37,Casdocument.aspx?documentid=632996010,Casdocument.aspx?documentid=653216288,Casdocument.aspx?documentid=671367597,Casdocument.aspx?documentid=677773479,,Casdocument.aspx?documentid=554675170,Casdocument.aspx?documentid=632965489,Casdocument.aspx?documentid=503649245,FundDocuments.aspx?query=all&fund=021232,https://danjuanfunds.com/funding/021232
021258,[仅电子渠道]富国中债-1-3年国开行债券指数证券投资基金E类,富国中债-1-3年国开行债券指数证券投资基金E类,online_only,Overview.aspx?code=021258,Mainland Securities Fund,2,1.0722,2026-10-09,+0.00,+0.11,+0.33,+0.91,+2.10,+1.61,2026-10-09,,,,,+1.04,Casdocument.aspx?documentid=650827562,Casdocument.aspx?documentid=653238821,Casdocument.aspx?documentid=671445671,Casdocument.aspx?documentid=677813039,,Casdocument.aspx?documentid=576491473,Casdocument.aspx?documentid=650828334,Casdocument.aspx?documentid=603969511,FundDocuments.aspx?query=all&fund=021258,https://danjuanfunds.com/funding/021258
021277,广发全球精选股票型证券投资基金C类,广发全球精选股票型证券投资基金C类,,Overview.aspx?code=021277,Mainland Securities Fund,4,6.2646,2026-10-08,-0.88,-0.49,-6.30,+19.70,+36.59,+35.99,2026-10-08,,,,,+17.67,Casdocument.aspx?documentid=664014205,Casdocument.aspx?documentid=652935070,Casdocument.aspx?documentid=671093691,Casdocument.aspx?documentid=677759711,,Casdocument.aspx?documentid=568079301,Casdocument.aspx?documentid=664005039,Casdocument.aspx?documentid=658037223,FundDocuments.aspx?query=all&fund=021277,https://danjuanfunds.com/funding/021277
021550,博时中证红利低波动100交易型开放式指数证券投资基金联接基金A类,博时中证红利低波动100交易型开放式指数证券投资基金联接基金A类,,Overview.aspx?code=021550,Mainland Securities Fund,4,1.0914,2026-10-09,+0.43,+0.39,+5.56,-0.78,+0.93,+0.34,2026-10-09,,,,,+3.83,Casdocument.aspx?documentid=682411142,Casdocument.aspx?documentid=653245593,Casdocument.aspx?documentid=671358792,Casdocument.aspx?documentid=677794124,,Casdocument.aspx?documentid=514830751,Casdocument.aspx?documentid=667412583,Casdocument.aspx?documentid=514800041,FundDocuments.aspx?query=all&fund=021550,https://danjuanfunds.com/funding/021550
021551,博时中证红利低波动100交易型开放式指数证券投资基金联接基金C类,博时中证红利低波动100交易型开放式指数证券投资基金联接基金C类,,Overview.aspx?code=021551,Mainland Securities Fund,4,1.0894,2026-10-09,+0.43,+0.37,+5.48,-0.93,+0.63,+0.11,2026-10-09,,,,,+3.52,Casdocument.aspx?documentid=682411142,Casdocument.aspx?documentid=653245593,Casdocument.aspx?documentid=671358792,Casdocument.aspx?documentid=677794124,,Casdocument.aspx?documentid=514830751,Casdocument.aspx?documentid=667405425,Casdocument.aspx?documentid=514800041,FundDocuments.aspx?query=all&fund=021551,https://danjuanfunds.com/funding/021551
021633,[仅电子渠道]招商中证香港科技交易型开放式指数证券投资基金发起式联接基金(QDII)A类,招商中证香港科技交易型开放式指数证券投资基金发起式联接基金A类,"online_only,qdii",Overview.aspx?code=021633,Mainland Securities Fund,4,1.2105,2026-10-09,+2.67,-3.84,-7.78,-11.72,-33.40,-20.65,2026-10-09,,,,,+21.82,Casdocument.aspx?documentid=672534839,Casdocument.aspx?documentid=653342448,Casdocument.aspx?documentid=671390961,Casdocument.aspx?documentid=677809332,,Casdocument.aspx?documentid=523487264,Casdocument.aspx?documentid=672536058,Casdocument.aspx?documentid=523487346,FundDocuments.aspx?query=all&fund=021633,https://danjuanfunds.com/funding/021633
021634,[仅电子渠道]招商中证香港科技交易型开放式指数证券投资基金发起式联接基金(QDII)C类,招商中证香港科技交易型开放式指数证券投资基金发起式联接基金C类,"online_only,qdii",Overview.aspx?code=021634,Mainland Securities Fund,4,1.2027,2026-10-09,+2.66,-3.86,-7.85,-11.85,-33.60,-20.84,2026-10-09,,,,,+21.48,Casdocument.aspx?documentid=672534839,Casdocument.aspx?documentid=653342448,Casdocument.aspx?documentid=671390961,Casdocument.aspx?documentid=677809332,,Casdocument.aspx?documentid=523487264,Casdocument.aspx?documentid=672536025,Casdocument.aspx?documentid=523487346,FundDocuments.aspx?query=all&fund=021634,https://danjuanfunds.com/funding/021634
021672,[仅电子渠道]国泰中证全指软件交易型开放式指数证券投资基金发起式联接基金E类,国泰中证全指软件交易型开放式指数证券投资基金发起式联接基金E类,online_only,Overview.aspx?code=021672,Mainland Securities Fund,5,0.6697,2026-10-09,+3.49,-3.35,-4.91,-16.79,-32.79,-25.09,2026-10-09,,,,,+12.51,Casdocument.aspx?documentid=681208849,Casdocument.aspx?documentid=652957191,Casdocument.aspx?documentid=671328968,Casdocument.aspx?documentid=677794366,,Casdocument.aspx?documentid=518023977,Casdocument.aspx?documentid=681122311,Casdocument.aspx?documentid=341658129,FundDocuments.aspx?query=all&fund=021672,https://danjuanfunds.com/funding/021672
021752,南方中证全指电力公用事业交易型开放式指数证券投资基金发起式联接基金A类,南方中证全指电力公用事业交易型开放式指数证券投资基金发起式联接基金A类,,Overview.aspx?code=021752,Mainland Securities Fund,4,0.9964,2026-10-09,+0.13,+0.06,+4.83,-1.41,+0.57,+5.91,2026-10-09,,,,,-0.83,Casdocument.aspx?documentid=671595738,Casdocument.aspx?documentid=653255556,Casdocument.aspx?documentid=671475601,Casdocument.aspx?documentid=677819166,,Casdocument.aspx?documentid=522232740,Casdocument.aspx?documentid=671597066,Casdocument.aspx?documentid=522232861,FundDocuments.aspx?query=all&fund=021752,https://danjuanfunds.com/funding/021752
021753,南方中证全指电力公用事业交易型开放式指数证券投资基金发起式联接基金C类,南方中证全指电力公用事业交易型开放式指数证券投资基金发起式联接基金C类,,Overview.aspx?code=021753,Mainland Securities Fund,4,0.993,2026-10-09,+0.12,+0.04,+4.78,-1.49,+0.40,+5.77,2026-10-09,,,,,-0.97,Casdocument.aspx?documentid=671595738,Casdocument.aspx?documentid=653255556,Casdocument.aspx?documentid=671475601,Casdocument.aspx?documentid=677819166,,Casdocument.aspx?documentid=522232740,Casdocument.aspx?documentid=671597047,Casdocument.aspx?documentid=522232861,FundDocuments.aspx?query=all&fund=021753,https://danjuanfunds.com/funding/021753
022044,招商安宁债券型证券投资基金A类（暂停申购）,招商安宁债券型证券投资基金A类,suspended,Overview.aspx?code=022044,Mainland Securities Fund,3,1.0351,2026-10-09,+0.48,-0.28,+1.29,-1.38,-1.78,-0.64,2026-10-09,,,,,+4.31,Casdocument.aspx?documentid=625910673,Casdocument.aspx?documentid=653209641,Casdocument.aspx?documentid=671390425,Casdocument.aspx?documentid=677809313,,Casdocument.aspx?documentid=537883368,Casdocument.aspx?documentid=625910908,Casdocument.aspx?documentid=537883311,FundDocuments.aspx?query=all&fund=022044,https://danjuanfunds.com/funding/022044
022045,招商安宁债券型证券投资基金C类（暂停申购）,招商安宁债券型证券投资基金C类,suspended,Overview.aspx?code=022045,Mainland Securities Fund,3,1.0314,2026-10-09,+0.48,-0.30,+1.24,-1.50,-2.00,-0.82,2026-10-09,,,,,+4.07,Casdocument.aspx?documentid=625910673,Casdocument.aspx?documentid=653209641,Casdocument.aspx?documentid=671390425,Casdocument.aspx?documentid=677809313,,Casdocument.aspx?documentid=537883368,Casdocument.aspx?documentid=625910934,Casdocument.aspx?documentid=537883311,FundDocuments.aspx?query=all&fund=022045,https://danjuanfunds.com/funding/022045
022113,[仅电子渠道]国泰丰鑫纯债债券型证券投资基金C类,国泰丰鑫纯债债券型证券投资基金C类,online_only,Overview.aspx?code=022113,Mainland Securities Fund,3,1.0127,2026-10-09,+0.01,+0.18,+0.55,+1.11,+2.43,+1.90,2026-10-09,,,,,+1.24,Casdocument.aspx?documentid=632710050,Casdocument.aspx?documentid=652948246,Casdocument.aspx?documentid=671458855,Casdocument.aspx?documentid=677794532,,Casdocument.aspx?documentid=534505383,Casdocument.aspx?documentid=632717796,Casdocument.aspx?documentid=658042338,FundDocuments.aspx?query=all&fund=022113,https://danjuanfunds.com/funding/022113
022355,南方皓元短债债券型证券投资基金E类,南方皓元短债债券型证券投资基金E类,,Overview.aspx?code=022355,Mainland Securities Fund,3,1.1557,2026-10-09,+0.00,+0.11,+0.32,+0.71,+1.65,+1.23,2026-10-09,,,,,+1.47,Casdocument.aspx?documentid=663320013,Casdocument.aspx?documentid=653254704,Casdocument.aspx?documentid=671473195,Casdocument.aspx?documentid=677820323,,Casdocument.aspx?documentid=658440678,Casdocument.aspx?documentid=663319355,Casdocument.aspx?documentid=259710934,FundDocuments.aspx?query=all&fund=022355,https://danjuanfunds.com/funding/022355
022424,[仅电子渠道]广发中证A500交易型开放式指数证券投资基金联接基金A类,广发中证A500交易型开放式指数证券投资基金联接基金A类,online_only,Overview.aspx?code=022424,Mainland Securities Fund,3,1.1281,2026-10-09,+0.18,-5.65,-11.69,-4.69,-4.95,-4.09,2026-10-09,,,,,+23.43,Casdocument.aspx?documentid=666679499,Casdocument.aspx?documentid=652939622,Casdocument.aspx?documentid=671093437,Casdocument.aspx?documentid=677759773,,Casdocument.aspx?documentid=554675100,Casdocument.aspx?documentid=666678754,Casdocument.aspx?documentid=544202952,FundDocuments.aspx?query=all&fund=022424,https://danjuanfunds.com/funding/022424
022425,[仅电子渠道]广发中证A500交易型开放式指数证券投资基金联接基金C类,广发中证A500交易型开放式指数证券投资基金联接基金C类,online_only,Overview.aspx?code=022425,Mainland Securities Fund,3,1.1238,2026-10-09,+0.18,-5.66,-11.73,-4.79,-5.13,-4.23,2026-10-09,,,,,+23.18,Casdocument.aspx?documentid=666679499,Casdocument.aspx?documentid=652939622,Casdocument.aspx?documentid=671093437,Casdocument.aspx?documentid=677759773,,Casdocument.aspx?documentid=554675100,Casdocument.aspx?documentid=666678763,Casdocument.aspx?documentid=544202952,FundDocuments.aspx?query=all&fund=022425,https://danjuanfunds.com/funding/022425
022436,摩根中证A500交易型开放式指数证券投资基金联接基金A类,摩根中证A500交易型开放式指数证券投资基金联接基金A类,,Overview.aspx?code=022436,Mainland Securities Fund,3,1.1072,2026-10-09,+0.15,-5.66,-12.35,-5.72,-6.06,-5.04,2026-10-09,,,,,+23.44,Casdocument.aspx?documentid=632477773,Casdocument.aspx?documentid=653350698,Casdocument.aspx?documentid=671365831,Casdocument.aspx?documentid=677794706,,Casdocument.aspx?documentid=554674614,Casdocument.aspx?documentid=632478103,Casdocument.aspx?documentid=544203008,FundDocuments.aspx?query=all&fund=022436,https://danjuanfunds.com/funding/022436
022444,[仅电子渠道]景顺长城中证A500交易型开放式指数证券投资基金联接基金A类,景顺长城中证A500交易型开放式指数证券投资基金联接基金A类,online_only,Overview.aspx?code=022444,Mainland Securities Fund,3,1.1275,2026-10-09,+0.17,-5.62,-11.87,-5.23,-4.80,-4.08,2026-10-09,,,,,+23.61,Casdocument.aspx?documentid=666026691,Casdocument.aspx?documentid=652392932,Casdocument.aspx?documentid=671335684,Casdocument.aspx?documentid=677453580,,Casdocument.aspx?documentid=554674418,Casdocument.aspx?documentid=666032052,Casdocument.aspx?documentid=544203011,FundDocuments.aspx?query=all&fund=022444,https://danjuanfunds.com/funding/022444
022445,[仅电子渠道]景顺长城中证A500交易型开放式指数证券投资基金联接基金C类,景顺长城中证A500交易型开放式指数证券投资基金联接基金C类,online_only,Overview.aspx?code=022445,Mainland Securities Fund,3,1.1231,2026-10-09,+0.16,-5.64,-11.92,-5.33,-5.01,-4.23,2026-10-09,,,,,+23.36,Casdocument.aspx?documentid=666026691,Casdocument.aspx?documentid=652392932,Casdocument.aspx?documentid=671335684,Casdocument.aspx?documentid=677453580,,Casdocument.aspx?documentid=554674418,Casdocument.aspx?documentid=666032052,Casdocument.aspx?documentid=544203011,FundDocuments.aspx?query=all&fund=022445,https://danjuanfunds.com/funding/022445
022453,[仅电子渠道]嘉实中证A500交易型开放式指数证券投资基金联接基金A类,嘉实中证A500交易型开放式指数证券投资基金联接基金A类,online_only,Overview.aspx?code=022453,Mainland Securities Fund,4,1.1296,2026-10-09,+0.16,-5.68,-12.07,-5.43,-5.36,-4.58,2026-10-09,,,,,+23.57,Casdocument.aspx?documentid=623822369,Casdocument.aspx?documentid=652969650,Casdocument.aspx?documentid=671328860,Casdocument.aspx?documentid=677816286,,Casdocument.aspx?documentid=554888956,Casdocument.aspx?documentid=664689541,Casdocument.aspx?documentid=544248790,FundDocuments.aspx?query=all&fund=022453,https://danjuanfunds.com/funding/022453
022454,[仅电子渠道]嘉实中证A500交易型开放式指数证券投资基金联接基金C类,嘉实中证A500交易型开放式指数证券投资基金联接基金C类,online_only,Overview.aspx?code=022454,Mainland Securities Fund,4,1.1275,2026-10-09,+0.16,-5.70,-12.11,-5.52,-5.54,-4.73,2026-10-09,,,,,+23.33,Casdocument.aspx?documentid=623822369,Casdocument.aspx?documentid=652969650,Casdocument.aspx?documentid=671328860,Casdocument.aspx?documentid=677816286,,Casdocument.aspx?documentid=554888956,Casdocument.aspx?documentid=664689584,Casdocument.aspx?documentid=544248790,FundDocuments.aspx?query=all&fund=022454,https://danjuanfunds.com/funding/022454
022457,博时中证A500交易型开放式指数证券投资基金联接基金A类,博时中证A500交易型开放式指数证券投资基金联接基金A类,,Overview.aspx?code=022457,Mainland Securities Fund,4,1.1663,2026-10-09,+0.17,-5.52,-11.84,-4.73,-4.26,-3.71,2026-10-09,,,,,+23.62,Casdocument.aspx?documentid=682406898,Casdocument.aspx?documentid=653260376,Casdocument.aspx?documentid=671362917,Casdocument.aspx?documentid=677793842,,Casdocument.aspx?documentid=554675019,Casdocument.aspx?documentid=667405421,Casdocument.aspx?documentid=544202990,FundDocuments.aspx?query=all&fund=022457,https://danjuanfunds.com/funding/022457
022458,博时中证A500交易型开放式指数证券投资基金联接基金C类,博时中证A500交易型开放式指数证券投资基金联接基金C类,,Overview.aspx?code=022458,Mainland Securities Fund,4,1.1617,2026-10-09,+0.16,-5.54,-11.89,-4.83,-4.46,-3.86,2026-10-09,,,,,+23.36,Casdocument.aspx?documentid=682406898,Casdocument.aspx?documentid=653260376,Casdocument.aspx?documentid=671362917,Casdocument.aspx?documentid=677793842,,Casdocument.aspx?documentid=554675019,Casdocument.aspx?documentid=667409586,Casdocument.aspx?documentid=544202990,FundDocuments.aspx?query=all&fund=022458,https://danjuanfunds.com/funding/022458
022497,国泰CES半导体芯片行业交易型开放式指数证券投资基金发起式联接基金E类,国泰CES半导体芯片行业交易型开放式指数证券投资基金发起式联接基金E类,,Overview.aspx?code=022497,Mainland Securities Fund,5,2.2618,2026-10-09,-0.20,-6.53,-35.34,+17.09,+8.60,+19.99,2026-10-09,,,,,+41.58,Casdocument.aspx?documentid=681208801,Casdocument.aspx?documentid=652947910,Casdocument.aspx?documentid=671458986,Casdocument.aspx?documentid=677786419,,Casdocument.aspx?documentid=548029713,Casdocument.aspx?documentid=681109875,Casdocument.aspx?documentid=259711048,FundDocuments.aspx?query=all&fund=022497,https://danjuanfunds.com/funding/022497
022502,国泰黄金交易型开放式证券投资基金联接基金E类,国泰黄金交易型开放式证券投资基金联接基金E类,,Overview.aspx?code=022502,Mainland Securities Fund,5,3.2414,2026-10-09,+1.34,-5.07,+0.37,-13.24,-1.57,-7.64,2026-10-09,,,,,+56.74,Casdocument.aspx?documentid=681209502,Casdocument.aspx?documentid=652948232,Casdocument.aspx?documentid=671458019,Casdocument.aspx?documentid=677762581,,Casdocument.aspx?documentid=550508800,Casdocument.aspx?documentid=681112114,Casdocument.aspx?documentid=658048807,FundDocuments.aspx?query=all&fund=022502,https://danjuanfunds.com/funding/022502
022509,[仅电子渠道]国泰中证全指证券公司交易型开放式指数证券投资基金发起式联接基金E类,国泰中证全指证券公司交易型开放式指数证券投资基金发起式联接基金E类,online_only,Overview.aspx?code=022509,Mainland Securities Fund,5,1.0002,2026-10-09,+2.01,-4.33,-8.43,+0.16,-17.51,-14.07,2026-10-09,,,,,+3.83,Casdocument.aspx?documentid=681209170,Casdocument.aspx?documentid=652957238,Casdocument.aspx?documentid=671333464,Casdocument.aspx?documentid=677794573,,Casdocument.aspx?documentid=548029762,Casdocument.aspx?documentid=681109784,Casdocument.aspx?documentid=336204211,FundDocuments.aspx?query=all&fund=022509,https://danjuanfunds.com/funding/022509
022759,摩根中证A500交易型开放式指数证券投资基金联接基金I类,摩根中证A500交易型开放式指数证券投资基金联接基金I类,,Overview.aspx?code=022759,Mainland Securities Fund,3,1.1052,2026-10-09,+0.15,-5.67,-12.37,-5.77,-6.16,-5.12,2026-10-09,,,,,+23.31,Casdocument.aspx?documentid=632477773,Casdocument.aspx?documentid=653350698,Casdocument.aspx?documentid=671365831,Casdocument.aspx?documentid=677794706,,Casdocument.aspx?documentid=554674974,Casdocument.aspx?documentid=632478127,Casdocument.aspx?documentid=544203008,FundDocuments.aspx?query=all&fund=022759,https://danjuanfunds.com/funding/022759
023559,[仅电子渠道]招商普盛全球配置证券投资基金(QDII)人民币C类,招商普盛全球配置证券投资基金人民币C类,"online_only,qdii",Overview.aspx?code=023559,Mainland Securities Fund,4,1.3161,2026-10-08,-0.51,-1.94,-3.11,-0.66,-2.66,-1.47,2026-10-08,,,,,,Casdocument.aspx?documentid=640964397,Casdocument.aspx?documentid=653198806,Casdocument.aspx?documentid=671358398,Casdocument.aspx?documentid=677819668,,Casdocument.aspx?documentid=612232179,Casdocument.aspx?documentid=641128971,Casdocument.aspx?documentid=658045818,FundDocuments.aspx?query=all&fund=023559,https://danjuanfunds.com/funding/023559
023855,[仅电子渠道]景顺长城量化小盘股票型证券投资基金C类,景顺长城量化小盘股票型证券投资基金C类,online_only,Overview.aspx?code=023855,Mainland Securities Fund,4,1.8633,2026-10-09,+0.09,-4.95,-10.35,-4.24,+3.57,+1.84,2026-10-09,,,,,,Casdocument.aspx?documentid=662234528,Casdocument.aspx?documentid=652388264,Casdocument.aspx?documentid=671333227,Casdocument.aspx?documentid=677453975,,Casdocument.aspx?documentid=588571131,Casdocument.aspx?documentid=662234690,,FundDocuments.aspx?query=all&fund=023855,https://danjuanfunds.com/funding/023855
024239,华夏全球科技先锋混合型证券投资基金（QDII）人民币C类,华夏全球科技先锋混合型证券投资基金人民币C类,qdii,Overview.aspx?code=024239,Mainland Securities Fund,5,2.5723,2026-10-08,-3.15,-3.39,-22.41,-2.49,+22.21,+20.66,2026-10-08,,,,,,Casdocument.aspx?documentid=663024108,Casdocument.aspx?documentid=653240476,Casdocument.aspx?documentid=671330828,Casdocument.aspx?documentid=677875973,,Casdocument.aspx?documentid=588370761,Casdocument.aspx?documentid=663037735,Casdocument.aspx?documentid=658034397,FundDocuments.aspx?query=all&fund=024239,https://danjuanfunds.com/funding/024239
024613,摩根沪深300自由现金流交易型开放式指数证券投资基金联接基金A类,摩根沪深300自由现金流交易型开放式指数证券投资基金联接基金A类,,Overview.aspx?code=024613,Mainland Securities Fund,3,1.1059,2026-10-09,+0.49,-1.85,+8.14,-5.41,+3.55,-1.01,2026-10-09,,,,,,Casdocument.aspx?documentid=668819101,Casdocument.aspx?documentid=653198247,Casdocument.aspx?documentid=671364343,Casdocument.aspx?documentid=677773557,,Casdocument.aspx?documentid=595921904,Casdocument.aspx?documentid=668820050,Casdocument.aspx?documentid=595921293,FundDocuments.aspx?query=all&fund=024613,https://danjuanfunds.com/funding/024613
024614,摩根沪深300自由现金流交易型开放式指数证券投资基金联接基金C类,摩根沪深300自由现金流交易型开放式指数证券投资基金联接基金C类,,Overview.aspx?code=024614,Mainland Securities Fund,3,1.1002,2026-10-09,+0.48,-1.89,+8.02,-5.61,+3.13,-1.32,2026-10-09,,,,,,Casdocument.aspx?documentid=668819101,Casdocument.aspx?documentid=653198247,Casdocument.aspx?documentid=671364343,Casdocument.aspx?documentid=677773557,,Casdocument.aspx?documentid=595921904,Casdocument.aspx?documentid=668820087,Casdocument.aspx?documentid=595921293,FundDocuments.aspx?query=all&fund=024614,https://danjuanfunds.com/funding/024614
024833,博时中证全指自由现金流交易型开放式指数证券投资基金联接基金A类,博时中证全指自由现金流交易型开放式指数证券投资基金联接基金A类,,Overview.aspx?code=024833,Mainland Securities Fund,4,1.0151,2026-10-09,+0.62,-4.41,+3.42,-11.59,-0.49,-5.69,2026-10-09,,,,,,Casdocument.aspx?documentid=682408200,Casdocument.aspx?documentid=653254730,Casdocument.aspx?documentid=671351970,Casdocument.aspx?documentid=677793205,,Casdocument.aspx?documentid=606745927,Casdocument.aspx?documentid=667413607,Casdocument.aspx?documentid=606745910,FundDocuments.aspx?query=all&fund=024833,https://danjuanfunds.com/funding/024833
024835,博时中证全指自由现金流交易型开放式指数证券投资基金联接基金E类,博时中证全指自由现金流交易型开放式指数证券投资基金联接基金E类,,Overview.aspx?code=024835,Mainland Securities Fund,4,1.015,2026-10-09,+0.62,-4.41,+3.41,-11.60,-0.50,-5.70,2026-10-09,,,,,,Casdocument.aspx?documentid=682408200,Casdocument.aspx?documentid=653254730,Casdocument.aspx?documentid=671351970,Casdocument.aspx?documentid=677793205,,Casdocument.aspx?documentid=606745927,Casdocument.aspx?documentid=667413501,Casdocument.aspx?documentid=606745910,FundDocuments.aspx?query=all&fund=024835,https://danjuanfunds.com/funding/024835
024893,易方达中证国资央企50交易型开放式指数证券投资基金发起式联接基金A类,易方达中证国资央企50交易型开放式指数证券投资基金发起式联接基金A类,,Overview.aspx?code=024893,Mainland Securities Fund,3,1.0168,2026-10-09,-0.39,-1.62,+1.39,-2.87,,-0.58,2026-10-09,,,,,,Casdocument.aspx?documentid=681631515,,Casdocument.aspx?documentid=671336226,Casdocument.aspx?documentid=677845347,,Casdocument.aspx?documentid=626474349,Casdocument.aspx?documentid=680782595,Casdocument.aspx?documentid=626474526,FundDocuments.aspx?query=all&fund=024893,https://danjuanfunds.com/funding/024893
024894,易方达中证国资央企50交易型开放式指数证券投资基金发起式联接基金C类,易方达中证国资央企50交易型开放式指数证券投资基金发起式联接基金C类,,Overview.aspx?code=024894,Mainland Securities Fund,3,1.0141,2026-10-09,-0.39,-1.64,+1.31,-3.01,,-0.81,2026-10-09,,,,,,Casdocument.aspx?documentid=681631515,,Casdocument.aspx?documentid=671336226,Casdocument.aspx?documentid=677845347,,Casdocument.aspx?documentid=626474349,Casdocument.aspx?documentid=680782545,Casdocument.aspx?documentid=626474526,FundDocuments.aspx?query=all&fund=024894,https://danjuanfunds.com/funding/024894
025238,华夏创业板交易型开放式指数证券投资基金D类,华夏创业板交易型开放式指数证券投资基金D类,,Overview.aspx?code=025238,Mainland Securities Fund,5,1.7783,2026-10-09,+0.23,-8.73,-23.05,-7.75,-6.61,-4.81,2026-10-09,,,,,,Casdocument.aspx?documentid=675769718,Casdocument.aspx?documentid=653240456,Casdocument.aspx?documentid=671330868,Casdocument.aspx?documentid=677875982,,Casdocument.aspx?documentid=611137989,Casdocument.aspx?documentid=675770381,Casdocument.aspx?documentid=658036498,FundDocuments.aspx?query=all&fund=025238,https://danjuanfunds.com/funding/025238
025645,[仅电子渠道]广发量化多因子灵活配置混合型证券投资基金C类,广发量化多因子灵活配置混合型证券投资基金C类,online_only,Overview.aspx?code=025645,Mainland Securities Fund,4,2.3504,2026-10-09,+0.83,-2.76,+4.09,-2.70,+3.33,+0.38,2026-10-09,,,,,,Casdocument.aspx?documentid=664015556,Casdocument.aspx?documentid=652932033,Casdocument.aspx?documentid=671093463,Casdocument.aspx?documentid=677763901,,Casdocument.aspx?documentid=620812436,Casdocument.aspx?documentid=664005422,Casdocument.aspx?documentid=658050323,FundDocuments.aspx?query=all&fund=025645,https://danjuanfunds.com/funding/025645
026246,汇丰晋信港股精选股票型证券投资基金(QDII)人民币A类,汇丰晋信港股精选股票型证券投资基金人民币A类,qdii,Overview.aspx?code=026246,Mainland Securities Fund,4,0.8695,2026-10-08,-4.41,-9.29,-9.09,,,,2026-10-08,,,,,,Casdocument.aspx?documentid=652224642,,Casdocument.aspx?documentid=671379450,Casdocument.aspx?documentid=677783151,,Casdocument.aspx?documentid=652224767,Casdocument.aspx?documentid=652224829,Casdocument.aspx?documentid=652224712,FundDocuments.aspx?query=all&fund=026246,https://danjuanfunds.com/funding/026246
026247,汇丰晋信港股精选股票型证券投资基金(QDII)人民币C类,汇丰晋信港股精选股票型证券投资基金人民币C类,qdii,Overview.aspx?code=026247,Mainland Securities Fund,4,0.868,2026-10-08,-4.43,-9.32,-9.17,,,,2026-10-08,,,,,,Casdocument.aspx?documentid=652224642,,Casdocument.aspx?documentid=671379450,Casdocument.aspx?documentid=677783151,,Casdocument.aspx?documentid=652224767,Casdocument.aspx?documentid=652224662,Casdocument.aspx?documentid=652224712,FundDocuments.aspx?query=all&fund=026247,https://danjuanfunds.com/funding/026247
026648,易方达港股通消费混合型证券投资基金A类,易方达港股通消费混合型证券投资基金A类,,Overview.aspx?code=026648,Mainland Securities Fund,5,0.8717,2026-10-09,+0.96,-3.59,-2.06,-11.85,,,2026-10-09,,,,,,Casdocument.aspx?documentid=640909337,,Casdocument.aspx?documentid=671343546,Casdocument.aspx?documentid=677856918,,Casdocument.aspx?documentid=640949875,Casdocument.aspx?documentid=674588809,Casdocument.aspx?documentid=640948395,FundDocuments.aspx?query=all&fund=026648,https://danjuanfunds.com/funding/026648
026649,易方达港股通消费混合型证券投资基金C类,易方达港股通消费混合型证券投资基金C类,,Overview.aspx?code=026649,Mainland Securities Fund,5,0.8694,2026-10-09,+0.96,-3.62,-2.16,-12.02,,,2026-10-09,,,,,,Casdocument.aspx?documentid=640909337,,Casdocument.aspx?documentid=671343546,Casdocument.aspx?documentid=677856918,,Casdocument.aspx?documentid=640949875,Casdocument.aspx?documentid=674588808,Casdocument.aspx?documentid=640948395,FundDocuments.aspx?query=all&fund=026649,https://danjuanfunds.com/funding/026649
027205,广发优势企业混合型证券投资基金（QDII）A类,广发优势企业混合型证券投资基金A类,qdii,Overview.aspx?code=027205,Mainland Securities Fund,3,0.9383,2026-10-08,-1.18,-1.46,-4.86,,,,2026-10-08,,,,,,Casdocument.aspx?documentid=662644586,,,,,Casdocument.aspx?documentid=662645490,Casdocument.aspx?documentid=667423437,Casdocument.aspx?documentid=662645492,FundDocuments.aspx?query=all&fund=027205,https://danjuanfunds.com/funding/027205
027206,广发优势企业混合型证券投资基金（QDII）C类,广发优势企业混合型证券投资基金C类,qdii,Overview.aspx?code=027206,Mainland Securities Fund,3,0.9372,2026-10-08,-1.19,-1.49,-4.96,,,,2026-10-08,,,,,,Casdocument.aspx?documentid=662644586,,,,,Casdocument.aspx?documentid=662645490,Casdocument.aspx?documentid=667423478,Casdocument.aspx?documentid=662645492,FundDocuments.aspx?query=all&fund=027206,https://danjuanfunds.com/funding/027206
050003,博时现金收益证券投资基金A类（暂停申购）,博时现金收益证券投资基金A类,suspended,Overview.aspx?code=050003,Mainland Securities Fund,2,1.00,2026-10-09,+0.00,+0.05,+0.19,+0.42,+0.92,+0.69,2026-10-09,+2.13,+1.64,+1.73,+1.60,+1.13,Casdocument.aspx?documentid=682408171,Casdocument.aspx?documentid=653267358,Casdocument.aspx?documentid=671352092,Casdocument.aspx?documentid=677796637,,Casdocument.aspx?documentid=625083432,Casdocument.aspx?documentid=667412286,Casdocument.aspx?documentid=658049549,FundDocuments.aspx?query=all&fund=050003,https://danjuanfunds.com/funding/050003
050007,博时平衡配置混合型证券投资基金（暂停申购）,博时平衡配置混合型证券投资基金,suspended,Overview.aspx?code=050007,Mainland Securities Fund,4,1.053,2026-10-09,-0.28,-3.04,-4.36,+1.84,+0.10,+1.74,2026-10-09,+3.04,-12.66,-6.50,+3.64,+13.74,Casdocument.aspx?documentid=682406880,Casdocument.aspx?documentid=653255953,Casdocument.aspx?documentid=671351972,Casdocument.aspx?documentid=677793253,,Casdocument.aspx?documentid=676656038,Casdocument.aspx?documentid=681167140,Casdocument.aspx?documentid=658232450,FundDocuments.aspx?query=all&fund=050007,https://danjuanfunds.com/funding/050007
050011,博时信用债券投资基金（暂停申购）,博时信用债券投资基金,suspended,Overview.aspx?code=050011,Mainland Securities Fund,3,3.6334,2026-10-09,+0.25,-2.81,-4.28,-5.25,-3.10,-2.91,2026-10-09,+8.59,-13.34,-4.31,+10.08,+19.62,Casdocument.aspx?documentid=682391792,Casdocument.aspx?documentid=653242567,Casdocument.aspx?documentid=671358853,Casdocument.aspx?documentid=677761425,,Casdocument.aspx?documentid=676655269,Casdocument.aspx?documentid=681301097,Casdocument.aspx?documentid=658046001,FundDocuments.aspx?query=all&fund=050011,https://danjuanfunds.com/funding/050011
050021,[仅电子渠道]博时创业板交易型开放式指数证券投资基金联接基金A类,博时创业板交易型开放式指数证券投资基金联接基金A类,online_only,Overview.aspx?code=050021,Mainland Securities Fund,5,2.6312,2026-10-09,+0.21,-8.62,-22.63,-7.07,-5.43,-3.86,2026-10-09,+13.24,-26.95,-17.85,+12.72,+47.75,Casdocument.aspx?documentid=682406884,Casdocument.aspx?documentid=653285422,Casdocument.aspx?documentid=671354336,Casdocument.aspx?documentid=677793822,,Casdocument.aspx?documentid=554674971,Casdocument.aspx?documentid=667416179,Casdocument.aspx?documentid=658042089,FundDocuments.aspx?query=all&fund=050021,https://danjuanfunds.com/funding/050021
050023,博时天颐债券型证券投资基金（暂停申购）,博时天颐债券型证券投资基金,suspended,Overview.aspx?code=050023,Mainland Securities Fund,3,1.7998,2026-10-09,+0.68,-2.90,-2.14,+1.19,-0.79,+4.00,2026-10-09,-1.57,-1.73,-1.69,+1.54,+17.21,Casdocument.aspx?documentid=682411109,Casdocument.aspx?documentid=653253512,Casdocument.aspx?documentid=671358958,Casdocument.aspx?documentid=677763470,,Casdocument.aspx?documentid=667605979,Casdocument.aspx?documentid=672212826,Casdocument.aspx?documentid=658044589,FundDocuments.aspx?query=all&fund=050023,https://danjuanfunds.com/funding/050023
050024,[仅电子渠道]博时上证自然资源交易型开放式指数证券投资基金联接基金A类,博时上证自然资源交易型开放式指数证券投资基金联接基金A类,online_only,Overview.aspx?code=050024,Mainland Securities Fund,4,1.8057,2026-10-09,+1.42,-6.33,+1.88,-8.27,+8.31,+2.82,2026-10-09,+40.73,-4.08,+4.59,+12.07,+47.68,Casdocument.aspx?documentid=682408345,Casdocument.aspx?documentid=653256254,Casdocument.aspx?documentid=671354284,Casdocument.aspx?documentid=677793194,,Casdocument.aspx?documentid=476561733,Casdocument.aspx?documentid=667412345,Casdocument.aspx?documentid=35820594,FundDocuments.aspx?query=all&fund=050024,https://danjuanfunds.com/funding/050024
050025,博时标普500交易型开放式指数证券投资基金联接基金（QDII）A类人民币基金份额,博时标普500交易型开放式指数证券投资基金联接基金A类人民币基金份额,qdii,Overview.aspx?code=050025,Mainland Securities Fund,4,5.6279,2026-10-08,+1.45,+0.65,+2.75,+12.00,+10.24,+8.73,2026-10-08,+22.89,-11.85,+24.36,+21.88,+13.64,Casdocument.aspx?documentid=682406616,Casdocument.aspx?documentid=653253494,Casdocument.aspx?documentid=671354126,Casdocument.aspx?documentid=677796141,,Casdocument.aspx?documentid=576482956,Casdocument.aspx?documentid=667405341,Casdocument.aspx?documentid=658047384,FundDocuments.aspx?query=all&fund=050025,https://danjuanfunds.com/funding/050025
050027,博时信用债纯债债券型证券投资基金A,博时信用债纯债债券型证券投资基金A,,Overview.aspx?code=050027,Mainland Securities Fund,3,1.1323,2026-10-09,+0.04,+0.23,+0.81,+1.77,+3.14,+2.86,2026-10-09,+4.72,+2.76,+5.03,+5.02,+0.41,Casdocument.aspx?documentid=682406863,Casdocument.aspx?documentid=653244214,Casdocument.aspx?documentid=671361248,Casdocument.aspx?documentid=677760147,,Casdocument.aspx?documentid=477972477,Casdocument.aspx?documentid=667405446,Casdocument.aspx?documentid=658045571,FundDocuments.aspx?query=all&fund=050027,https://danjuanfunds.com/funding/050027
070015,嘉实多元收益债券型证券投资基金,嘉实多元收益债券型证券投资基金,,Overview.aspx?code=070015,Mainland Securities Fund,3,1.296,2026-10-09,-0.08,-1.14,-0.54,-1.59,-0.50,-0.34,2026-10-09,+6.44,-5.55,+2.81,+9.96,+0.69,Casdocument.aspx?documentid=683777720,Casdocument.aspx?documentid=652967691,Casdocument.aspx?documentid=671329043,Casdocument.aspx?documentid=677818874,,Casdocument.aspx?documentid=667603024,Casdocument.aspx?documentid=683778341,Casdocument.aspx?documentid=658048410,FundDocuments.aspx?query=all&fund=070015,https://danjuanfunds.com/funding/070015
070016,嘉实多元收益债券型证券投资基金B类,嘉实多元收益债券型证券投资基金B类,,Overview.aspx?code=070016,Mainland Securities Fund,3,1.297,2026-10-09,+0.00,-1.14,-0.54,-1.74,-0.77,-0.54,2026-10-09,+6.21,-5.88,+2.49,+9.64,+0.46,Casdocument.aspx?documentid=683777720,Casdocument.aspx?documentid=652967691,Casdocument.aspx?documentid=671329043,Casdocument.aspx?documentid=677818874,,Casdocument.aspx?documentid=667603024,Casdocument.aspx?documentid=683778334,Casdocument.aspx?documentid=658048410,FundDocuments.aspx?query=all&fund=070016,https://danjuanfunds.com/funding/070016
070020,嘉实稳固收益债券型证券投资基金C类（暂停申购）,嘉实稳固收益债券型证券投资基金C类,suspended,Overview.aspx?code=070020,Mainland Securities Fund,3,1.2078,2026-10-09,-0.12,-0.91,-0.90,+1.41,+0.22,+1.21,2026-10-09,+5.49,-5.39,+2.23,+4.45,+6.62,Casdocument.aspx?documentid=672247673,Casdocument.aspx?documentid=652966995,Casdocument.aspx?documentid=671329006,Casdocument.aspx?documentid=677819198,,Casdocument.aspx?documentid=667603158,Casdocument.aspx?documentid=672214590,Casdocument.aspx?documentid=658034555,FundDocuments.aspx?query=all&fund=070020,https://danjuanfunds.com/funding/070020
100018,富国天利增长债券型证券投资基金A类,富国天利增长债券型证券投资基金A类,,Overview.aspx?code=100018,Mainland Securities Fund,3,1.3689,2026-10-09,+0.03,+0.08,+0.40,+0.92,+3.05,+2.42,2026-10-09,+6.77,+1.10,+4.43,+4.83,+2.17,Casdocument.aspx?documentid=666868082,Casdocument.aspx?documentid=653244211,Casdocument.aspx?documentid=671457217,Casdocument.aspx?documentid=677797299,,Casdocument.aspx?documentid=638497905,Casdocument.aspx?documentid=666890424,Casdocument.aspx?documentid=658036206,FundDocuments.aspx?query=all&fund=100018,https://danjuanfunds.com/funding/100018
100020,富国天益价值混合型证券投资基金（暂停申购）,富国天益价值混合型证券投资基金,suspended,Overview.aspx?code=100020,Mainland Securities Fund,4,1.6404,2026-10-09,-1.83,-7.82,-28.82,-2.18,-2.75,+5.80,2026-10-09,-3.85,-26.36,-25.15,-2.07,+12.40,Casdocument.aspx?documentid=672239044,Casdocument.aspx?documentid=653244139,Casdocument.aspx?documentid=671457237,Casdocument.aspx?documentid=677810557,,Casdocument.aspx?documentid=667605997,Casdocument.aspx?documentid=672223462,Casdocument.aspx?documentid=658034804,FundDocuments.aspx?query=all&fund=100020,https://danjuanfunds.com/funding/100020
100026,富国天合稳健优选混合型证券投资基金（暂停申购）,富国天合稳健优选混合型证券投资基金,suspended,Overview.aspx?code=100026,Mainland Securities Fund,4,1.6172,2026-10-09,+0.31,-3.37,-11.67,-9.97,-3.27,-6.40,2026-10-09,+14.23,-21.95,-10.45,-3.62,+22.64,Casdocument.aspx?documentid=667433273,Casdocument.aspx?documentid=653244120,Casdocument.aspx?documentid=671458007,Casdocument.aspx?documentid=677809328,,Casdocument.aspx?documentid=468820988,Casdocument.aspx?documentid=667449867,Casdocument.aspx?documentid=658049809,FundDocuments.aspx?query=all&fund=100026,https://danjuanfunds.com/funding/100026
100029,富国天成红利灵活配置混合型证券投资基金（暂停申购）,富国天成红利灵活配置混合型证券投资基金,suspended,Overview.aspx?code=100029,Mainland Securities Fund,4,1.0585,2026-10-09,+0.40,-0.82,+8.12,+2.22,+9.76,+7.41,2026-10-09,+13.61,-23.90,-14.25,-8.78,+17.01,Casdocument.aspx?documentid=672239078,Casdocument.aspx?documentid=653244200,Casdocument.aspx?documentid=671458024,Casdocument.aspx?documentid=677809244,,Casdocument.aspx?documentid=667606031,Casdocument.aspx?documentid=672223727,Casdocument.aspx?documentid=658036289,FundDocuments.aspx?query=all&fund=100029,https://danjuanfunds.com/funding/100029
100032,[仅电子渠道]富国中证红利指数增强型证券投资基金A类,富国中证红利指数增强型证券投资基金A类,online_only,Overview.aspx?code=100032,Mainland Securities Fund,4,0.975,2026-10-09,+0.52,-1.81,+6.21,-1.22,+2.37,+1.48,2026-10-09,+17.40,-3.55,+6.94,+12.25,+5.09,Casdocument.aspx?documentid=662060980,Casdocument.aspx?documentid=653244158,Casdocument.aspx?documentid=671458108,Casdocument.aspx?documentid=677809240,,Casdocument.aspx?documentid=576498419,Casdocument.aspx?documentid=662069598,Casdocument.aspx?documentid=658049275,FundDocuments.aspx?query=all&fund=100032,https://danjuanfunds.com/funding/100032
100038,富国沪深300增强证券投资基金,富国沪深300增强证券投资基金,,Overview.aspx?code=100038,Mainland Securities Fund,4,1.822,2026-10-09,-0.05,-4.76,-9.62,-4.81,-3.03,-2.72,2026-10-09,-0.24,-19.80,-6.13,+13.92,+19.22,Casdocument.aspx?documentid=662644568,Casdocument.aspx?documentid=653244143,Casdocument.aspx?documentid=671458114,Casdocument.aspx?documentid=677809408,,Casdocument.aspx?documentid=576492366,Casdocument.aspx?documentid=662668965,Casdocument.aspx?documentid=658048845,FundDocuments.aspx?query=all&fund=100038,https://danjuanfunds.com/funding/100038
110008,易方达稳健收益债券型证券投资基金B级,易方达稳健收益债券型证券投资基金B级,,Overview.aspx?code=110008,Mainland Securities Fund,3,1.4208,2026-10-09,+0.17,-0.11,+0.81,+1.15,+1.65,+1.67,2026-10-09,+8.99,-2.44,+2.18,+8.43,+4.02,Casdocument.aspx?documentid=643243789,Casdocument.aspx?documentid=653270583,Casdocument.aspx?documentid=671336264,Casdocument.aspx?documentid=677862291,,Casdocument.aspx?documentid=313178400,Casdocument.aspx?documentid=674589864,Casdocument.aspx?documentid=55763087,FundDocuments.aspx?query=all&fund=110008,https://danjuanfunds.com/funding/110008
110012,易方达科汇灵活配置混合型证券投资基金（暂停申购）,易方达科汇灵活配置混合型证券投资基金,suspended,Overview.aspx?code=110012,Mainland Securities Fund,3,3.361,2026-10-09,-0.62,-3.81,-10.49,-0.50,+20.42,+14.33,2026-10-09,+24.19,-13.34,-4.05,-3.31,+42.44,Casdocument.aspx?documentid=652834052,Casdocument.aspx?documentid=653282665,Casdocument.aspx?documentid=671333241,Casdocument.aspx?documentid=677846149,,Casdocument.aspx?documentid=456424218,Casdocument.aspx?documentid=674589866,Casdocument.aspx?documentid=658049201,FundDocuments.aspx?query=all&fund=110012,https://danjuanfunds.com/funding/110012
110017,易方达增强回报债券型证券投资基金A类,易方达增强回报债券型证券投资基金A类,,Overview.aspx?code=110017,Mainland Securities Fund,3,1.4011,2026-10-09,+0.17,+0.01,+1.66,+1.52,+2.96,+2.45,2026-10-09,+6.43,-1.09,+2.94,+10.03,+4.74,Casdocument.aspx?documentid=677613484,Casdocument.aspx?documentid=653275557,Casdocument.aspx?documentid=671336463,Casdocument.aspx?documentid=677859764,,Casdocument.aspx?documentid=682065327,Casdocument.aspx?documentid=676421990,Casdocument.aspx?documentid=658050656,FundDocuments.aspx?query=all&fund=110017,https://danjuanfunds.com/funding/110017
110019,[仅电子渠道]易方达深证100交易型开放式指数证券投资基金联接基金A类,易方达深证100交易型开放式指数证券投资基金联接基金A类,online_only,Overview.aspx?code=110019,Mainland Securities Fund,4,1.6493,2026-10-09,+0.21,-8.10,-17.53,-7.23,-8.67,-5.76,2026-10-09,+0.36,-24.07,-15.32,+12.90,+26.22,Casdocument.aspx?documentid=658212642,Casdocument.aspx?documentid=653270636,Casdocument.aspx?documentid=671333445,Casdocument.aspx?documentid=677856944,,Casdocument.aspx?documentid=576497082,Casdocument.aspx?documentid=674588792,Casdocument.aspx?documentid=658038231,FundDocuments.aspx?query=all&fund=110019,https://danjuanfunds.com/funding/110019
110020,[仅电子渠道]易方达沪深300交易型开放式指数发起式证券投资基金联接基金A类,易方达沪深300交易型开放式指数发起式证券投资基金联接基金A类,online_only,Overview.aspx?code=110020,Mainland Securities Fund,3,1.7786,2026-10-09,+0.16,-5.08,-9.96,-3.28,-5.45,-4.34,2026-10-09,-2.43,-18.96,-8.68,+16.38,+19.77,Casdocument.aspx?documentid=643243686,Casdocument.aspx?documentid=653265845,Casdocument.aspx?documentid=671343461,Casdocument.aspx?documentid=677863635,,Casdocument.aspx?documentid=576497897,Casdocument.aspx?documentid=674591015,Casdocument.aspx?documentid=658034808,FundDocuments.aspx?query=all&fund=110020,https://danjuanfunds.com/funding/110020
110027,易方达安心回报债券型证券投资基金A类（暂停申购）,易方达安心回报债券型证券投资基金A类,suspended,Overview.aspx?code=110027,Mainland Securities Fund,3,2.2122,2026-10-09,-0.07,-3.04,-7.43,-0.43,+2.57,+3.55,2026-10-09,+7.99,-6.84,+0.30,+8.58,+5.55,Casdocument.aspx?documentid=632996283,Casdocument.aspx?documentid=653270664,Casdocument.aspx?documentid=671333379,Casdocument.aspx?documentid=677851481,,Casdocument.aspx?documentid=568849983,Casdocument.aspx?documentid=674590805,Casdocument.aspx?documentid=25772207,FundDocuments.aspx?query=all&fund=110027,https://danjuanfunds.com/funding/110027
110030,[仅电子渠道]易方达沪深300量化增强证券投资基金A类,易方达沪深300量化增强证券投资基金A类,online_only,Overview.aspx?code=110030,Mainland Securities Fund,3,3.0657,2026-10-09,+0.12,-4.96,-8.86,-2.05,-1.31,-1.33,2026-10-09,-3.02,-21.23,-14.40,+14.07,+22.51,Casdocument.aspx?documentid=681631562,Casdocument.aspx?documentid=653267338,Casdocument.aspx?documentid=671343986,Casdocument.aspx?documentid=677843846,,Casdocument.aspx?documentid=657037820,Casdocument.aspx?documentid=680782552,Casdocument.aspx?documentid=39767495,FundDocuments.aspx?query=all&fund=110030,https://danjuanfunds.com/funding/110030
110031,[仅电子渠道]易方达恒生中国企业交易型开放式指数证券投资基金联接基金A类(人民币份额),易方达恒生中国企业交易型开放式指数证券投资基金联接基金A类(人民币份额),online_only,Overview.aspx?code=110031,Mainland Securities Fund,5,0.9992,2026-10-09,+1.69,-2.87,+1.08,-5.85,-17.98,-11.75,2026-10-09,-22.94,-9.17,-10.66,+29.26,+20.51,Casdocument.aspx?documentid=643243809,Casdocument.aspx?documentid=653265043,Casdocument.aspx?documentid=671343803,Casdocument.aspx?documentid=677845965,,Casdocument.aspx?documentid=576498099,Casdocument.aspx?documentid=674588803,Casdocument.aspx?documentid=658034553,FundDocuments.aspx?query=all&fund=110031,https://danjuanfunds.com/funding/110031
110035,[仅电子渠道]易方达双债增强债券型证券投资基金A类,易方达双债增强债券型证券投资基金A类,online_only,Overview.aspx?code=110035,Mainland Securities Fund,3,1.8915,2026-10-09,+0.15,-0.92,-0.34,-0.39,+0.24,+0.08,2026-10-09,+19.32,-0.18,+2.04,+6.99,+3.79,Casdocument.aspx?documentid=663320221,Casdocument.aspx?documentid=653265038,Casdocument.aspx?documentid=671343541,Casdocument.aspx?documentid=677851440,,Casdocument.aspx?documentid=682056541,Casdocument.aspx?documentid=674591050,Casdocument.aspx?documentid=658034793,FundDocuments.aspx?query=all&fund=110035,https://danjuanfunds.com/funding/110035
110036,[仅电子渠道]易方达双债增强债券型证券投资基金C类,易方达双债增强债券型证券投资基金C类,online_only,Overview.aspx?code=110036,Mainland Securities Fund,3,1.8128,2026-10-09,+0.15,-0.94,-0.45,-0.61,-0.12,-0.23,2026-10-09,+18.80,-0.55,+1.60,+6.55,+3.41,Casdocument.aspx?documentid=663320221,Casdocument.aspx?documentid=653265038,Casdocument.aspx?documentid=671343541,Casdocument.aspx?documentid=677851440,,Casdocument.aspx?documentid=682056541,Casdocument.aspx?documentid=674591089,Casdocument.aspx?documentid=658034793,FundDocuments.aspx?query=all&fund=110036,https://danjuanfunds.com/funding/110036
110050,[仅电子渠道]易方达安和中短债债券型证券投资基金C类,易方达安和中短债债券型证券投资基金C类,online_only,Overview.aspx?code=110050,Mainland Securities Fund,3,1.0454,2026-10-09,+0.02,+0.19,+0.55,+0.94,+1.83,+1.48,2026-10-09,+2.10,+2.57,+3.33,+3.01,+1.28,Casdocument.aspx?documentid=681247425,Casdocument.aspx?documentid=653265017,Casdocument.aspx?documentid=671343562,Casdocument.aspx?documentid=677863351,,Casdocument.aspx?documentid=676656372,Casdocument.aspx?documentid=681192977,Casdocument.aspx?documentid=658036338,FundDocuments.aspx?query=all&fund=110050,https://danjuanfunds.com/funding/110050
110051,[仅电子渠道]易方达安和中短债债券型证券投资基金A类,易方达安和中短债债券型证券投资基金A类,online_only,Overview.aspx?code=110051,Mainland Securities Fund,3,1.0593,2026-10-09,+0.02,+0.20,+0.60,+1.05,+2.04,+1.63,2026-10-09,+2.46,+2.80,+3.50,+3.19,+1.49,Casdocument.aspx?documentid=681247425,Casdocument.aspx?documentid=653265017,Casdocument.aspx?documentid=671343562,Casdocument.aspx?documentid=677863351,,Casdocument.aspx?documentid=676656372,Casdocument.aspx?documentid=681192913,Casdocument.aspx?documentid=658036338,FundDocuments.aspx?query=all&fund=110051,https://danjuanfunds.com/funding/110051
160505,博时主题行业混合型证券投资基金(LOF)（暂停申购）,博时主题行业混合型证券投资基金(LOF),suspended,Overview.aspx?code=160505,Mainland Securities Fund,4,1.029,2026-10-09,+0.29,-4.90,-5.42,-17.22,-13.53,-16.48,2026-10-09,-0.15,-25.51,-11.35,-1.08,+22.71,Casdocument.aspx?documentid=682411262,Casdocument.aspx?documentid=653266549,Casdocument.aspx?documentid=671363028,Casdocument.aspx?documentid=677795749,,Casdocument.aspx?documentid=456416935,Casdocument.aspx?documentid=667402722,Casdocument.aspx?documentid=658232451,FundDocuments.aspx?query=all&fund=160505,https://danjuanfunds.com/funding/160505
161005,富国天惠精选成长混合型证券投资基金（LOF）（暂停申购）,富国天惠精选成长混合型证券投资基金（LOF）,suspended,Overview.aspx?code=161005,Mainland Securities Fund,4,2.8463,2026-10-09,-0.59,-6.39,-13.51,-4.43,-1.59,-2.15,2026-10-09,+0.53,-23.90,-9.83,+1.23,+20.03,Casdocument.aspx?documentid=665779157,Casdocument.aspx?documentid=653244788,Casdocument.aspx?documentid=671458842,Casdocument.aspx?documentid=677815343,,Casdocument.aspx?documentid=549657282,Casdocument.aspx?documentid=665805249,Casdocument.aspx?documentid=658048497,FundDocuments.aspx?query=all&fund=161005,https://danjuanfunds.com/funding/161005
162203,宏利价值优化型稳定类行业混合型证券投资基金（暂停申购）,宏利价值优化型稳定类行业混合型证券投资基金,suspended,Overview.aspx?code=162203,Mainland Securities Fund,4,1.4102,2026-10-09,-0.01,-2.79,-0.48,-6.28,-21.64,-18.11,2026-10-09,-9.75,-23.32,-22.11,+2.01,+9.77,Casdocument.aspx?documentid=675115209,Casdocument.aspx?documentid=653189748,Casdocument.aspx?documentid=671468606,Casdocument.aspx?documentid=677794477,,Casdocument.aspx?documentid=676887890,Casdocument.aspx?documentid=681174227,Casdocument.aspx?documentid=658049037,FundDocuments.aspx?query=all&fund=162203,https://danjuanfunds.com/funding/162203
162204,宏利行业精选混合型证券投资基金A类,宏利行业精选混合型证券投资基金A类,,Overview.aspx?code=162204,Mainland Securities Fund,4,9.2991,2026-10-09,+1.24,-6.07,-2.72,-1.86,+2.85,+2.31,2026-10-09,+9.75,-14.51,-5.95,+0.50,+31.52,Casdocument.aspx?documentid=672712724,Casdocument.aspx?documentid=653189623,Casdocument.aspx?documentid=671390220,Casdocument.aspx?documentid=677843038,,Casdocument.aspx?documentid=597631409,Casdocument.aspx?documentid=672713629,Casdocument.aspx?documentid=55782835,FundDocuments.aspx?query=all&fund=162204,https://danjuanfunds.com/funding/162204
162607,景顺长城资源垄断混合型证券投资基金（LOF）（暂停申购）,景顺长城资源垄断混合型证券投资基金（LOF）,suspended,Overview.aspx?code=162607,Mainland Securities Fund,5,0.489,2026-10-09,+1.45,+1.88,+6.30,-11.57,-8.60,-8.77,2026-10-09,-0.18,-0.52,-18.63,-6.00,+26.71,Casdocument.aspx?documentid=662233994,Casdocument.aspx?documentid=652383452,Casdocument.aspx?documentid=671330653,Casdocument.aspx?documentid=677454532,,Casdocument.aspx?documentid=563638512,Casdocument.aspx?documentid=662234694,Casdocument.aspx?documentid=5885215,FundDocuments.aspx?query=all&fund=162607,https://danjuanfunds.com/funding/162607
202015,南方沪深300交易型开放式指数证券投资基金联接基金A类,南方沪深300交易型开放式指数证券投资基金联接基金A类,,Overview.aspx?code=202015,Mainland Securities Fund,3,1.5067,2026-10-09,+0.19,-5.10,-9.61,-2.93,-5.42,-4.06,2026-10-09,-2.20,-18.84,-8.72,+16.57,+19.05,Casdocument.aspx?documentid=661819321,Casdocument.aspx?documentid=653255830,Casdocument.aspx?documentid=671476743,Casdocument.aspx?documentid=677820241,,Casdocument.aspx?documentid=554888961,Casdocument.aspx?documentid=661835523,Casdocument.aspx?documentid=658042128,FundDocuments.aspx?query=all&fund=202015,https://danjuanfunds.com/funding/202015
202213,南方核心竞争混合型证券投资基金,南方核心竞争混合型证券投资基金,,Overview.aspx?code=202213,Mainland Securities Fund,3,2.885,2026-10-09,-0.42,-5.32,-11.51,+1.17,+8.56,+6.93,2026-10-09,+15.03,-12.99,-2.66,+5.21,+30.87,Casdocument.aspx?documentid=640425657,Casdocument.aspx?documentid=653255969,Casdocument.aspx?documentid=671477202,Casdocument.aspx?documentid=677817642,,Casdocument.aspx?documentid=456421414,Casdocument.aspx?documentid=640425668,Casdocument.aspx?documentid=45507194,FundDocuments.aspx?query=all&fund=202213,https://danjuanfunds.com/funding/202213
202308,[仅电子渠道]南方收益宝货币市场基金B类,南方收益宝货币市场基金B类,online_only,Overview.aspx?code=202308,Mainland Securities Fund,2,1.00,2026-10-09,+0.00,+0.08,+0.30,+0.63,+1.35,+1.02,2026-10-09,+2.53,+2.16,+2.27,+2.03,+1.58,Casdocument.aspx?documentid=683544793,Casdocument.aspx?documentid=653255974,Casdocument.aspx?documentid=671477170,Casdocument.aspx?documentid=677820559,,Casdocument.aspx?documentid=354675985,Casdocument.aspx?documentid=683544650,Casdocument.aspx?documentid=47190597,FundDocuments.aspx?query=all&fund=202308,https://danjuanfunds.com/funding/202308
217023,[仅电子渠道]招商信用增强债券型证券投资基金A类,招商信用增强债券型证券投资基金A类,online_only,Overview.aspx?code=217023,Mainland Securities Fund,3,1.1445,2026-10-09,+0.35,-0.77,+0.27,-0.42,+1.92,+1.55,2026-10-09,+5.87,-0.27,+3.57,+6.59,+6.91,Casdocument.aspx?documentid=670779409,Casdocument.aspx?documentid=653329913,Casdocument.aspx?documentid=671377205,Casdocument.aspx?documentid=677820862,,Casdocument.aspx?documentid=586031512,Casdocument.aspx?documentid=670778507,Casdocument.aspx?documentid=658048735,FundDocuments.aspx?query=all&fund=217023,https://danjuanfunds.com/funding/217023
260101,景顺长城优选混合型证券投资基金（暂停申购）,景顺长城优选混合型证券投资基金,suspended,Overview.aspx?code=260101,Mainland Securities Fund,4,4.7207,2026-10-09,-0.78,-3.24,-12.96,-0.23,-2.75,+4.03,2026-10-09,+20.72,-30.07,+2.72,+2.91,+27.88,Casdocument.aspx?documentid=633145809,Casdocument.aspx?documentid=652383455,Casdocument.aspx?documentid=671333254,Casdocument.aspx?documentid=677454405,,Casdocument.aspx?documentid=464118501,Casdocument.aspx?documentid=633261007,Casdocument.aspx?documentid=658034732,FundDocuments.aspx?query=all&fund=260101,https://danjuanfunds.com/funding/260101
260102,景顺长城货币市场证券投资基金A类（暂停申购）,景顺长城货币市场证券投资基金A类,suspended,Overview.aspx?code=260102,Mainland Securities Fund,2,1.00,2026-10-09,+0.00,+0.06,+0.22,+0.48,+1.04,+0.78,2026-10-09,+2.21,+1.75,+1.92,+1.65,+1.27,Casdocument.aspx?documentid=633144960,Casdocument.aspx?documentid=652383461,Casdocument.aspx?documentid=671330714,Casdocument.aspx?documentid=677454571,,Casdocument.aspx?documentid=249827254,Casdocument.aspx?documentid=633260738,Casdocument.aspx?documentid=658034732,FundDocuments.aspx?query=all&fund=260102,https://danjuanfunds.com/funding/260102
260103,景顺长城动力平衡证券投资基金（暂停申购）,景顺长城动力平衡证券投资基金,suspended,Overview.aspx?code=260103,Mainland Securities Fund,3,1.6008,2026-10-09,+0.90,-1.34,+1.44,-7.14,-5.91,-5.91,2026-10-09,+5.35,-14.13,-7.58,+2.17,+5.32,Casdocument.aspx?documentid=633145052,Casdocument.aspx?documentid=652383437,Casdocument.aspx?documentid=671330593,Casdocument.aspx?documentid=677454448,,Casdocument.aspx?documentid=464118480,Casdocument.aspx?documentid=633260864,Casdocument.aspx?documentid=658034732,FundDocuments.aspx?query=all&fund=260103,https://danjuanfunds.com/funding/260103
260104,景顺长城内需增长混合型证券投资基金（暂停申购）,景顺长城内需增长混合型证券投资基金,suspended,Overview.aspx?code=260104,Mainland Securities Fund,5,7.268,2026-10-09,+0.19,-1.93,+2.70,-3.12,-13.84,-8.17,2026-10-09,-10.97,-14.70,-20.67,-6.08,+1.18,Casdocument.aspx?documentid=662233872,Casdocument.aspx?documentid=652383421,Casdocument.aspx?documentid=671330720,Casdocument.aspx?documentid=677454356,,Casdocument.aspx?documentid=563638514,Casdocument.aspx?documentid=662234871,Casdocument.aspx?documentid=658045798,FundDocuments.aspx?query=all&fund=260104,https://danjuanfunds.com/funding/260104
260109,景顺长城内需增长贰号混合型证券投资基金(暂停申购),景顺长城内需增长贰号混合型证券投资基金,suspended,Overview.aspx?code=260109,Mainland Securities Fund,5,0.954,2026-10-09,+0.21,-1.95,+2.58,-4.02,-16.24,-10.67,2026-10-09,-10.63,-13.59,-19.83,-9.05,-1.57,Casdocument.aspx?documentid=660242102,Casdocument.aspx?documentid=652383469,Casdocument.aspx?documentid=671330603,Casdocument.aspx?documentid=677454518,,Casdocument.aspx?documentid=563638496,Casdocument.aspx?documentid=660243190,Casdocument.aspx?documentid=658036305,FundDocuments.aspx?query=all&fund=260109,https://danjuanfunds.com/funding/260109
260112,景顺长城能源基建混合型证券投资基金,景顺长城能源基建混合型证券投资基金,,Overview.aspx?code=260112,Mainland Securities Fund,3,3.367,2026-10-09,+1.48,-5.77,+8.89,-1.69,+14.10,+7.61,2026-10-09,+18.44,+1.09,+15.94,+11.85,+29.51,Casdocument.aspx?documentid=633145061,Casdocument.aspx?documentid=652383472,Casdocument.aspx?documentid=671330801,Casdocument.aspx?documentid=677454434,,Casdocument.aspx?documentid=463265424,Casdocument.aspx?documentid=633260824,Casdocument.aspx?documentid=658037339,FundDocuments.aspx?query=all&fund=260112,https://danjuanfunds.com/funding/260112
260116,景顺长城核心竞争力混合型证券投资基金（暂停申购）,景顺长城核心竞争力混合型证券投资基金,suspended,Overview.aspx?code=260116,Mainland Securities Fund,4,3.242,2026-10-09,-3.54,-12.43,-22.20,-18.56,-13.89,-11.20,2026-10-09,+4.93,-21.18,-6.51,+7.38,+18.31,Casdocument.aspx?documentid=670246343,Casdocument.aspx?documentid=652383465,Casdocument.aspx?documentid=671330729,Casdocument.aspx?documentid=677454826,,Casdocument.aspx?documentid=465694330,Casdocument.aspx?documentid=670247299,Casdocument.aspx?documentid=658045773,FundDocuments.aspx?query=all&fund=260116,https://danjuanfunds.com/funding/260116
260202,景顺长城货币市场证券投资基金B类（暂停申购）,景顺长城货币市场证券投资基金B类,suspended,Overview.aspx?code=260202,Mainland Securities Fund,2,1.00,2026-10-09,+0.00,+0.07,+0.28,+0.60,+1.27,+0.96,2026-10-09,+2.46,+2.00,+2.16,+1.90,+1.51,Casdocument.aspx?documentid=633144960,Casdocument.aspx?documentid=652383461,Casdocument.aspx?documentid=671330714,Casdocument.aspx?documentid=677454571,,Casdocument.aspx?documentid=249827254,Casdocument.aspx?documentid=633260738,Casdocument.aspx?documentid=658034732,FundDocuments.aspx?query=all&fund=260202,https://danjuanfunds.com/funding/260202
270023,广发全球精选股票型证券投资基金A类,广发全球精选股票型证券投资基金A类,,Overview.aspx?code=270023,Mainland Securities Fund,4,6.3581,2026-10-08,-0.86,-0.43,-6.15,+20.09,+37.52,+36.67,2026-10-08,-8.86,-38.48,+66.08,+26.78,+18.40,Casdocument.aspx?documentid=664014205,Casdocument.aspx?documentid=652935070,Casdocument.aspx?documentid=671093691,Casdocument.aspx?documentid=677759711,,Casdocument.aspx?documentid=568079301,Casdocument.aspx?documentid=664005061,Casdocument.aspx?documentid=658037223,FundDocuments.aspx?query=all&fund=270023,https://danjuanfunds.com/funding/270023
270048,[仅电子渠道]广发纯债债券型证券投资基金A类,广发纯债债券型证券投资基金A类,online_only,Overview.aspx?code=270048,Mainland Securities Fund,3,1.2499,2026-10-09,+0.04,+0.27,+0.87,+1.64,+3.44,+2.80,2026-10-09,+5.72,+1.87,+5.82,+5.57,+1.47,Casdocument.aspx?documentid=666684900,Casdocument.aspx?documentid=652935795,Casdocument.aspx?documentid=671093450,Casdocument.aspx?documentid=677782551,,Casdocument.aspx?documentid=480026307,Casdocument.aspx?documentid=666677937,Casdocument.aspx?documentid=658037092,FundDocuments.aspx?query=all&fund=270048,https://danjuanfunds.com/funding/270048
270049,[仅电子渠道]广发纯债债券型证券投资基金C类,广发纯债债券型证券投资基金C类,online_only,Overview.aspx?code=270049,Mainland Securities Fund,3,1.2474,2026-10-09,+0.05,+0.25,+0.78,+1.44,+3.03,+2.49,2026-10-09,+5.33,+1.46,+5.40,+5.13,+1.07,Casdocument.aspx?documentid=666684900,Casdocument.aspx?documentid=652935795,Casdocument.aspx?documentid=671093450,Casdocument.aspx?documentid=677782551,,Casdocument.aspx?documentid=480026307,Casdocument.aspx?documentid=666678580,Casdocument.aspx?documentid=658037092,FundDocuments.aspx?query=all&fund=270049,https://danjuanfunds.com/funding/270049
370010,摩根货币市场基金（暂停申购）,摩根货币市场基金,suspended,Overview.aspx?code=370010,Mainland Securities Fund,1,1.00,2026-10-09,+0.00,+0.06,+0.20,+0.41,+0.89,+0.67,2026-10-09,+1.91,+1.57,+1.65,+1.43,+1.11,Casdocument.aspx?documentid=668819498,Casdocument.aspx?documentid=653350643,Casdocument.aspx?documentid=671367846,Casdocument.aspx?documentid=677794611,,Casdocument.aspx?documentid=592396017,Casdocument.aspx?documentid=668820126,Casdocument.aspx?documentid=514396273,FundDocuments.aspx?query=all&fund=370010,https://danjuanfunds.com/funding/370010
373010,摩根双息平衡混合型证券投资基金（暂停申购）,摩根双息平衡混合型证券投资基金,suspended,Overview.aspx?code=373010,Mainland Securities Fund,3,0.8749,2026-10-09,+0.21,-1.63,+4.50,-5.08,-1.84,-5.26,2026-10-09,+6.14,-16.82,-2.16,+7.85,+9.72,Casdocument.aspx?documentid=593006012,Casdocument.aspx?documentid=653198728,Casdocument.aspx?documentid=671364933,Casdocument.aspx?documentid=677793690,,Casdocument.aspx?documentid=578457538,Casdocument.aspx?documentid=592995450,Casdocument.aspx?documentid=658036009,FundDocuments.aspx?query=all&fund=373010,https://danjuanfunds.com/funding/373010
373020,摩根双核平衡混合型证券投资基金A（暂停申购）,摩根双核平衡混合型证券投资基金A,suspended,Overview.aspx?code=373020,Mainland Securities Fund,3,2.0449,2026-10-09,-0.57,-6.02,-21.42,+4.60,+16.59,+17.02,2026-10-09,+2.91,-23.86,-20.66,-1.93,+43.92,Casdocument.aspx?documentid=681230535,Casdocument.aspx?documentid=653198609,Casdocument.aspx?documentid=671365755,Casdocument.aspx?documentid=677793805,,Casdocument.aspx?documentid=676651144,Casdocument.aspx?documentid=681281058,Casdocument.aspx?documentid=658036661,FundDocuments.aspx?query=all&fund=373020,https://danjuanfunds.com/funding/373020
377240,摩根新兴动力混合型证券投资基金,摩根新兴动力混合型证券投资基金,,Overview.aspx?code=377240,Mainland Securities Fund,5,9.421,2026-10-09,-1.34,-14.15,-24.44,-7.70,+5.57,-0.07,2026-10-09,+29.51,-31.38,-14.32,+11.72,+92.51,Casdocument.aspx?documentid=637580748,Casdocument.aspx?documentid=653198525,Casdocument.aspx?documentid=671368047,Casdocument.aspx?documentid=677794564,,Casdocument.aspx?documentid=578457546,Casdocument.aspx?documentid=637596560,Casdocument.aspx?documentid=26835187,FundDocuments.aspx?query=all&fund=377240,https://danjuanfunds.com/funding/377240
377530,摩根行业轮动混合型证券投资基金A（暂停申购）,摩根行业轮动混合型证券投资基金A,suspended,Overview.aspx?code=377530,Mainland Securities Fund,4,2.4677,2026-10-09,+0.97,-5.98,-4.87,-13.80,-4.19,-8.70,2026-10-09,+26.17,-34.89,-18.78,-7.84,+29.43,Casdocument.aspx?documentid=593005909,Casdocument.aspx?documentid=653198343,Casdocument.aspx?documentid=671365841,Casdocument.aspx?documentid=677794496,,Casdocument.aspx?documentid=578457531,Casdocument.aspx?documentid=592995765,Casdocument.aspx?documentid=658045167,FundDocuments.aspx?query=all&fund=377530,https://danjuanfunds.com/funding/377530
481012,[仅电子渠道]工银瑞信深证红利交易型开放式指数证券投资基金联接基金A类,工银瑞信深证红利交易型开放式指数证券投资基金联接基金A类,online_only,Overview.aspx?code=481012,Mainland Securities Fund,4,0.9838,2026-10-09,+0.86,-5.78,-4.09,-13.08,-13.29,-13.06,2026-10-09,-11.97,-18.11,-8.63,+9.70,+8.78,Casdocument.aspx?documentid=632996442,Casdocument.aspx?documentid=653179925,Casdocument.aspx?documentid=671377867,Casdocument.aspx?documentid=677795839,,Casdocument.aspx?documentid=331310363,Casdocument.aspx?documentid=632967963,Casdocument.aspx?documentid=658049381,FundDocuments.aspx?query=all&fund=481012,https://danjuanfunds.com/funding/481012
485011,工银瑞信双利债券型证券投资基金B类,工银瑞信双利债券型证券投资基金B类,,Overview.aspx?code=485011,Mainland Securities Fund,3,1.889,2026-10-09,+0.00,-0.47,-2.63,+0.53,+3.34,+2.77,2026-10-09,+1.53,+2.41,+0.47,+4.75,+2.80,Casdocument.aspx?documentid=682217309,Casdocument.aspx?documentid=653353930,Casdocument.aspx?documentid=671377703,Casdocument.aspx?documentid=677795340,,Casdocument.aspx?documentid=682064350,Casdocument.aspx?documentid=672206383,Casdocument.aspx?documentid=658049702,FundDocuments.aspx?query=all&fund=485011,https://danjuanfunds.com/funding/485011
485111,工银瑞信双利债券型证券投资基金,工银瑞信双利债券型证券投资基金,,Overview.aspx?code=485111,Mainland Securities Fund,3,1.985,2026-10-09,+0.00,-0.45,-2.50,+0.71,+3.76,+3.12,2026-10-09,+1.97,+2.81,+0.91,+5.13,+3.22,Casdocument.aspx?documentid=682217309,Casdocument.aspx?documentid=653353930,Casdocument.aspx?documentid=671377703,Casdocument.aspx?documentid=677795340,,Casdocument.aspx?documentid=682064350,Casdocument.aspx?documentid=672206311,Casdocument.aspx?documentid=658049702,FundDocuments.aspx?query=all&fund=485111,https://danjuanfunds.com/funding/485111
519003,海富通收益增长证券投资基金,海富通收益增长证券投资基金,,Overview.aspx?code=519003,Mainland Securities Fund,3,3.229,2026-10-09,-0.40,-9.02,-15.93,-0.25,+10.92,+5.73,2026-10-09,+25.20,-16.99,-12.00,+6.33,+46.69,Casdocument.aspx?documentid=681241323,Casdocument.aspx?documentid=653256663,Casdocument.aspx?documentid=671459551,Casdocument.aspx?documentid=677843454,,Casdocument.aspx?documentid=676651679,Casdocument.aspx?documentid=681190371,Casdocument.aspx?documentid=55262800,FundDocuments.aspx?query=all&fund=519003,https://danjuanfunds.com/funding/519003
519005,海富通股票混合型证券投资基金（暂停申购）,海富通股票混合型证券投资基金,suspended,Overview.aspx?code=519005,Mainland Securities Fund,5,1.7059,2026-10-09,-1.77,-11.73,-30.53,+2.71,+21.40,+10.82,2026-10-09,+27.07,-17.09,-17.23,-21.52,+88.72,Casdocument.aspx?documentid=637370325,Casdocument.aspx?documentid=653256232,Casdocument.aspx?documentid=671458036,Casdocument.aspx?documentid=677842522,,Casdocument.aspx?documentid=466039373,Casdocument.aspx?documentid=636887781,Casdocument.aspx?documentid=658034619,FundDocuments.aspx?query=all&fund=519005,https://danjuanfunds.com/funding/519005
519011,海富通精选证券投资基金（暂停申购）,海富通精选证券投资基金,suspended,Overview.aspx?code=519011,Mainland Securities Fund,4,0.5986,2026-10-09,-1.07,-7.72,-23.63,+7.41,+1.66,+5.14,2026-10-09,-3.40,-22.40,-8.81,+11.82,+10.64,Casdocument.aspx?documentid=681241320,Casdocument.aspx?documentid=653256416,Casdocument.aspx?documentid=671457178,Casdocument.aspx?documentid=677842495,,Casdocument.aspx?documentid=676654280,Casdocument.aspx?documentid=681190365,Casdocument.aspx?documentid=658051904,FundDocuments.aspx?query=all&fund=519011,https://danjuanfunds.com/funding/519011
519013,海富通风格优势混合型证券投资基金（暂停申购）,海富通风格优势混合型证券投资基金,suspended,Overview.aspx?code=519013,Mainland Securities Fund,4,1.212,2026-10-09,+0.29,-4.36,-13.00,+0.41,+6.27,+8.45,2026-10-09,+7.92,-23.64,-9.23,+13.26,+29.68,Casdocument.aspx?documentid=681241311,Casdocument.aspx?documentid=653256216,Casdocument.aspx?documentid=671457974,Casdocument.aspx?documentid=677830025,,Casdocument.aspx?documentid=676656450,Casdocument.aspx?documentid=681190302,Casdocument.aspx?documentid=658036698,FundDocuments.aspx?query=all&fund=519013,https://danjuanfunds.com/funding/519013
519020,国泰金泰灵活配置混合型证券投资基金A类,国泰金泰灵活配置混合型证券投资基金A类,,Overview.aspx?code=519020,Mainland Securities Fund,4,2.2639,2026-10-09,+1.14,-3.63,-5.07,-8.39,-21.84,-13.96,2026-10-09,+5.03,-21.57,+10.37,+11.22,+22.66,Casdocument.aspx?documentid=681209455,Casdocument.aspx?documentid=652956069,Casdocument.aspx?documentid=671459523,Casdocument.aspx?documentid=677783250,,Casdocument.aspx?documentid=676653118,Casdocument.aspx?documentid=681128531,Casdocument.aspx?documentid=658041259,FundDocuments.aspx?query=all&fund=519020,https://danjuanfunds.com/funding/519020
519022,国泰金泰灵活配置混合型证券投资基金C类,国泰金泰灵活配置混合型证券投资基金C类,,Overview.aspx?code=519022,Mainland Securities Fund,4,2.2727,2026-10-09,+1.13,-3.64,-5.10,-8.44,-21.92,-14.03,2026-10-09,+4.92,-21.64,+10.27,+11.11,+22.53,Casdocument.aspx?documentid=681209455,Casdocument.aspx?documentid=652956069,Casdocument.aspx?documentid=671459523,Casdocument.aspx?documentid=677783250,,Casdocument.aspx?documentid=676653118,Casdocument.aspx?documentid=681280059,Casdocument.aspx?documentid=658041259,FundDocuments.aspx?query=all&fund=519022,https://danjuanfunds.com/funding/519022
519035,富国天博创新主题混合型证券投资基金（暂停申购）,富国天博创新主题混合型证券投资基金,suspended,Overview.aspx?code=519035,Mainland Securities Fund,4,2.1809,2026-10-09,-0.81,-9.63,-24.33,-6.64,+2.93,-1.42,2026-10-09,+11.85,-30.08,-2.77,-8.70,+39.21,Casdocument.aspx?documentid=667072601,Casdocument.aspx?documentid=653245038,Casdocument.aspx?documentid=671459533,Casdocument.aspx?documentid=677814194,,Casdocument.aspx?documentid=456420268,Casdocument.aspx?documentid=667114411,Casdocument.aspx?documentid=658045989,FundDocuments.aspx?query=all&fund=519035,https://danjuanfunds.com/funding/519035
519505,海富通货币市场证券投资基金A类（暂停申购）,海富通货币市场证券投资基金A类,suspended,Overview.aspx?code=519505,Mainland Securities Fund,2,1.00,2026-10-09,+0.00,+0.06,+0.20,+0.43,+0.94,+0.71,2026-10-09,+1.87,+1.45,+1.78,+1.61,+1.19,Casdocument.aspx?documentid=637370317,Casdocument.aspx?documentid=653256235,Casdocument.aspx?documentid=671457179,Casdocument.aspx?documentid=677842530,,Casdocument.aspx?documentid=438379669,Casdocument.aspx?documentid=636874720,Casdocument.aspx?documentid=658049191,FundDocuments.aspx?query=all&fund=519505,https://danjuanfunds.com/funding/519505
519506,海富通货币市场证券投资基金B类（暂停申购）,海富通货币市场证券投资基金B类,suspended,Overview.aspx?code=519506,Mainland Securities Fund,2,1.00,2026-10-09,+0.00,+0.07,+0.26,+0.54,+1.18,+0.89,2026-10-09,+2.12,+1.69,+2.03,+1.85,+1.43,Casdocument.aspx?documentid=637370317,Casdocument.aspx?documentid=653256235,Casdocument.aspx?documentid=671457179,Casdocument.aspx?documentid=677842530,,Casdocument.aspx?documentid=438379669,Casdocument.aspx?documentid=636871083,Casdocument.aspx?documentid=658049191,FundDocuments.aspx?query=all&fund=519506,https://danjuanfunds.com/funding/519506
519690,交银施罗德稳健配置混合型证券投资基金（暂停申购）,交银施罗德稳健配置混合型证券投资基金,suspended,Overview.aspx?code=519690,Mainland Securities Fund,3,0.7047,2026-10-09,-0.16,-9.48,-14.35,-22.55,-30.37,-30.75,2026-10-09,+9.01,-18.38,-16.79,-5.51,+30.90,Casdocument.aspx?documentid=665194495,Casdocument.aspx?documentid=652847013,Casdocument.aspx?documentid=671107369,Casdocument.aspx?documentid=677797407,,Casdocument.aspx?documentid=456416133,Casdocument.aspx?documentid=665179352,Casdocument.aspx?documentid=658046120,FundDocuments.aspx?query=all&fund=519690,https://danjuanfunds.com/funding/519690
519908,华夏兴华混合型证券投资基金（暂停申购）,华夏兴华混合型证券投资基金,suspended,Overview.aspx?code=519908,Mainland Securities Fund,4,3.389,2026-10-09,+0.92,-10.03,-22.31,-5.49,+4.47,+4.63,2026-10-09,+26.08,-15.64,-19.96,-5.20,+29.72,Casdocument.aspx?documentid=663320201,Casdocument.aspx?documentid=653252734,Casdocument.aspx?documentid=671335875,Casdocument.aspx?documentid=677819075,,Casdocument.aspx?documentid=658440288,Casdocument.aspx?documentid=663319986,Casdocument.aspx?documentid=658044398,FundDocuments.aspx?query=all&fund=519908,https://danjuanfunds.com/funding/519908
519915,富国消费主题混合型证券投资基金A类,富国消费主题混合型证券投资基金A类,,Overview.aspx?code=519915,Mainland Securities Fund,4,1.815,2026-10-09,+0.78,-1.41,+3.42,-8.98,-26.25,-16.51,2026-10-09,+4.67,-13.78,-12.89,-4.70,-2.42,Casdocument.aspx?documentid=672238821,Casdocument.aspx?documentid=653245116,Casdocument.aspx?documentid=671459542,Casdocument.aspx?documentid=677813215,,Casdocument.aspx?documentid=667606027,Casdocument.aspx?documentid=672213374,,FundDocuments.aspx?query=all&fund=519915,https://danjuanfunds.com/funding/519915
540001,汇丰晋信2016生命周期开放式证券投资基金基金（暂停申购）,汇丰晋信2016生命周期开放式证券投资基金基金,suspended,Overview.aspx?code=540001,Mainland Securities Fund,2,1.3197,2026-10-09,+0.08,+0.04,-0.03,-1.59,+1.64,+0.31,2026-10-09,+5.77,+0.48,+1.88,+3.29,+8.43,Casdocument.aspx?documentid=681215352,Casdocument.aspx?documentid=653229259,Casdocument.aspx?documentid=671443523,Casdocument.aspx?documentid=677863647,,Casdocument.aspx?documentid=676656347,Casdocument.aspx?documentid=681169842,Casdocument.aspx?documentid=658049891,FundDocuments.aspx?query=all&fund=540001,https://danjuanfunds.com/funding/540001
540002,汇丰晋信龙腾混合型证券投资基金（暂停申购）,汇丰晋信龙腾混合型证券投资基金,suspended,Overview.aspx?code=540002,Mainland Securities Fund,5,0.9061,2026-10-09,+1.33,-3.14,-3.34,-23.62,-30.86,-26.38,2026-10-09,-12.40,+0.09,-16.61,-7.05,+11.42,Casdocument.aspx?documentid=672238273,Casdocument.aspx?documentid=653240595,Casdocument.aspx?documentid=671379339,Casdocument.aspx?documentid=677786373,,Casdocument.aspx?documentid=667602479,Casdocument.aspx?documentid=672223166,Casdocument.aspx?documentid=658041691,FundDocuments.aspx?query=all&fund=540002,https://danjuanfunds.com/funding/540002
540003,汇丰晋信动态策略混合型证券投资基金,汇丰晋信动态策略混合型证券投资基金,,Overview.aspx?code=540003,Mainland Securities Fund,5,2.8577,2026-10-09,+1.17,-3.41,-6.91,-24.45,-34.50,-27.45,2026-10-09,+40.11,-19.39,-16.66,-9.02,+26.13,Casdocument.aspx?documentid=667849902,Casdocument.aspx?documentid=653229195,Casdocument.aspx?documentid=671407611,Casdocument.aspx?documentid=677865428,,Casdocument.aspx?documentid=578949993,Casdocument.aspx?documentid=667843008,Casdocument.aspx?documentid=5956577,FundDocuments.aspx?query=all&fund=540003,https://danjuanfunds.com/funding/540003
540005,汇丰晋信平稳增利中短债债券型证券投资基金A类,汇丰晋信平稳增利中短债债券型证券投资基金A类,,Overview.aspx?code=540005,Mainland Securities Fund,2,1.1204,2026-10-09,+0.02,+0.16,+0.41,+0.80,+1.91,+1.47,2026-10-09,+3.21,+1.74,+3.21,+2.99,+1.51,Casdocument.aspx?documentid=667849954,Casdocument.aspx?documentid=653240436,Casdocument.aspx?documentid=671379457,Casdocument.aspx?documentid=677784960,,Casdocument.aspx?documentid=504926888,Casdocument.aspx?documentid=667843041,Casdocument.aspx?documentid=658034714,FundDocuments.aspx?query=all&fund=540005,https://danjuanfunds.com/funding/540005
540006,汇丰晋信大盘股票型证券投资基金,汇丰晋信大盘股票型证券投资基金,,Overview.aspx?code=540006,Mainland Securities Fund,4,5.2875,2026-10-09,+0.58,-4.24,+3.24,-7.48,+2.61,-3.60,2026-10-09,-1.52,-28.28,-2.91,+10.31,+35.59,Casdocument.aspx?documentid=667849924,Casdocument.aspx?documentid=653229186,Casdocument.aspx?documentid=671406666,Casdocument.aspx?documentid=677865387,,Casdocument.aspx?documentid=578949995,Casdocument.aspx?documentid=667843010,Casdocument.aspx?documentid=658050660,FundDocuments.aspx?query=all&fund=540006,https://danjuanfunds.com/funding/540006
540007,汇丰晋信中小盘股票型证券投资基金,汇丰晋信中小盘股票型证券投资基金,,Overview.aspx?code=540007,Mainland Securities Fund,4,2.6661,2026-10-09,-0.49,-2.76,+1.77,-23.12,-23.16,-27.80,2026-10-09,-4.18,-18.09,+14.88,+15.58,+55.79,Casdocument.aspx?documentid=667849951,Casdocument.aspx?documentid=653244734,Casdocument.aspx?documentid=671379498,Casdocument.aspx?documentid=677759703,,Casdocument.aspx?documentid=558526107,Casdocument.aspx?documentid=667837644,Casdocument.aspx?documentid=658049893,FundDocuments.aspx?query=all&fund=540007,https://danjuanfunds.com/funding/540007
540008,汇丰晋信低碳先锋股票型证券投资基金,汇丰晋信低碳先锋股票型证券投资基金,,Overview.aspx?code=540008,Mainland Securities Fund,5,2.0018,2026-10-09,+1.60,-2.63,-6.92,-25.13,-33.31,-27.11,2026-10-09,+42.15,-24.50,-26.80,-10.35,+23.78,Casdocument.aspx?documentid=667849911,Casdocument.aspx?documentid=653229176,Casdocument.aspx?documentid=671379453,Casdocument.aspx?documentid=677786380,,Casdocument.aspx?documentid=578949981,Casdocument.aspx?documentid=667842963,Casdocument.aspx?documentid=658048602,FundDocuments.aspx?query=all&fund=540008,https://danjuanfunds.com/funding/540008
540009,汇丰晋信消费红利股票型证券投资基金（暂停申购）,汇丰晋信消费红利股票型证券投资基金,suspended,Overview.aspx?code=540009,Mainland Securities Fund,4,0.697,2026-10-09,+0.84,-2.44,+6.36,-6.13,-14.85,-12.48,2026-10-09,-4.05,-17.33,-14.65,+6.48,+2.73,Casdocument.aspx?documentid=672238311,Casdocument.aspx?documentid=653243637,Casdocument.aspx?documentid=671379402,Casdocument.aspx?documentid=677786375,,Casdocument.aspx?documentid=667602649,Casdocument.aspx?documentid=672205525,Casdocument.aspx?documentid=658036112,FundDocuments.aspx?query=all&fund=540009,https://danjuanfunds.com/funding/540009
540010,汇丰晋信科技先锋股票型证券投资基金,汇丰晋信科技先锋股票型证券投资基金,,Overview.aspx?code=540010,Mainland Securities Fund,5,5.0443,2026-10-09,-1.29,-14.18,-18.68,+12.95,+49.31,+37.89,2026-10-09,+1.99,-35.05,-18.28,+5.05,+94.05,Casdocument.aspx?documentid=680323860,Casdocument.aspx?documentid=653240379,Casdocument.aspx?documentid=671379420,Casdocument.aspx?documentid=677759795,,Casdocument.aspx?documentid=480594961,Casdocument.aspx?documentid=680323821,Casdocument.aspx?documentid=658036685,FundDocuments.aspx?query=all&fund=540010,https://danjuanfunds.com/funding/540010
540011,汇丰晋信货币市场基金A类,汇丰晋信货币市场基金A类,,Overview.aspx?code=540011,Mainland Securities Fund,1,1.00,2026-10-09,+0.00,+0.05,+0.20,+0.41,+0.87,+0.66,2026-10-09,+1.90,+1.52,+1.66,+1.45,+1.06,Casdocument.aspx?documentid=667849867,Casdocument.aspx?documentid=653236240,Casdocument.aspx?documentid=671379542,Casdocument.aspx?documentid=677759814,,Casdocument.aspx?documentid=534505402,Casdocument.aspx?documentid=667843034,Casdocument.aspx?documentid=658050461,FundDocuments.aspx?query=all&fund=540011,https://danjuanfunds.com/funding/540011
540012,汇丰晋信恒生A股行业龙头指数证券投资基金A类,汇丰晋信恒生A股行业龙头指数证券投资基金A类,,Overview.aspx?code=540012,Mainland Securities Fund,4,2.061,2026-10-09,+0.68,-4.40,-0.23,-4.18,-7.90,-6.52,2026-10-09,-8.86,-16.21,-3.55,+20.20,+15.56,Casdocument.aspx?documentid=667849927,Casdocument.aspx?documentid=653236236,Casdocument.aspx?documentid=671379539,Casdocument.aspx?documentid=677786427,,Casdocument.aspx?documentid=576487909,Casdocument.aspx?documentid=667842934,Casdocument.aspx?documentid=658050597,FundDocuments.aspx?query=all&fund=540012,https://danjuanfunds.com/funding/540012
541005,汇丰晋信平稳增利中短债债券型证券投资基金C类,汇丰晋信平稳增利中短债债券型证券投资基金C类,,Overview.aspx?code=541005,Mainland Securities Fund,2,1.1209,2026-10-09,+0.01,+0.13,+0.35,+0.70,+1.70,+1.31,2026-10-09,+2.90,+1.47,+3.00,+2.78,+1.31,Casdocument.aspx?documentid=667849954,Casdocument.aspx?documentid=653240436,Casdocument.aspx?documentid=671379457,Casdocument.aspx?documentid=677784960,,Casdocument.aspx?documentid=504926888,Casdocument.aspx?documentid=667842959,Casdocument.aspx?documentid=658034714,FundDocuments.aspx?query=all&fund=541005,https://danjuanfunds.com/funding/541005
541011,汇丰晋信货币市场基金B类,汇丰晋信货币市场基金B类,,Overview.aspx?code=541011,Mainland Securities Fund,1,1.00,2026-10-09,+0.00,+0.07,+0.26,+0.53,+1.11,+0.84,2026-10-09,+2.14,+1.76,+1.90,+1.69,+1.30,Casdocument.aspx?documentid=667849867,Casdocument.aspx?documentid=653236240,Casdocument.aspx?documentid=671379542,Casdocument.aspx?documentid=677759814,,Casdocument.aspx?documentid=534505402,Casdocument.aspx?documentid=667843011,Casdocument.aspx?documentid=658050461,FundDocuments.aspx?query=all&fund=541011,https://danjuanfunds.com/funding/541011
968000,摩根亚洲总收益债券-人民币对冲-累计,摩根亚洲总收益债券-人民币对冲-累计,,Overview.aspx?code=968000,HK Mutual Recognition Fund,3,12.38,2026-10-08,+0.08,-1.98,-2.29,-2.52,-2.75,-2.83,2026-10-08,-1.76,-13.39,+2.68,+1.60,+5.46,Casdocument.aspx?documentid=658244135,Casdocument.aspx?documentid=643067214,,Casdocument.aspx?documentid=663040851,Casdocument.aspx?documentid=682408159,Casdocument.aspx?documentid=664920174,Casdocument.aspx?documentid=658232540,Casdocument.aspx?documentid=658052860,FundDocuments.aspx?query=all&fund=968000,
968001,摩根亚洲总收益债券-人民币对冲-每月派息,摩根亚洲总收益债券-人民币对冲-每月派息,,Overview.aspx?code=968001,HK Mutual Recognition Fund,3,6.61,2026-10-08,+0.15,-1.91,-2.31,-2.46,-2.66,-2.80,2026-10-08,-1.85,-13.33,+2.41,+1.34,+5.48,Casdocument.aspx?documentid=658244135,Casdocument.aspx?documentid=643067214,,Casdocument.aspx?documentid=663040851,Casdocument.aspx?documentid=682408159,Casdocument.aspx?documentid=664920174,Casdocument.aspx?documentid=658232540,Casdocument.aspx?documentid=658052860,FundDocuments.aspx?query=all&fund=968001,
968003,摩根亚洲总收益债券-美元-累计,摩根亚洲总收益债券-美元-累计,,Overview.aspx?code=968003,HK Mutual Recognition Fund,3,11.93,2026-10-08,+0.17,-1.73,-1.65,-1.16,-0.25,-1.00,2026-10-08,-4.37,-13.72,+5.20,+4.10,+7.97,Casdocument.aspx?documentid=658244135,Casdocument.aspx?documentid=643067214,,Casdocument.aspx?documentid=663040851,Casdocument.aspx?documentid=682408159,Casdocument.aspx?documentid=664920174,Casdocument.aspx?documentid=658232540,Casdocument.aspx?documentid=658052860,FundDocuments.aspx?query=all&fund=968003,
968004,摩根亚洲总收益债券-美元-每月派息,摩根亚洲总收益债券-美元-每月派息,,Overview.aspx?code=968004,HK Mutual Recognition Fund,3,6.66,2026-10-08,+0.15,-1.82,-1.64,-1.14,-0.13,-0.92,2026-10-08,-4.35,-13.76,+5.16,+4.16,+7.88,Casdocument.aspx?documentid=658244135,Casdocument.aspx?documentid=643067214,,Casdocument.aspx?documentid=663040851,Casdocument.aspx?documentid=682408159,Casdocument.aspx?documentid=664920174,Casdocument.aspx?documentid=658232540,Casdocument.aspx?documentid=658052860,FundDocuments.aspx?query=all&fund=968004,
968007,恒生中国企业指数基金M类人民币（对冲）份额,恒生中国企业指数基金M类人民币（对冲）份额,,Overview.aspx?code=968007,HK Mutual Recognition Fund,5,1.2965,2026-10-08,-2.71,-4.74,-1.00,-7.31,-16.41,-10.78,2026-10-08,-21.22,-15.25,-14.29,+26.35,+24.24,Casdocument.aspx?documentid=658440934,Casdocument.aspx?documentid=666049735,,Casdocument.aspx?documentid=679543884,,Casdocument.aspx?documentid=178171872,Casdocument.aspx?documentid=658439054,Casdocument.aspx?documentid=658051355,FundDocuments.aspx?query=all&fund=968007,
968010,摩根太平洋证券-人民币对冲-累计,摩根太平洋证券-人民币对冲-累计,,Overview.aspx?code=968010,HK Mutual Recognition Fund,3,28.27,2026-10-08,-1.36,-3.32,-3.05,+5.37,+15.77,+13.85,2026-10-08,+1.72,-24.08,-0.62,+5.37,+22.86,Casdocument.aspx?documentid=667850132,Casdocument.aspx?documentid=643067186,,Casdocument.aspx?documentid=663040821,Casdocument.aspx?documentid=682408228,Casdocument.aspx?documentid=664920178,Casdocument.aspx?documentid=667850138,Casdocument.aspx?documentid=658051142,FundDocuments.aspx?query=all&fund=968010,
968011,摩根太平洋证券-美元-累计,摩根太平洋证券-美元-累计,,Overview.aspx?code=968011,HK Mutual Recognition Fund,3,28.40,2026-10-08,-1.29,-3.10,-2.47,+6.73,+18.83,+16.11,2026-10-08,-0.77,-24.11,+2.34,+8.21,+26.21,Casdocument.aspx?documentid=667850132,Casdocument.aspx?documentid=643067186,,Casdocument.aspx?documentid=663040821,Casdocument.aspx?documentid=682408228,Casdocument.aspx?documentid=664920178,Casdocument.aspx?documentid=667850138,Casdocument.aspx?documentid=658051142,FundDocuments.aspx?query=all&fund=968011,
968013,施罗德亚洲高息股债基金-人民币对冲-累计,施罗德亚洲高息股债基金-人民币对冲-累计,,Overview.aspx?code=968013,HK Mutual Recognition Fund,3,168.012,2026-10-08,-0.94,-2.89,-0.96,+7.52,+15.92,+14.14,2026-10-08,+5.95,-14.40,+0.54,+6.48,+12.91,Casdocument.aspx?documentid=672132904,Casdocument.aspx?documentid=627999368,,Casdocument.aspx?documentid=648505122,Casdocument.aspx?documentid=680494835,Casdocument.aspx?documentid=668406928,Casdocument.aspx?documentid=672133029,Casdocument.aspx?documentid=558583447,FundDocuments.aspx?query=all&fund=968013,
968014,东方汇理亚太新动力股息基金-人民币对冲-累计（暂停申购）,东方汇理亚太新动力股息基金-人民币对冲-累计,suspended,Overview.aspx?code=968014,HK Mutual Recognition Fund,3,1.3673,2026-10-08,-1.75,-3.78,-1.20,+9.68,+18.76,+17.62,2026-10-08,+2.38,-20.46,+3.78,+4.80,+21.19,Casdocument.aspx?documentid=674914382,Casdocument.aspx?documentid=658499704,,Casdocument.aspx?documentid=677901655,Casdocument.aspx?documentid=679858905,Casdocument.aspx?documentid=548065891,Casdocument.aspx?documentid=674914140,Casdocument.aspx?documentid=658051563,FundDocuments.aspx?query=all&fund=968014,
968015,东方汇理亚太新动力股息基金-人民币对冲-每季派息（暂停申购）,东方汇理亚太新动力股息基金-人民币对冲-每季派息,suspended,Overview.aspx?code=968015,HK Mutual Recognition Fund,3,0.8917,2026-10-08,-1.75,-3.78,-1.20,+9.67,+18.72,+17.58,2026-10-08,+2.41,-20.46,+3.78,+4.79,+21.20,Casdocument.aspx?documentid=674914382,Casdocument.aspx?documentid=658499704,,Casdocument.aspx?documentid=677901655,Casdocument.aspx?documentid=679858905,Casdocument.aspx?documentid=548065891,Casdocument.aspx?documentid=674914140,Casdocument.aspx?documentid=658051563,FundDocuments.aspx?query=all&fund=968015,
968016,东亚联丰亚洲债券及货币基金-A类别美元 - 分派,东亚联丰亚洲债券及货币基金-A类别美元 - 分派,,Overview.aspx?code=968016,HK Mutual Recognition Fund,4,8.18,2026-10-08,-0.24,-1.96,-0.53,+1.96,+1.75,+2.75,2026-10-08,-8.65,-8.68,-3.64,+13.27,+6.56,Casdocument.aspx?documentid=681280095,Casdocument.aspx?documentid=615293871,,Casdocument.aspx?documentid=677899047,Casdocument.aspx?documentid=681618444,Casdocument.aspx?documentid=681306096,Casdocument.aspx?documentid=658439137,Casdocument.aspx?documentid=559802096,FundDocuments.aspx?query=all&fund=968016,
968018,东亚联丰亚洲债券及货币基金-A类别人民币对冲 - 分派,东亚联丰亚洲债券及货币基金-A类别人民币对冲 - 分派,,Overview.aspx?code=968018,HK Mutual Recognition Fund,4,60.24,2026-10-08,-0.15,-2.17,-1.21,+0.49,-1.05,+0.52,2026-10-08,-6.44,-8.26,-6.66,+10.07,+3.40,Casdocument.aspx?documentid=681280095,Casdocument.aspx?documentid=615293871,,Casdocument.aspx?documentid=677899047,Casdocument.aspx?documentid=681618444,Casdocument.aspx?documentid=681306096,Casdocument.aspx?documentid=658439137,Casdocument.aspx?documentid=559802096,FundDocuments.aspx?query=all&fund=968018,
968019,东亚联丰亚洲债券及货币基金-A类别美元 -累积,东亚联丰亚洲债券及货币基金-A类别美元 -累积,,Overview.aspx?code=968019,HK Mutual Recognition Fund,4,24.95,2026-10-08,-0.16,-1.93,-0.48,+1.96,+1.80,+2.76,2026-10-08,-8.61,-8.06,-3.64,+13.22,+6.58,Casdocument.aspx?documentid=681280095,Casdocument.aspx?documentid=615293871,,Casdocument.aspx?documentid=677899047,Casdocument.aspx?documentid=681618444,Casdocument.aspx?documentid=681306096,Casdocument.aspx?documentid=658439137,Casdocument.aspx?documentid=559802096,FundDocuments.aspx?query=all&fund=968019,
968021,东亚联丰亚洲债券及货币基金-A类别人民币对冲 - 累积,东亚联丰亚洲债券及货币基金-A类别人民币对冲 - 累积,,Overview.aspx?code=968021,HK Mutual Recognition Fund,4,101.05,2026-10-08,-0.16,-2.25,-1.29,+0.42,-1.22,+0.41,2026-10-08,-6.42,-7.31,-6.63,+10.08,+3.31,Casdocument.aspx?documentid=681280095,Casdocument.aspx?documentid=615293871,,Casdocument.aspx?documentid=677899047,Casdocument.aspx?documentid=681618444,Casdocument.aspx?documentid=681306096,Casdocument.aspx?documentid=658439137,Casdocument.aspx?documentid=559802096,FundDocuments.aspx?query=all&fund=968021,
968029,恒生指数基金M类人民币（对冲）份额,恒生指数基金M类人民币（对冲）份额,,Overview.aspx?code=968029,HK Mutual Recognition Fund,4,0.9284,2026-10-08,-3.36,-6.06,-1.74,-7.46,-11.44,-7.70,2026-10-08,-12.14,-13.14,-13.68,+18.41,+29.66,Casdocument.aspx?documentid=658440869,Casdocument.aspx?documentid=666050318,,Casdocument.aspx?documentid=679543868,,Casdocument.aspx?documentid=548297976,Casdocument.aspx?documentid=658439055,Casdocument.aspx?documentid=658050669,FundDocuments.aspx?query=all&fund=968029,
968032,东方汇理香港组合-灵活配置增长基金-M人民币（对冲）-分派,东方汇理香港组合-灵活配置增长基金-M人民币（对冲）-分派,,Overview.aspx?code=968032,HK Mutual Recognition Fund,5,1.1572,2026-10-08,-0.68,-2.35,-0.49,+5.08,+7.58,+6.65,2026-10-08,+5.93,-16.34,+2.21,+6.30,+16.44,Casdocument.aspx?documentid=674913795,Casdocument.aspx?documentid=658499547,,Casdocument.aspx?documentid=677899261,Casdocument.aspx?documentid=680513078,Casdocument.aspx?documentid=548065906,Casdocument.aspx?documentid=674912779,Casdocument.aspx?documentid=658050664,FundDocuments.aspx?query=all&fund=968032,
968033,东方汇理香港组合-灵活配置增长基金-M人民币（对冲）-累算,东方汇理香港组合-灵活配置增长基金-M人民币（对冲）-累算,,Overview.aspx?code=968033,HK Mutual Recognition Fund,5,1.6199,2026-10-08,-0.69,-2.35,-0.49,+5.07,+7.58,+6.64,2026-10-08,+5.95,-16.33,+2.22,+6.29,+16.45,Casdocument.aspx?documentid=674913795,Casdocument.aspx?documentid=658499547,,Casdocument.aspx?documentid=677899261,Casdocument.aspx?documentid=680513078,Casdocument.aspx?documentid=548065906,Casdocument.aspx?documentid=674912779,Casdocument.aspx?documentid=658050664,FundDocuments.aspx?query=all&fund=968033,
968034,汇丰亚太股票(日本除外)专注波幅基金-美元-累计（暂停申购）,汇丰亚太股票(日本除外)专注波幅基金-美元-累计,suspended,Overview.aspx?code=968034,HK Mutual Recognition Fund,4,11.4261,2026-10-08,-1.58,-3.70,-0.71,+3.93,+11.55,+11.32,2026-10-08,-2.12,-25.32,+0.84,+5.44,+26.45,Casdocument.aspx?documentid=658440944,Casdocument.aspx?documentid=673119698,,Casdocument.aspx?documentid=633467668,Casdocument.aspx?documentid=681618230,Casdocument.aspx?documentid=623186869,Casdocument.aspx?documentid=658439140,Casdocument.aspx?documentid=658051669,FundDocuments.aspx?query=all&fund=968034,
968035,汇丰亚太股票(日本除外)专注波幅基金-美元-每月派息（暂停申购）,汇丰亚太股票(日本除外)专注波幅基金-美元-每月派息,suspended,Overview.aspx?code=968035,HK Mutual Recognition Fund,4,9.3308,2026-10-08,-1.58,-3.70,-0.71,+3.93,+11.55,+11.32,2026-10-08,-2.12,-25.32,+0.84,+5.44,+26.45,Casdocument.aspx?documentid=658440944,Casdocument.aspx?documentid=673119698,,Casdocument.aspx?documentid=633467668,Casdocument.aspx?documentid=681618173,Casdocument.aspx?documentid=623186869,Casdocument.aspx?documentid=658439140,Casdocument.aspx?documentid=658051669,FundDocuments.aspx?query=all&fund=968035,
968036,汇丰亚太股票(日本除外)专注波幅基金-人民币非对冲-累计（暂停申购）,汇丰亚太股票(日本除外)专注波幅基金-人民币非对冲-累计,suspended,Overview.aspx?code=968036,HK Mutual Recognition Fund,4,11.3117,2026-10-08,-1.58,-3.73,-2.24,+2.04,+4.59,+6.93,2026-10-08,-4.19,-18.76,+3.75,+8.72,+20.23,Casdocument.aspx?documentid=658440944,Casdocument.aspx?documentid=673119698,,Casdocument.aspx?documentid=633467668,Casdocument.aspx?documentid=681618281,Casdocument.aspx?documentid=623186869,Casdocument.aspx?documentid=658439140,Casdocument.aspx?documentid=658051669,FundDocuments.aspx?query=all&fund=968036,
968037,汇丰亚太股票(日本除外)专注波幅基金-人民币非对冲-每月派息（暂停申购）,汇丰亚太股票(日本除外)专注波幅基金-人民币非对冲-每月派息,suspended,Overview.aspx?code=968037,HK Mutual Recognition Fund,4,9.2566,2026-10-08,-1.58,-3.73,-2.24,+2.05,+4.60,+6.93,2026-10-08,-4.20,-18.73,+3.79,+8.70,+20.22,Casdocument.aspx?documentid=658440944,Casdocument.aspx?documentid=673119698,,Casdocument.aspx?documentid=633467668,Casdocument.aspx?documentid=681618222,Casdocument.aspx?documentid=623186869,Casdocument.aspx?documentid=658439140,Casdocument.aspx?documentid=658051669,FundDocuments.aspx?query=all&fund=968037,
968038,汇丰亚太股票(日本除外)专注波幅基金-港元-累计（暂停申购）,汇丰亚太股票(日本除外)专注波幅基金-港元-累计,suspended,Overview.aspx?code=968038,HK Mutual Recognition Fund,4,11.4296,2026-10-08,-1.58,-3.61,-0.60,+4.16,+12.51,+12.25,2026-10-08,-1.57,-25.23,+0.88,+4.87,+26.71,Casdocument.aspx?documentid=658440944,Casdocument.aspx?documentid=673119698,,Casdocument.aspx?documentid=633467668,Casdocument.aspx?documentid=681618271,Casdocument.aspx?documentid=623186869,Casdocument.aspx?documentid=658439140,Casdocument.aspx?documentid=658051669,FundDocuments.aspx?query=all&fund=968038,
968039,汇丰亚太股票(日本除外)专注波幅基金-港元-每月派息（暂停申购）,汇丰亚太股票(日本除外)专注波幅基金-港元-每月派息,suspended,Overview.aspx?code=968039,HK Mutual Recognition Fund,4,9.3313,2026-10-08,-1.58,-3.61,-0.60,+4.16,+12.51,+12.25,2026-10-08,-1.57,-25.24,+0.90,+4.89,+26.70,Casdocument.aspx?documentid=658440944,Casdocument.aspx?documentid=673119698,,Casdocument.aspx?documentid=633467668,Casdocument.aspx?documentid=681618265,Casdocument.aspx?documentid=623186869,Casdocument.aspx?documentid=658439140,Casdocument.aspx?documentid=658051669,FundDocuments.aspx?query=all&fund=968039,
968040,惠理价值基金-人民币非对冲-累计,惠理价值基金-人民币非对冲-累计,,Overview.aspx?code=968040,HK Mutual Recognition Fund,5,15.9842,2026-10-08,+1.19,-0.98,-0.90,+8.62,+7.29,+10.89,2026-10-08,-9.09,-21.71,-3.31,+14.66,+29.77,Casdocument.aspx?documentid=652224815,Casdocument.aspx?documentid=658499574,,Casdocument.aspx?documentid=677899011,Casdocument.aspx?documentid=680514765,Casdocument.aspx?documentid=652224894,Casdocument.aspx?documentid=658439052,Casdocument.aspx?documentid=520228834,FundDocuments.aspx?query=all&fund=968040,
968041,惠理价值基金-人民币对冲-累计,惠理价值基金-人民币对冲-累计,,Overview.aspx?code=968041,HK Mutual Recognition Fund,5,14.8909,2026-10-08,+1.18,-0.93,-0.03,+10.64,+12.74,+15.15,2026-10-08,-6.00,-28.98,-8.43,+7.99,+32.65,Casdocument.aspx?documentid=652224815,Casdocument.aspx?documentid=658499574,,Casdocument.aspx?documentid=677899011,Casdocument.aspx?documentid=680514765,Casdocument.aspx?documentid=652224894,Casdocument.aspx?documentid=658439052,Casdocument.aspx?documentid=520228834,FundDocuments.aspx?query=all&fund=968041,
968042,惠理价值基金-美元-累计,惠理价值基金-美元-累计,,Overview.aspx?code=968042,HK Mutual Recognition Fund,5,12.6879,2026-10-08,+1.24,-0.78,+0.57,+10.71,+13.36,+15.24,2026-10-08,+0.00,,-5.45,+11.22,+35.44,Casdocument.aspx?documentid=652224815,Casdocument.aspx?documentid=658499574,,Casdocument.aspx?documentid=677899011,Casdocument.aspx?documentid=680514765,Casdocument.aspx?documentid=652224894,Casdocument.aspx?documentid=658439052,Casdocument.aspx?documentid=520228834,FundDocuments.aspx?query=all&fund=968042,
968043,惠理价值基金-港元非对冲-累计,惠理价值基金-港元非对冲-累计,,Overview.aspx?code=968043,HK Mutual Recognition Fund,5,11.5605,2026-10-08,+1.24,-0.85,+0.40,+10.67,+14.05,+15.55,2026-10-08,,,,,,Casdocument.aspx?documentid=652224815,Casdocument.aspx?documentid=658499574,,Casdocument.aspx?documentid=677899011,Casdocument.aspx?documentid=680514765,Casdocument.aspx?documentid=652224894,Casdocument.aspx?documentid=658439052,Casdocument.aspx?documentid=520228834,FundDocuments.aspx?query=all&fund=968043,
968044,摩根亚洲股息基金-人民币对冲-累计,摩根亚洲股息基金-人民币对冲-累计,,Overview.aspx?code=968044,HK Mutual Recognition Fund,3,18.38,2026-10-08,-1.24,-4.07,+0.60,+8.56,+22.13,+16.77,2026-10-08,+11.92,-13.61,+5.84,+5.52,+30.62,Casdocument.aspx?documentid=658244153,Casdocument.aspx?documentid=643067254,,Casdocument.aspx?documentid=663040786,Casdocument.aspx?documentid=682408201,Casdocument.aspx?documentid=664920160,Casdocument.aspx?documentid=658232528,Casdocument.aspx?documentid=658051870,FundDocuments.aspx?query=all&fund=968044,
968045,摩根亚洲股息基金-人民币对冲-每月派息,摩根亚洲股息基金-人民币对冲-每月派息,,Overview.aspx?code=968045,HK Mutual Recognition Fund,3,14.07,2026-10-08,-1.19,-4.08,+0.64,+8.58,+22.23,+16.88,2026-10-08,+11.90,-13.56,+5.81,+5.23,+30.71,Casdocument.aspx?documentid=658244153,Casdocument.aspx?documentid=643067254,,Casdocument.aspx?documentid=663040786,Casdocument.aspx?documentid=682408201,Casdocument.aspx?documentid=664920160,Casdocument.aspx?documentid=658232528,Casdocument.aspx?documentid=658051870,FundDocuments.aspx?query=all&fund=968045,
968046,摩根亚洲股息基金-美元-累计,摩根亚洲股息基金-美元-累计,,Overview.aspx?code=968046,HK Mutual Recognition Fund,3,19.51,2026-10-08,-1.17,-3.89,+1.25,+9.98,+25.55,+19.18,2026-10-08,+9.19,-13.67,+8.98,+8.15,+34.07,Casdocument.aspx?documentid=658244153,Casdocument.aspx?documentid=643067254,,Casdocument.aspx?documentid=663040786,Casdocument.aspx?documentid=682408201,Casdocument.aspx?documentid=664920160,Casdocument.aspx?documentid=658232528,Casdocument.aspx?documentid=658051870,FundDocuments.aspx?query=all&fund=968046,
968047,摩根亚洲股息基金-美元-每月派息,摩根亚洲股息基金-美元-每月派息,,Overview.aspx?code=968047,HK Mutual Recognition Fund,3,14.36,2026-10-08,-1.17,-3.91,+1.22,+9.98,+25.52,+19.27,2026-10-08,+9.16,-13.66,+9.03,+8.12,+34.06,Casdocument.aspx?documentid=658244153,Casdocument.aspx?documentid=643067254,,Casdocument.aspx?documentid=663040786,Casdocument.aspx?documentid=682408201,Casdocument.aspx?documentid=664920160,Casdocument.aspx?documentid=658232528,Casdocument.aspx?documentid=658051870,FundDocuments.aspx?query=all&fund=968047,
968048,摩根亚洲股息基金-人民币非对冲-累计,摩根亚洲股息基金-人民币非对冲-累计,,Overview.aspx?code=968048,HK Mutual Recognition Fund,3,19.51,2026-10-08,-1.22,-3.94,-0.36,+8.03,+18.24,+14.63,2026-10-08,+6.86,-6.33,+12.30,+11.54,+27.59,Casdocument.aspx?documentid=658244153,Casdocument.aspx?documentid=643067254,,Casdocument.aspx?documentid=663040786,Casdocument.aspx?documentid=682408201,Casdocument.aspx?documentid=664920160,Casdocument.aspx?documentid=658232528,Casdocument.aspx?documentid=658051870,FundDocuments.aspx?query=all&fund=968048,
968049,摩根亚洲股息基金-人民币非对冲-每月派息,摩根亚洲股息基金-人民币非对冲-每月派息,,Overview.aspx?code=968049,HK Mutual Recognition Fund,3,14.34,2026-10-08,-1.17,-3.85,-0.32,+8.04,+18.23,+14.63,2026-10-08,+6.90,-6.04,+12.00,+11.43,+27.50,Casdocument.aspx?documentid=658244153,Casdocument.aspx?documentid=643067254,,Casdocument.aspx?documentid=663040786,Casdocument.aspx?documentid=682408201,Casdocument.aspx?documentid=664920160,Casdocument.aspx?documentid=658232528,Casdocument.aspx?documentid=658051870,FundDocuments.aspx?query=all&fund=968049,
968050,摩根国际债券基金-人民币对冲-累计,摩根国际债券基金-人民币对冲-累计,,Overview.aspx?code=968050,HK Mutual Recognition Fund,2,10.48,2026-10-08,+0.19,-1.60,-2.42,-2.87,-3.50,-3.68,2026-10-08,+1.58,-10.23,+2.99,+0.28,+1.68,Casdocument.aspx?documentid=658244941,Casdocument.aspx?documentid=643067246,,Casdocument.aspx?documentid=663040809,Casdocument.aspx?documentid=682408212,Casdocument.aspx?documentid=664920180,Casdocument.aspx?documentid=658232542,Casdocument.aspx?documentid=658052513,FundDocuments.aspx?query=all&fund=968050,
968051,摩根国际债券基金-人民币对冲-每月派息,摩根国际债券基金-人民币对冲-每月派息,,Overview.aspx?code=968051,HK Mutual Recognition Fund,2,7.61,2026-10-08,+0.26,-1.62,-2.39,-2.78,-3.48,-3.57,2026-10-08,+1.67,-10.73,+2.89,+0.29,+1.63,Casdocument.aspx?documentid=658244941,Casdocument.aspx?documentid=643067246,,Casdocument.aspx?documentid=663040809,Casdocument.aspx?documentid=682408212,Casdocument.aspx?documentid=664920180,Casdocument.aspx?documentid=658232542,Casdocument.aspx?documentid=658052513,FundDocuments.aspx?query=all&fund=968051,
968052,摩根国际债券基金-人民币非对冲-累计,摩根国际债券基金-人民币非对冲-累计,,Overview.aspx?code=968052,HK Mutual Recognition Fund,2,10.54,2026-10-08,+0.19,-1.50,-3.39,-3.48,-6.89,-5.64,2026-10-08,-3.08,-5.19,+8.11,+6.10,-1.24,Casdocument.aspx?documentid=658244941,Casdocument.aspx?documentid=643067246,,Casdocument.aspx?documentid=663040809,Casdocument.aspx?documentid=682408212,Casdocument.aspx?documentid=664920180,Casdocument.aspx?documentid=658232542,Casdocument.aspx?documentid=658052513,FundDocuments.aspx?query=all&fund=968052,
968053,摩根国际债券基金-人民币非对冲-每月派息,摩根国际债券基金-人民币非对冲-每月派息,,Overview.aspx?code=968053,HK Mutual Recognition Fund,2,7.57,2026-10-08,+0.13,-1.54,-3.36,-3.46,-7.08,-5.73,2026-10-08,-3.16,-3.33,+8.80,+6.14,-1.36,Casdocument.aspx?documentid=658244941,Casdocument.aspx?documentid=643067246,,Casdocument.aspx?documentid=663040809,Casdocument.aspx?documentid=682408212,Casdocument.aspx?documentid=664920180,Casdocument.aspx?documentid=658232542,Casdocument.aspx?documentid=658052513,FundDocuments.aspx?query=all&fund=968053,
968054,摩根国际债券基金-美元-累计,摩根国际债券基金-美元-累计,,Overview.aspx?code=968054,HK Mutual Recognition Fund,2,10.84,2026-10-08,+0.18,-1.45,-1.90,-1.72,-1.09,-1.81,2026-10-08,-0.99,-11.19,+5.64,+3.01,+3.95,Casdocument.aspx?documentid=658244941,Casdocument.aspx?documentid=643067246,,Casdocument.aspx?documentid=663040809,Casdocument.aspx?documentid=682408212,Casdocument.aspx?documentid=664920180,Casdocument.aspx?documentid=658232542,Casdocument.aspx?documentid=658052513,FundDocuments.aspx?query=all&fund=968054,
968055,摩根国际债券基金-美元-每月派息,摩根国际债券基金-美元-每月派息,,Overview.aspx?code=968055,HK Mutual Recognition Fund,2,7.61,2026-10-08,+0.13,-1.53,-1.87,-1.74,-1.14,-1.87,2026-10-08,-0.97,-11.14,+5.62,+2.93,+4.01,Casdocument.aspx?documentid=658244941,Casdocument.aspx?documentid=643067246,,Casdocument.aspx?documentid=663040809,Casdocument.aspx?documentid=682408212,Casdocument.aspx?documentid=664920180,Casdocument.aspx?documentid=658232542,Casdocument.aspx?documentid=658052513,FundDocuments.aspx?query=all&fund=968055,
968061,摩根太平洋科技基金-人民币对冲-累计,摩根太平洋科技基金-人民币对冲-累计,,Overview.aspx?code=968061,HK Mutual Recognition Fund,5,23.17,2026-10-08,-0.09,-3.34,-6.69,+29.44,+43.56,+41.89,2026-10-08,-10.24,-39.04,+11.01,+5.36,+36.08,Casdocument.aspx?documentid=664920161,Casdocument.aspx?documentid=643067209,,Casdocument.aspx?documentid=663040770,Casdocument.aspx?documentid=682408165,Casdocument.aspx?documentid=664920172,Casdocument.aspx?documentid=658232531,Casdocument.aspx?documentid=265293156,FundDocuments.aspx?query=all&fund=968061,
968062,摩根太平洋科技基金-人民币非对冲-累计,摩根太平洋科技基金-人民币非对冲-累计,,Overview.aspx?code=968062,HK Mutual Recognition Fund,5,23.86,2026-10-08,-0.04,-3.13,-7.59,+28.69,+38.64,+39.04,2026-10-08,-13.90,-33.72,+17.74,+11.69,+33.02,Casdocument.aspx?documentid=664920161,Casdocument.aspx?documentid=643067209,,Casdocument.aspx?documentid=663040770,Casdocument.aspx?documentid=682408165,Casdocument.aspx?documentid=664920172,Casdocument.aspx?documentid=658232531,Casdocument.aspx?documentid=265293156,FundDocuments.aspx?query=all&fund=968062,
968063,摩根太平洋科技基金-美元累计,摩根太平洋科技基金-美元累计,,Overview.aspx?code=968063,HK Mutual Recognition Fund,5,24.84,2026-10-08,+0.00,-3.12,-6.12,+31.08,+47.33,+44.76,2026-10-08,-12.32,-38.94,+14.43,+8.20,+39.85,Casdocument.aspx?documentid=664920161,Casdocument.aspx?documentid=643067209,,Casdocument.aspx?documentid=663040770,Casdocument.aspx?documentid=682408165,Casdocument.aspx?documentid=664920172,Casdocument.aspx?documentid=658232531,Casdocument.aspx?documentid=265293156,FundDocuments.aspx?query=all&fund=968063,
968064,惠理高息股票基金-人民币非对冲-累计,惠理高息股票基金-人民币非对冲-累计,,Overview.aspx?code=968064,HK Mutual Recognition Fund,4,17.3202,2026-10-08,-0.48,-3.15,-0.48,+0.77,+10.46,+6.84,2026-10-08,-0.23,-12.03,+5.80,+14.01,+23.38,Casdocument.aspx?documentid=652224688,Casdocument.aspx?documentid=658499813,,Casdocument.aspx?documentid=677899190,Casdocument.aspx?documentid=680514733,Casdocument.aspx?documentid=548065908,Casdocument.aspx?documentid=658439062,Casdocument.aspx?documentid=283574340,FundDocuments.aspx?query=all&fund=968064,
968065,惠理高息股票基金-人民币非对冲-每月派息,惠理高息股票基金-人民币非对冲-每月派息,,Overview.aspx?code=968065,HK Mutual Recognition Fund,4,12.6429,2026-10-08,-0.47,-3.10,-0.34,+1.20,+11.10,+7.35,2026-10-08,-0.26,-12.03,+5.79,+14.20,+23.28,Casdocument.aspx?documentid=652224688,Casdocument.aspx?documentid=658499813,,Casdocument.aspx?documentid=677899190,Casdocument.aspx?documentid=680514733,Casdocument.aspx?documentid=548065908,Casdocument.aspx?documentid=658439062,Casdocument.aspx?documentid=283574340,FundDocuments.aspx?query=all&fund=968065,
968066,惠理高息股票基金-人民币对冲-每月派息,惠理高息股票基金-人民币对冲-每月派息,,Overview.aspx?code=968066,HK Mutual Recognition Fund,4,12.6659,2026-10-08,-0.51,-3.33,+0.19,+1.16,+13.79,+8.66,2026-10-08,+3.31,-19.93,+0.34,+8.23,+28.42,Casdocument.aspx?documentid=652224688,Casdocument.aspx?documentid=658499813,,Casdocument.aspx?documentid=677899190,Casdocument.aspx?documentid=680514733,Casdocument.aspx?documentid=548065908,Casdocument.aspx?documentid=658439062,Casdocument.aspx?documentid=283574340,FundDocuments.aspx?query=all&fund=968066,
968067,惠理高息股票基金-人民币对冲-累计,惠理高息股票基金-人民币对冲-累计,,Overview.aspx?code=968067,HK Mutual Recognition Fund,4,16.855,2026-10-08,-0.55,-3.58,-0.06,+0.75,+13.39,+8.04,2026-10-08,+3.80,-19.90,+0.27,+8.39,+28.33,Casdocument.aspx?documentid=652224688,Casdocument.aspx?documentid=658499813,,Casdocument.aspx?documentid=677899190,Casdocument.aspx?documentid=680514733,Casdocument.aspx?documentid=548065908,Casdocument.aspx?documentid=658439062,Casdocument.aspx?documentid=283574340,FundDocuments.aspx?query=all&fund=968067,
968068,惠理高息股票基金-美元-累计,惠理高息股票基金-美元-累计,,Overview.aspx?code=968068,HK Mutual Recognition Fund,4,13.4773,2026-10-08,-0.44,-3.15,+0.77,+2.37,+16.65,+10.62,2026-10-08,+0.00,+0.00,+0.00,,+29.28,Casdocument.aspx?documentid=652224688,Casdocument.aspx?documentid=658499813,,Casdocument.aspx?documentid=677899190,Casdocument.aspx?documentid=680514733,Casdocument.aspx?documentid=548065908,Casdocument.aspx?documentid=658439062,Casdocument.aspx?documentid=283574340,FundDocuments.aspx?query=all&fund=968068,
968072,摩根亚洲增长基金-人民币对冲-累计,摩根亚洲增长基金-人民币对冲-累计,,Overview.aspx?code=968072,HK Mutual Recognition Fund,3,17.43,2026-10-08,-1.64,-4.02,-1.75,+11.73,+24.95,+22.40,2026-10-08,-5.98,-24.68,-2.69,+4.15,+26.13,Casdocument.aspx?documentid=664920170,Casdocument.aspx?documentid=643067281,,Casdocument.aspx?documentid=663040818,Casdocument.aspx?documentid=682408145,Casdocument.aspx?documentid=664920152,Casdocument.aspx?documentid=663012160,Casdocument.aspx?documentid=273371942,FundDocuments.aspx?query=all&fund=968072,
968073,摩根亚洲增长基金-人民币非对冲-累计,摩根亚洲增长基金-人民币非对冲-累计,,Overview.aspx?code=968073,HK Mutual Recognition Fund,3,17.77,2026-10-08,-1.61,-3.84,-2.74,+11.06,+20.72,+19.91,2026-10-08,-10.18,-18.01,+3.03,+10.48,+23.29,Casdocument.aspx?documentid=664920170,Casdocument.aspx?documentid=643067281,,Casdocument.aspx?documentid=663040818,Casdocument.aspx?documentid=682408145,Casdocument.aspx?documentid=664920152,Casdocument.aspx?documentid=663012160,Casdocument.aspx?documentid=273371942,FundDocuments.aspx?query=all&fund=968073,
968074,摩根亚洲增长基金-美元-累计,摩根亚洲增长基金-美元-累计,,Overview.aspx?code=968074,HK Mutual Recognition Fund,3,18.69,2026-10-08,-1.53,-3.81,-1.22,+13.07,+28.28,+24.77,2026-10-08,-8.22,-24.55,+0.09,+7.04,+29.58,Casdocument.aspx?documentid=664920170,Casdocument.aspx?documentid=643067281,,Casdocument.aspx?documentid=663040818,Casdocument.aspx?documentid=682408145,Casdocument.aspx?documentid=664920152,Casdocument.aspx?documentid=663012160,Casdocument.aspx?documentid=273371942,FundDocuments.aspx?query=all&fund=968074,
968075,百达策略收益-人民币对冲-累计,百达策略收益-人民币对冲-累计,,Overview.aspx?code=968075,HK Mutual Recognition Fund,3,16.8274,2026-10-08,-1.15,-0.37,-1.89,+9.18,+14.79,+14.85,2026-10-08,+12.90,-21.91,+14.54,+10.89,+14.84,Casdocument.aspx?documentid=676657062,Casdocument.aspx?documentid=645342388,,Casdocument.aspx?documentid=663040856,Casdocument.aspx?documentid=680324743,Casdocument.aspx?documentid=548065432,Casdocument.aspx?documentid=676649098,Casdocument.aspx?documentid=515752785,FundDocuments.aspx?query=all&fund=968075,
968076,百达策略收益-美元-累计,百达策略收益-美元-累计,,Overview.aspx?code=968076,HK Mutual Recognition Fund,3,14.1403,2026-10-08,-1.14,-0.13,-1.23,+10.71,+17.90,+17.25,2026-10-08,,,,,+18.01,Casdocument.aspx?documentid=676657062,Casdocument.aspx?documentid=645342388,,Casdocument.aspx?documentid=663040856,Casdocument.aspx?documentid=680324762,Casdocument.aspx?documentid=548065432,Casdocument.aspx?documentid=676649098,Casdocument.aspx?documentid=515752785,FundDocuments.aspx?query=all&fund=968076,
968077,东方汇理香港组合-创新动力股票基金-M人民币（对冲）-分派,东方汇理香港组合-创新动力股票基金-M人民币（对冲）-分派,,Overview.aspx?code=968077,HK Mutual Recognition Fund,4,1.4141,2026-10-08,-1.61,+2.70,+4.32,+21.01,+13.78,+15.78,2026-10-08,+2.92,-41.79,+26.59,+18.53,+10.41,Casdocument.aspx?documentid=672535050,Casdocument.aspx?documentid=658499617,,Casdocument.aspx?documentid=677899195,Casdocument.aspx?documentid=679859117,Casdocument.aspx?documentid=548065912,Casdocument.aspx?documentid=658232564,Casdocument.aspx?documentid=286647327,FundDocuments.aspx?query=all&fund=968077,
968078,东方汇理香港组合-创新动力股票基金-M人民币（对冲）-累算,东方汇理香港组合-创新动力股票基金-M人民币（对冲）-累算,,Overview.aspx?code=968078,HK Mutual Recognition Fund,4,1.5184,2026-10-08,-1.62,+2.69,+4.31,+21.14,+13.65,+15.90,2026-10-08,+2.92,-41.79,+26.60,+18.46,+10.18,Casdocument.aspx?documentid=672535050,Casdocument.aspx?documentid=658499617,,Casdocument.aspx?documentid=677899195,Casdocument.aspx?documentid=679859117,Casdocument.aspx?documentid=548065912,Casdocument.aspx?documentid=658232564,Casdocument.aspx?documentid=286647327,FundDocuments.aspx?query=all&fund=968078,
968079,汇丰亚洲高入息债券基金-美元-累计,汇丰亚洲高入息债券基金-美元-累计,,Overview.aspx?code=968079,HK Mutual Recognition Fund,3,9.9107,2026-10-08,-0.03,-1.61,-1.45,-0.61,+0.11,-0.56,2026-10-08,-6.55,-18.43,+2.66,+6.32,+7.47,Casdocument.aspx?documentid=658440864,Casdocument.aspx?documentid=673119699,,Casdocument.aspx?documentid=633467741,Casdocument.aspx?documentid=681618270,Casdocument.aspx?documentid=623186869,Casdocument.aspx?documentid=658439122,Casdocument.aspx?documentid=273656845,FundDocuments.aspx?query=all&fund=968079,
968080,汇丰亚洲高入息债券基金-美元-每月派息,汇丰亚洲高入息债券基金-美元-每月派息,,Overview.aspx?code=968080,HK Mutual Recognition Fund,3,6.625,2026-10-08,-0.03,-1.61,-1.45,-0.61,+0.11,-0.56,2026-10-08,-6.57,-18.43,+2.67,+6.33,+7.47,Casdocument.aspx?documentid=658440864,Casdocument.aspx?documentid=673119699,,Casdocument.aspx?documentid=633467741,Casdocument.aspx?documentid=681618213,Casdocument.aspx?documentid=623186869,Casdocument.aspx?documentid=658439122,Casdocument.aspx?documentid=273656845,FundDocuments.aspx?query=all&fund=968080,
968081,汇丰亚洲高入息债券基金-人民币非对冲-累计,汇丰亚洲高入息债券基金-人民币非对冲-累计,,Overview.aspx?code=968081,HK Mutual Recognition Fund,3,9.3977,2026-10-08,-0.03,-1.64,-2.97,-2.41,-6.14,-4.48,2026-10-08,-8.65,-11.37,+5.64,+9.69,+2.12,Casdocument.aspx?documentid=658440864,Casdocument.aspx?documentid=673119699,,Casdocument.aspx?documentid=633467741,Casdocument.aspx?documentid=681618195,Casdocument.aspx?documentid=623186869,Casdocument.aspx?documentid=658439122,Casdocument.aspx?documentid=273656845,FundDocuments.aspx?query=all&fund=968081,
968082,汇丰亚洲高入息债券基金-人民币对冲-累计,汇丰亚洲高入息债券基金-人民币对冲-累计,,Overview.aspx?code=968082,HK Mutual Recognition Fund,3,9.3669,2026-10-08,-0.04,-1.91,-2.18,-2.00,-2.52,-2.58,2026-10-08,-4.85,-17.98,-0.04,+3.55,+4.66,Casdocument.aspx?documentid=658440864,Casdocument.aspx?documentid=673119699,,Casdocument.aspx?documentid=633467741,Casdocument.aspx?documentid=681618267,Casdocument.aspx?documentid=623186869,Casdocument.aspx?documentid=658439122,Casdocument.aspx?documentid=273656845,FundDocuments.aspx?query=all&fund=968082,
968083,汇丰亚洲高入息债券基金-人民币非对冲-每月派息,汇丰亚洲高入息债券基金-人民币非对冲-每月派息,,Overview.aspx?code=968083,HK Mutual Recognition Fund,3,6.3102,2026-10-08,-0.03,-1.64,-2.97,-2.40,-6.14,-4.48,2026-10-08,-8.51,-11.29,+5.59,+9.84,+2.18,Casdocument.aspx?documentid=658440864,Casdocument.aspx?documentid=673119699,,Casdocument.aspx?documentid=633467741,Casdocument.aspx?documentid=681618208,Casdocument.aspx?documentid=623186869,Casdocument.aspx?documentid=658439122,Casdocument.aspx?documentid=273656845,FundDocuments.aspx?query=all&fund=968083,
968084,汇丰亚洲高入息债券基金-人民币对冲-每月派息,汇丰亚洲高入息债券基金-人民币对冲-每月派息,,Overview.aspx?code=968084,HK Mutual Recognition Fund,3,6.5819,2026-10-08,-0.04,-1.85,-2.12,-1.94,-2.46,-2.53,2026-10-08,-4.17,-18.02,+0.09,+3.38,+4.67,Casdocument.aspx?documentid=658440864,Casdocument.aspx?documentid=673119699,,Casdocument.aspx?documentid=633467741,Casdocument.aspx?documentid=681618215,Casdocument.aspx?documentid=623186869,Casdocument.aspx?documentid=658439122,Casdocument.aspx?documentid=273656845,FundDocuments.aspx?query=all&fund=968084,
968085,汇丰亚洲高入息债券基金-港元-累计,汇丰亚洲高入息债券基金-港元-累计,,Overview.aspx?code=968085,HK Mutual Recognition Fund,3,10.0331,2026-10-08,-0.03,-1.52,-1.34,-0.39,+0.97,+0.27,2026-10-08,-6.06,-18.34,+2.71,+5.77,+7.68,Casdocument.aspx?documentid=658440864,Casdocument.aspx?documentid=673119699,,Casdocument.aspx?documentid=633467741,Casdocument.aspx?documentid=681618202,Casdocument.aspx?documentid=623186869,Casdocument.aspx?documentid=658439122,Casdocument.aspx?documentid=273656845,FundDocuments.aspx?query=all&fund=968085,
968086,汇丰亚洲高入息债券基金-港元-每月派息,汇丰亚洲高入息债券基金-港元-每月派息,,Overview.aspx?code=968086,HK Mutual Recognition Fund,3,6.7071,2026-10-08,-0.03,-1.52,-1.34,-0.39,+0.97,+0.28,2026-10-08,-6.07,-18.34,+2.71,+5.79,+7.68,Casdocument.aspx?documentid=658440864,Casdocument.aspx?documentid=673119699,,Casdocument.aspx?documentid=633467741,Casdocument.aspx?documentid=681618244,Casdocument.aspx?documentid=623186869,Casdocument.aspx?documentid=658439122,Casdocument.aspx?documentid=273656845,FundDocuments.aspx?query=all&fund=968086,
968087,汇丰亚洲高入息债券基金-澳元对冲-每月派息,汇丰亚洲高入息债券基金-澳元对冲-每月派息,,Overview.aspx?code=968087,HK Mutual Recognition Fund,3,6.5558,2026-10-08,-0.03,-1.59,-1.32,-0.33,+0.27,-0.31,2026-10-08,-7.13,-19.06,+1.10,+5.23,+6.82,Casdocument.aspx?documentid=658440864,Casdocument.aspx?documentid=673119699,,Casdocument.aspx?documentid=633467741,Casdocument.aspx?documentid=681618252,Casdocument.aspx?documentid=623186869,Casdocument.aspx?documentid=658439122,Casdocument.aspx?documentid=273656845,FundDocuments.aspx?query=all&fund=968087,
968090,汇丰亚洲高收益债券基金-美元-累计,汇丰亚洲高收益债券基金-美元-累计,,Overview.aspx?code=968090,HK Mutual Recognition Fund,4,8.4542,2026-10-08,-0.10,-2.03,-1.28,-0.18,-0.43,-0.58,2026-10-08,-14.00,-22.98,-2.57,+7.88,+6.39,Casdocument.aspx?documentid=657985281,Casdocument.aspx?documentid=633472618,,Casdocument.aspx?documentid=653350687,Casdocument.aspx?documentid=681618183,Casdocument.aspx?documentid=354886283,Casdocument.aspx?documentid=657984944,Casdocument.aspx?documentid=277499916,FundDocuments.aspx?query=all&fund=968090,
968091,汇丰亚洲高收益债券基金-美元-每月派息,汇丰亚洲高收益债券基金-美元-每月派息,,Overview.aspx?code=968091,HK Mutual Recognition Fund,4,4.8723,2026-10-08,-0.10,-2.04,-1.29,-0.18,-0.42,-0.58,2026-10-08,-14.00,-22.97,-2.54,+7.90,+6.40,Casdocument.aspx?documentid=657985281,Casdocument.aspx?documentid=633472618,,Casdocument.aspx?documentid=653350687,Casdocument.aspx?documentid=681618250,Casdocument.aspx?documentid=354886283,Casdocument.aspx?documentid=657984944,Casdocument.aspx?documentid=277499916,FundDocuments.aspx?query=all&fund=968091,
968092,汇丰亚洲高收益债券基金-人民币非对冲-累计,汇丰亚洲高收益债券基金-人民币非对冲-累计,,Overview.aspx?code=968092,HK Mutual Recognition Fund,4,7.9501,2026-10-08,-0.10,-2.07,-2.81,-1.99,-6.64,-4.51,2026-10-08,-15.77,-16.18,+0.26,+11.24,+1.14,Casdocument.aspx?documentid=657985281,Casdocument.aspx?documentid=633472618,,Casdocument.aspx?documentid=653350687,Casdocument.aspx?documentid=681618209,Casdocument.aspx?documentid=354886283,Casdocument.aspx?documentid=657984944,Casdocument.aspx?documentid=277499916,FundDocuments.aspx?query=all&fund=968092,
968093,汇丰亚洲高收益债券基金-人民币对冲-累计,汇丰亚洲高收益债券基金-人民币对冲-累计,,Overview.aspx?code=968093,HK Mutual Recognition Fund,4,7.9898,2026-10-08,-0.10,-2.27,-1.95,-1.50,-2.97,-2.53,2026-10-08,-11.79,-22.62,-5.16,+4.87,+3.60,Casdocument.aspx?documentid=657985281,Casdocument.aspx?documentid=633472618,,Casdocument.aspx?documentid=653350687,Casdocument.aspx?documentid=681618426,Casdocument.aspx?documentid=354886283,Casdocument.aspx?documentid=657984944,Casdocument.aspx?documentid=277499916,FundDocuments.aspx?query=all&fund=968093,
968094,汇丰亚洲高收益债券基金-人民币非对冲-每月派息,汇丰亚洲高收益债券基金-人民币非对冲-每月派息,,Overview.aspx?code=968094,HK Mutual Recognition Fund,4,4.5965,2026-10-08,-0.10,-2.07,-2.81,-1.99,-6.63,-4.50,2026-10-08,-15.89,-16.22,+0.29,+11.25,+1.15,Casdocument.aspx?documentid=657985281,Casdocument.aspx?documentid=633472618,,Casdocument.aspx?documentid=653350687,Casdocument.aspx?documentid=681618424,Casdocument.aspx?documentid=354886283,Casdocument.aspx?documentid=657984944,Casdocument.aspx?documentid=277499916,FundDocuments.aspx?query=all&fund=968094,
968095,汇丰亚洲高收益债券基金-人民币对冲-每月派息,汇丰亚洲高收益债券基金-人民币对冲-每月派息,,Overview.aspx?code=968095,HK Mutual Recognition Fund,4,4.798,2026-10-08,-0.10,-2.27,-1.95,-1.50,-2.97,-2.54,2026-10-08,-11.86,-22.64,-5.12,+4.87,+3.58,Casdocument.aspx?documentid=657985281,Casdocument.aspx?documentid=633472618,,Casdocument.aspx?documentid=653350687,Casdocument.aspx?documentid=681618228,Casdocument.aspx?documentid=354886283,Casdocument.aspx?documentid=657984944,Casdocument.aspx?documentid=277499916,FundDocuments.aspx?query=all&fund=968095,
968096,汇丰亚洲高收益债券基金-港元-累计,汇丰亚洲高收益债券基金-港元-累计,,Overview.aspx?code=968096,HK Mutual Recognition Fund,4,8.5384,2026-10-08,-0.09,-1.95,-1.17,+0.04,+0.43,+0.25,2026-10-08,-13.53,-22.90,-2.49,+7.36,+6.60,Casdocument.aspx?documentid=657985281,Casdocument.aspx?documentid=633472618,,Casdocument.aspx?documentid=653350687,Casdocument.aspx?documentid=681618317,Casdocument.aspx?documentid=354886283,Casdocument.aspx?documentid=657984944,Casdocument.aspx?documentid=277499916,FundDocuments.aspx?query=all&fund=968096,
968097,汇丰亚洲高收益债券基金-港元-每月派息,汇丰亚洲高收益债券基金-港元-每月派息,,Overview.aspx?code=968097,HK Mutual Recognition Fund,4,4.9476,2026-10-08,-0.09,-1.95,-1.17,+0.04,+0.43,+0.25,2026-10-08,-13.53,-22.88,-2.50,+7.34,+6.62,Casdocument.aspx?documentid=657985281,Casdocument.aspx?documentid=633472618,,Casdocument.aspx?documentid=653350687,Casdocument.aspx?documentid=681618239,Casdocument.aspx?documentid=354886283,Casdocument.aspx?documentid=657984944,Casdocument.aspx?documentid=277499916,FundDocuments.aspx?query=all&fund=968097,
968098,汇丰亚洲高收益债券基金-澳元对冲-每月派息,汇丰亚洲高收益债券基金-澳元对冲-每月派息,,Overview.aspx?code=968098,HK Mutual Recognition Fund,4,4.8138,2026-10-08,-0.09,-2.02,-1.16,+0.13,-0.29,-0.33,2026-10-08,-14.20,-23.60,-3.92,+6.79,+5.67,Casdocument.aspx?documentid=657985281,Casdocument.aspx?documentid=633472618,,Casdocument.aspx?documentid=653350687,Casdocument.aspx?documentid=681618439,Casdocument.aspx?documentid=354886283,Casdocument.aspx?documentid=657984944,Casdocument.aspx?documentid=277499916,FundDocuments.aspx?query=all&fund=968098,
968101,汇丰亚洲债券基金-美元-累计,汇丰亚洲债券基金-美元-累计,,Overview.aspx?code=968101,HK Mutual Recognition Fund,2,9.8846,2026-10-08,+0.03,-2.11,-2.43,-2.41,-2.46,-2.30,2026-10-08,-4.61,-15.32,+5.67,+2.94,+7.05,Casdocument.aspx?documentid=657985273,Casdocument.aspx?documentid=633472562,,Casdocument.aspx?documentid=653350591,Casdocument.aspx?documentid=681618302,Casdocument.aspx?documentid=548297866,Casdocument.aspx?documentid=657984919,Casdocument.aspx?documentid=277499997,FundDocuments.aspx?query=all&fund=968101,
968102,汇丰亚洲债券基金-美元-每月派息,汇丰亚洲债券基金-美元-每月派息,,Overview.aspx?code=968102,HK Mutual Recognition Fund,2,7.1238,2026-10-08,+0.03,-2.11,-2.42,-2.41,-2.46,-2.30,2026-10-08,-4.61,-15.32,+5.67,+2.94,+7.06,Casdocument.aspx?documentid=657985273,Casdocument.aspx?documentid=633472562,,Casdocument.aspx?documentid=653350591,Casdocument.aspx?documentid=681618279,Casdocument.aspx?documentid=548297866,Casdocument.aspx?documentid=657984919,Casdocument.aspx?documentid=277499997,FundDocuments.aspx?query=all&fund=968102,
968103,汇丰亚洲债券基金-人民币非对冲-累计,汇丰亚洲债券基金-人民币非对冲-累计,,Overview.aspx?code=968103,HK Mutual Recognition Fund,2,9.253,2026-10-08,+0.03,-2.15,-3.93,-4.18,-8.55,-6.15,2026-10-08,-6.85,-7.86,+8.73,+6.28,+1.77,Casdocument.aspx?documentid=657985273,Casdocument.aspx?documentid=633472562,,Casdocument.aspx?documentid=653350591,Casdocument.aspx?documentid=681618221,Casdocument.aspx?documentid=548297866,Casdocument.aspx?documentid=657984919,Casdocument.aspx?documentid=277499997,FundDocuments.aspx?query=all&fund=968103,
968104,汇丰亚洲债券基金-人民币对冲-累计,汇丰亚洲债券基金-人民币对冲-累计,,Overview.aspx?code=968104,HK Mutual Recognition Fund,2,8.9115,2026-10-08,+0.02,-2.38,-3.11,-3.74,-4.99,-4.26,2026-10-08,-2.19,-14.91,-1.08,-0.38,+4.26,Casdocument.aspx?documentid=657985273,Casdocument.aspx?documentid=633472562,,Casdocument.aspx?documentid=653350591,Casdocument.aspx?documentid=681618294,Casdocument.aspx?documentid=548297866,Casdocument.aspx?documentid=657984919,Casdocument.aspx?documentid=277499997,FundDocuments.aspx?query=all&fund=968104,
968105,汇丰亚洲债券基金-人民币非对冲-每月派息,汇丰亚洲债券基金-人民币非对冲-每月派息,,Overview.aspx?code=968105,HK Mutual Recognition Fund,2,6.7169,2026-10-08,+0.03,-2.15,-3.93,-4.18,-8.54,-6.15,2026-10-08,-6.60,-7.87,+8.95,+6.13,+1.78,Casdocument.aspx?documentid=657985273,Casdocument.aspx?documentid=633472562,,Casdocument.aspx?documentid=653350591,Casdocument.aspx?documentid=681618219,Casdocument.aspx?documentid=548297866,Casdocument.aspx?documentid=657984919,Casdocument.aspx?documentid=277499997,FundDocuments.aspx?query=all&fund=968105,
968106,汇丰亚洲债券基金-人民币对冲-每月派息,汇丰亚洲债券基金-人民币对冲-每月派息,,Overview.aspx?code=968106,HK Mutual Recognition Fund,2,7.0167,2026-10-08,+0.02,-2.35,-3.08,-3.72,-4.97,-4.23,2026-10-08,-2.13,-14.96,+3.05,+0.13,+4.25,Casdocument.aspx?documentid=657985273,Casdocument.aspx?documentid=633472562,,Casdocument.aspx?documentid=653350591,Casdocument.aspx?documentid=681618217,Casdocument.aspx?documentid=548297866,Casdocument.aspx?documentid=657984919,Casdocument.aspx?documentid=277499997,FundDocuments.aspx?query=all&fund=968106,
968107,汇丰亚洲债券基金-港元-累计,汇丰亚洲债券基金-港元-累计,,Overview.aspx?code=968107,HK Mutual Recognition Fund,2,9.906,2026-10-08,+0.03,-2.02,-2.32,-2.20,-1.63,-1.49,2026-10-08,-4.14,-15.23,+5.71,+2.41,+7.27,Casdocument.aspx?documentid=657985273,Casdocument.aspx?documentid=633472562,,Casdocument.aspx?documentid=653350591,Casdocument.aspx?documentid=681618309,Casdocument.aspx?documentid=548297866,Casdocument.aspx?documentid=657984919,Casdocument.aspx?documentid=277499997,FundDocuments.aspx?query=all&fund=968107,
968108,汇丰亚洲债券基金-港元-每月派息,汇丰亚洲债券基金-港元-每月派息,,Overview.aspx?code=968108,HK Mutual Recognition Fund,2,7.1625,2026-10-08,+0.03,-2.03,-2.32,-2.20,-1.63,-1.48,2026-10-08,-4.09,-15.22,+5.71,+2.40,+7.27,Casdocument.aspx?documentid=657985273,Casdocument.aspx?documentid=633472562,,Casdocument.aspx?documentid=653350591,Casdocument.aspx?documentid=681618211,Casdocument.aspx?documentid=548297866,Casdocument.aspx?documentid=657984919,Casdocument.aspx?documentid=277499997,FundDocuments.aspx?query=all&fund=968108,
968109,汇丰亚洲债券基金-澳元对冲-每月派息,汇丰亚洲债券基金-澳元对冲-每月派息,,Overview.aspx?code=968109,HK Mutual Recognition Fund,2,7.0133,2026-10-08,+0.03,-2.10,-2.30,-2.16,-2.32,-2.07,2026-10-08,-4.86,-16.04,+3.95,+1.88,+6.46,Casdocument.aspx?documentid=657985273,Casdocument.aspx?documentid=633472562,,Casdocument.aspx?documentid=653350591,Casdocument.aspx?documentid=681618287,Casdocument.aspx?documentid=548297866,Casdocument.aspx?documentid=657984919,Casdocument.aspx?documentid=277499997,FundDocuments.aspx?query=all&fund=968109,
968156,东亚联丰环球股票基金美元 -累计,东亚联丰环球股票基金美元 -累计,,Overview.aspx?code=968156,HK Mutual Recognition Fund,4,12.97,2026-10-08,-0.92,-0.69,+1.17,+10.20,+13.87,+12.39,2026-10-08,,,,,,Casdocument.aspx?documentid=658440857,Casdocument.aspx?documentid=658499847,,Casdocument.aspx?documentid=677899058,Casdocument.aspx?documentid=681618429,Casdocument.aspx?documentid=666868503,Casdocument.aspx?documentid=658439047,Casdocument.aspx?documentid=559802117,FundDocuments.aspx?query=all&fund=968156,
968157,东亚联丰环球股票基金人民币 - 累计,东亚联丰环球股票基金人民币 - 累计,,Overview.aspx?code=968157,HK Mutual Recognition Fund,4,121.20,2026-10-08,-0.92,-0.68,-0.33,+8.26,+6.81,+8.01,2026-10-08,,,,,+11.66,Casdocument.aspx?documentid=658440857,Casdocument.aspx?documentid=658499847,,Casdocument.aspx?documentid=677899058,Casdocument.aspx?documentid=681618429,Casdocument.aspx?documentid=666868503,Casdocument.aspx?documentid=658439047,Casdocument.aspx?documentid=559802117,FundDocuments.aspx?query=all&fund=968157,
968158,摩根宜安香港-PRC人民币对冲份额（累计）,摩根宜安香港-PRC人民币对冲份额（累计）,,Overview.aspx?code=968158,HK Mutual Recognition Fund,5,10.94,2026-10-08,-3.87,-6.89,-5.77,-10.62,-15.00,-11.20,2026-10-08,,,,,+22.00,Casdocument.aspx?documentid=658244127,Casdocument.aspx?documentid=627813400,,Casdocument.aspx?documentid=648320195,Casdocument.aspx?documentid=682408190,Casdocument.aspx?documentid=578648689,Casdocument.aspx?documentid=658232523,Casdocument.aspx?documentid=612232571,FundDocuments.aspx?query=all&fund=968158,
968159,摩根宜安香港-PRC人民币份额（累计）,摩根宜安香港-PRC人民币份额（累计）,,Overview.aspx?code=968159,HK Mutual Recognition Fund,5,9.82,2026-10-08,-3.91,-6.83,-6.83,-11.69,-19.38,-14.31,2026-10-08,,,,,+12.70,Casdocument.aspx?documentid=658244127,Casdocument.aspx?documentid=627813400,,Casdocument.aspx?documentid=648320195,Casdocument.aspx?documentid=682408190,Casdocument.aspx?documentid=578648689,Casdocument.aspx?documentid=658232523,Casdocument.aspx?documentid=612232571,FundDocuments.aspx?query=all&fund=968159,
968160,摩根宜安香港-PRC美元份额（累计）,摩根宜安香港-PRC美元份额（累计）,,Overview.aspx?code=968160,HK Mutual Recognition Fund,5,9.36,2026-10-08,-3.90,-6.87,-5.55,-10.26,-14.60,-11.03,2026-10-08,,,,,,Casdocument.aspx?documentid=658244127,Casdocument.aspx?documentid=627813400,,Casdocument.aspx?documentid=648320195,Casdocument.aspx?documentid=682408190,Casdocument.aspx?documentid=578648689,Casdocument.aspx?documentid=658232523,Casdocument.aspx?documentid=612232571,FundDocuments.aspx?query=all&fund=968160,
968162,摩根太平洋证券 - 人民币非对冲 - 累计,摩根太平洋证券 - 人民币非对冲 - 累计,,Overview.aspx?code=968162,HK Mutual Recognition Fund,3,13.51,2026-10-08,-1.39,-3.15,-3.98,+4.73,+11.84,+11.29,2026-10-08,,,,,+20.80,Casdocument.aspx?documentid=667850132,Casdocument.aspx?documentid=643067186,,Casdocument.aspx?documentid=663040821,Casdocument.aspx?documentid=682408228,Casdocument.aspx?documentid=664920178,Casdocument.aspx?documentid=667850138,Casdocument.aspx?documentid=658051142,FundDocuments.aspx?query=all&fund=968162,
968163,摩根亚洲总收益债券 - 人民币非对冲 - 累计,摩根亚洲总收益债券 - 人民币非对冲 - 累计,,Overview.aspx?code=968163,HK Mutual Recognition Fund,3,9.96,2026-10-08,+0.00,-1.87,-3.30,-3.02,-6.13,-4.87,2026-10-08,,,,,+2.35,Casdocument.aspx?documentid=658244135,Casdocument.aspx?documentid=643067214,,Casdocument.aspx?documentid=663040851,Casdocument.aspx?documentid=682408159,Casdocument.aspx?documentid=664920174,Casdocument.aspx?documentid=658232540,Casdocument.aspx?documentid=658052860,FundDocuments.aspx?query=all&fund=968163,
968164,摩根亚洲总收益债券 - 人民币非对冲 - 每月派息,摩根亚洲总收益债券 - 人民币非对冲 - 每月派息,,Overview.aspx?code=968164,HK Mutual Recognition Fund,3,8.79,2026-10-08,+0.11,-1.81,-3.24,-2.97,-6.14,-4.91,2026-10-08,,,,,+2.75,Casdocument.aspx?documentid=658244135,Casdocument.aspx?documentid=643067214,,Casdocument.aspx?documentid=663040851,Casdocument.aspx?documentid=682408159,Casdocument.aspx?documentid=664920174,Casdocument.aspx?documentid=658232540,Casdocument.aspx?documentid=658052860,FundDocuments.aspx?query=all&fund=968164,
968165,施罗德亚洲高息股债基金-人民币非对冲-累计,施罗德亚洲高息股债基金-人民币非对冲-累计,,Overview.aspx?code=968165,HK Mutual Recognition Fund,3,123.3604,2026-10-08,-0.93,-2.73,-1.89,+6.94,+11.47,+11.79,2026-10-08,,,,,+10.19,Casdocument.aspx?documentid=672132904,Casdocument.aspx?documentid=627999368,,Casdocument.aspx?documentid=648505122,Casdocument.aspx?documentid=680494823,Casdocument.aspx?documentid=668406928,Casdocument.aspx?documentid=672133029,Casdocument.aspx?documentid=558583447,FundDocuments.aspx?query=all&fund=968165,
968166,施罗德亚洲高息股债基金-人民币非对冲-派息,施罗德亚洲高息股债基金-人民币非对冲-派息,,Overview.aspx?code=968166,HK Mutual Recognition Fund,3,108.5054,2026-10-08,-0.93,-2.73,-1.89,+6.94,+11.47,+11.79,2026-10-08,,,,,+10.19,Casdocument.aspx?documentid=672132904,Casdocument.aspx?documentid=627999368,,Casdocument.aspx?documentid=648505122,Casdocument.aspx?documentid=680494825,Casdocument.aspx?documentid=668406928,Casdocument.aspx?documentid=672133029,Casdocument.aspx?documentid=558583447,FundDocuments.aspx?query=all&fund=968166,
968167,施罗德亚洲高息股债基金-人民币对冲-派息,施罗德亚洲高息股债基金-人民币对冲-派息,,Overview.aspx?code=968167,HK Mutual Recognition Fund,3,118.3002,2026-10-08,-0.94,-2.91,-1.06,+7.52,+15.98,+14.17,2026-10-08,,,,,+13.07,Casdocument.aspx?documentid=672132904,Casdocument.aspx?documentid=627999368,,Casdocument.aspx?documentid=648505122,Casdocument.aspx?documentid=680494822,Casdocument.aspx?documentid=668406928,Casdocument.aspx?documentid=672133029,Casdocument.aspx?documentid=558583447,FundDocuments.aspx?query=all&fund=968167,
968168,百达策略收益-人民币非对冲-累计,百达策略收益-人民币非对冲-累计,,Overview.aspx?code=968168,HK Mutual Recognition Fund,3,12.6483,2026-10-08,-1.15,-0.16,-2.75,+8.71,+10.56,+12.64,2026-10-08,,,,,,Casdocument.aspx?documentid=676657062,Casdocument.aspx?documentid=645342388,,Casdocument.aspx?documentid=663040856,Casdocument.aspx?documentid=680324765,Casdocument.aspx?documentid=548065432,Casdocument.aspx?documentid=676649098,Casdocument.aspx?documentid=515752785,FundDocuments.aspx?query=all&fund=968168,
968169,东亚联丰亚洲债券及货币基金-A类别人民币 -累积,东亚联丰亚洲债券及货币基金-A类别人民币 -累积,,Overview.aspx?code=968169,HK Mutual Recognition Fund,4,99.76,2026-10-08,-0.14,-1.94,-1.98,+0.18,-4.47,-1.23,2026-10-08,,,,,,Casdocument.aspx?documentid=681280095,Casdocument.aspx?documentid=615293871,,Casdocument.aspx?documentid=677899047,Casdocument.aspx?documentid=681618444,Casdocument.aspx?documentid=681306096,Casdocument.aspx?documentid=658439137,Casdocument.aspx?documentid=559802096,FundDocuments.aspx?query=all&fund=968169,
968170,东亚联丰亚洲债券及货币基金-A类别人民币 - 分派,东亚联丰亚洲债券及货币基金-A类别人民币 - 分派,,Overview.aspx?code=968170,HK Mutual Recognition Fund,4,86.32,2026-10-08,-0.15,-1.94,-1.99,+0.18,-4.47,-1.23,2026-10-08,,,,,,Casdocument.aspx?documentid=681280095,Casdocument.aspx?documentid=615293871,,Casdocument.aspx?documentid=677899047,Casdocument.aspx?documentid=681618444,Casdocument.aspx?documentid=681306096,Casdocument.aspx?documentid=658439137,Casdocument.aspx?documentid=559802096,FundDocuments.aspx?query=all&fund=968170,
968171,东方汇理香港组合-灵活配置增长基金-M人民币-累算,东方汇理香港组合-灵活配置增长基金-M人民币-累算,,Overview.aspx?code=968171,HK Mutual Recognition Fund,5,1.1147,2026-10-08,-0.68,-2.12,-1.33,+4.64,+3.67,+4.62,2026-10-08,,,,,,Casdocument.aspx?documentid=674913795,Casdocument.aspx?documentid=658499547,,Casdocument.aspx?documentid=677899261,Casdocument.aspx?documentid=680513078,,Casdocument.aspx?documentid=674912779,Casdocument.aspx?documentid=658050664,FundDocuments.aspx?query=all&fund=968171,
968172,东方汇理香港组合-灵活配置增长基金-M人民币-分派,东方汇理香港组合-灵活配置增长基金-M人民币-分派,,Overview.aspx?code=968172,HK Mutual Recognition Fund,5,1.078,2026-10-08,-1.54,-2.98,-2.20,+3.72,+1.88,+2.81,2026-10-08,,,,,,Casdocument.aspx?documentid=674913795,Casdocument.aspx?documentid=658499547,,Casdocument.aspx?documentid=677899261,Casdocument.aspx?documentid=680513078,,Casdocument.aspx?documentid=674912779,Casdocument.aspx?documentid=658050664,FundDocuments.aspx?query=all&fund=968172,
968173,东方汇理香港组合-创新动力股票基金-M人民币-累算,东方汇理香港组合-创新动力股票基金-M人民币-累算,,Overview.aspx?code=968173,HK Mutual Recognition Fund,4,1.2186,2026-10-08,-1.61,+2.92,+3.43,+20.68,+9.65,+13.79,2026-10-08,,,,,,Casdocument.aspx?documentid=672535050,Casdocument.aspx?documentid=658499617,,Casdocument.aspx?documentid=677899195,Casdocument.aspx?documentid=679859117,,Casdocument.aspx?documentid=658232564,Casdocument.aspx?documentid=286647327,FundDocuments.aspx?query=all&fund=968173,
968174,东方汇理香港组合-创新动力股票基金-M人民币-分派,东方汇理香港组合-创新动力股票基金-M人民币-分派,,Overview.aspx?code=968174,HK Mutual Recognition Fund,4,1.221,2026-10-08,-1.85,+2.67,+3.18,+20.39,+8.86,+13.23,2026-10-08,,,,,,Casdocument.aspx?documentid=672535050,Casdocument.aspx?documentid=658499617,,Casdocument.aspx?documentid=677899195,Casdocument.aspx?documentid=679859117,,Casdocument.aspx?documentid=658232564,Casdocument.aspx?documentid=286647327,FundDocuments.aspx?query=all&fund=968174,
968175,百达策略收益-人民币非对冲-每月派息,百达策略收益-人民币非对冲-每月派息,,Overview.aspx?code=968175,HK Mutual Recognition Fund,3,11.3634,2026-10-08,-1.14,-0.16,-2.75,+8.71,+10.56,+12.64,2026-10-08,,,,,,Casdocument.aspx?documentid=676657062,Casdocument.aspx?documentid=645342388,,Casdocument.aspx?documentid=663040856,Casdocument.aspx?documentid=680324746,,Casdocument.aspx?documentid=676649098,Casdocument.aspx?documentid=290364927,FundDocuments.aspx?query=all&fund=968175,
968176,百达策略收益-人民币对冲-每月派息,百达策略收益-人民币对冲-每月派息,,Overview.aspx?code=968176,HK Mutual Recognition Fund,3,11.753,2026-10-08,-1.15,-0.38,-1.89,+9.18,+14.80,+14.86,2026-10-08,,,,,,Casdocument.aspx?documentid=676657062,Casdocument.aspx?documentid=645342388,,Casdocument.aspx?documentid=663040856,Casdocument.aspx?documentid=680324745,,Casdocument.aspx?documentid=676649098,Casdocument.aspx?documentid=290364927,FundDocuments.aspx?query=all&fund=968176,
968177,汇丰亚洲多元资产高入息基金–美元累计,汇丰亚洲多元资产高入息基金–美元累计,,Overview.aspx?code=968177,HK Mutual Recognition Fund,3,11.4016,2026-10-08,-0.70,-2.27,+1.19,+5.01,+12.79,+9.69,2026-10-08,,,,,,Casdocument.aspx?documentid=658440922,Casdocument.aspx?documentid=673119695,,Casdocument.aspx?documentid=666054266,Casdocument.aspx?documentid=676887281,Casdocument.aspx?documentid=623186869,Casdocument.aspx?documentid=658439118,Casdocument.aspx?documentid=619894616,FundDocuments.aspx?query=all&fund=968177,
968178,汇丰亚洲多元资产高入息基金–美元派息,汇丰亚洲多元资产高入息基金–美元派息,,Overview.aspx?code=968178,HK Mutual Recognition Fund,3,10.8954,2026-10-08,-0.70,-2.27,+1.19,+5.01,+12.79,+9.69,2026-10-08,,,,,,Casdocument.aspx?documentid=658440922,Casdocument.aspx?documentid=673119695,,Casdocument.aspx?documentid=666054266,Casdocument.aspx?documentid=676887277,Casdocument.aspx?documentid=623186869,Casdocument.aspx?documentid=658439118,Casdocument.aspx?documentid=619894616,FundDocuments.aspx?query=all&fund=968178,
968179,汇丰亚洲多元资产高入息基金–人民币累计,汇丰亚洲多元资产高入息基金–人民币累计,,Overview.aspx?code=968179,HK Mutual Recognition Fund,3,10.7036,2026-10-08,-0.70,-2.30,-0.37,+3.11,+6.09,+5.36,2026-10-08,,,,,,Casdocument.aspx?documentid=658440922,Casdocument.aspx?documentid=673119695,,Casdocument.aspx?documentid=666054266,Casdocument.aspx?documentid=676887285,Casdocument.aspx?documentid=623186869,Casdocument.aspx?documentid=658439118,Casdocument.aspx?documentid=619894616,FundDocuments.aspx?query=all&fund=968179,
968180,汇丰亚洲多元资产高入息基金–人民币对冲累计,汇丰亚洲多元资产高入息基金–人民币对冲累计,,Overview.aspx?code=968180,HK Mutual Recognition Fund,3,11.095,2026-10-08,-0.71,-2.50,+0.52,+3.60,+9.97,+7.51,2026-10-08,,,,,,Casdocument.aspx?documentid=658440922,Casdocument.aspx?documentid=673119695,,Casdocument.aspx?documentid=666054266,Casdocument.aspx?documentid=676887341,Casdocument.aspx?documentid=623186869,Casdocument.aspx?documentid=658439118,Casdocument.aspx?documentid=619894616,FundDocuments.aspx?query=all&fund=968180,
968181,汇丰亚洲多元资产高入息基金–人民币派息,汇丰亚洲多元资产高入息基金–人民币派息,,Overview.aspx?code=968181,HK Mutual Recognition Fund,3,10.2274,2026-10-08,-0.70,-2.30,-0.37,+3.11,+6.10,+5.37,2026-10-08,,,,,,Casdocument.aspx?documentid=658440922,Casdocument.aspx?documentid=673119695,,Casdocument.aspx?documentid=666054266,Casdocument.aspx?documentid=676887336,Casdocument.aspx?documentid=623186869,Casdocument.aspx?documentid=658439118,Casdocument.aspx?documentid=619894616,FundDocuments.aspx?query=all&fund=968181,
968182,汇丰亚洲多元资产高入息基金–人民币对冲派息,汇丰亚洲多元资产高入息基金–人民币对冲派息,,Overview.aspx?code=968182,HK Mutual Recognition Fund,3,10.8381,2026-10-08,-0.71,-2.50,+0.52,+3.59,+9.92,+7.50,2026-10-08,,,,,,Casdocument.aspx?documentid=658440922,Casdocument.aspx?documentid=673119695,,Casdocument.aspx?documentid=666054266,Casdocument.aspx?documentid=676887269,Casdocument.aspx?documentid=623186869,Casdocument.aspx?documentid=658439118,Casdocument.aspx?documentid=619894616,FundDocuments.aspx?query=all&fund=968182,
968183,东方汇理香港组合-灵活配置平稳基金-M人民币（对冲）-累算,东方汇理香港组合-灵活配置平稳基金-M人民币（对冲）-累算,,Overview.aspx?code=968183,HK Mutual Recognition Fund,2,0.9936,2026-10-08,-0.12,-2.45,-2.45,-1.54,,-1.42,2026-10-08,,,,,,Casdocument.aspx?documentid=672535065,Casdocument.aspx?documentid=658499851,,Casdocument.aspx?documentid=677898984,Casdocument.aspx?documentid=681306097,Casdocument.aspx?documentid=629551732,Casdocument.aspx?documentid=672535821,Casdocument.aspx?documentid=629551695,FundDocuments.aspx?query=all&fund=968183,
968184,东方汇理香港组合-灵活配置平稳基金-M人民币（对冲）-分派,东方汇理香港组合-灵活配置平稳基金-M人民币（对冲）-分派,,Overview.aspx?code=968184,HK Mutual Recognition Fund,2,0.9691,2026-10-08,-0.70,-3.01,-3.00,-2.12,,-2.64,2026-10-08,,,,,,Casdocument.aspx?documentid=672535065,Casdocument.aspx?documentid=658499851,,Casdocument.aspx?documentid=677898984,Casdocument.aspx?documentid=681306097,Casdocument.aspx?documentid=629551732,Casdocument.aspx?documentid=672535821,Casdocument.aspx?documentid=629551695,FundDocuments.aspx?query=all&fund=968184,
968185,东方汇理香港组合-灵活配置平稳基金-M人民币-累算,东方汇理香港组合-灵活配置平稳基金-M人民币-累算,,Overview.aspx?code=968185,HK Mutual Recognition Fund,2,0.9597,2026-10-08,-0.10,-2.23,-3.29,-1.99,,-3.38,2026-10-08,,,,,,Casdocument.aspx?documentid=672535065,Casdocument.aspx?documentid=658499851,,Casdocument.aspx?documentid=677898984,Casdocument.aspx?documentid=681306097,Casdocument.aspx?documentid=629551732,Casdocument.aspx?documentid=672535821,Casdocument.aspx?documentid=629551695,FundDocuments.aspx?query=all&fund=968185,
968186,东方汇理香港组合-灵活配置平稳基金-M人民币-分派,东方汇理香港组合-灵活配置平稳基金-M人民币-分派,,Overview.aspx?code=968186,HK Mutual Recognition Fund,2,0.9122,2026-10-08,-1.34,-3.44,-4.48,-3.20,,-5.76,2026-10-08,,,,,,Casdocument.aspx?documentid=672535065,Casdocument.aspx?documentid=658499851,,Casdocument.aspx?documentid=677898984,Casdocument.aspx?documentid=681306097,Casdocument.aspx?documentid=629551732,Casdocument.aspx?documentid=672535821,Casdocument.aspx?documentid=629551695,FundDocuments.aspx?query=all&fund=968186,
968187,东方汇理香港组合-灵活配置均衡基金-M人民币（对冲）-累算,东方汇理香港组合-灵活配置均衡基金-M人民币（对冲）-累算,,Overview.aspx?code=968187,HK Mutual Recognition Fund,4,1.0583,2026-10-08,-0.45,-2.42,-1.23,+2.55,,+3.66,2026-10-08,,,,,,Casdocument.aspx?documentid=674913608,Casdocument.aspx?documentid=658499933,,Casdocument.aspx?documentid=677899235,Casdocument.aspx?documentid=681306100,Casdocument.aspx?documentid=629551760,Casdocument.aspx?documentid=674913352,Casdocument.aspx?documentid=629551754,FundDocuments.aspx?query=all&fund=968187,
968188,东方汇理香港组合-灵活配置均衡基金-M人民币（对冲）-分派,东方汇理香港组合-灵活配置均衡基金-M人民币（对冲）-分派,,Overview.aspx?code=968188,HK Mutual Recognition Fund,4,1.0367,2026-10-08,-0.91,-2.87,-1.69,+2.05,,+2.60,2026-10-08,,,,,,Casdocument.aspx?documentid=674913608,Casdocument.aspx?documentid=658499933,,Casdocument.aspx?documentid=677899235,Casdocument.aspx?documentid=681306100,Casdocument.aspx?documentid=629551760,Casdocument.aspx?documentid=674913352,Casdocument.aspx?documentid=629551754,FundDocuments.aspx?query=all&fund=968188,
968189,东方汇理香港组合-灵活配置均衡基金-M人民币-累算,东方汇理香港组合-灵活配置均衡基金-M人民币-累算,,Overview.aspx?code=968189,HK Mutual Recognition Fund,4,1.023,2026-10-08,-0.45,-2.21,-2.09,+2.09,,+1.62,2026-10-08,,,,,,Casdocument.aspx?documentid=674913608,Casdocument.aspx?documentid=658499933,,Casdocument.aspx?documentid=677899235,Casdocument.aspx?documentid=681306100,Casdocument.aspx?documentid=629551760,Casdocument.aspx?documentid=674913352,Casdocument.aspx?documentid=629551754,FundDocuments.aspx?query=all&fund=968189,
968190,东方汇理香港组合-灵活配置均衡基金-M人民币-分派,东方汇理香港组合-灵活配置均衡基金-M人民币-分派,,Overview.aspx?code=968190,HK Mutual Recognition Fund,4,0.9732,2026-10-08,-1.56,-3.30,-3.18,+0.94,,-0.63,2026-10-08,,,,,,Casdocument.aspx?documentid=674913608,Casdocument.aspx?documentid=658499933,,Casdocument.aspx?documentid=677899235,Casdocument.aspx?documentid=681306100,Casdocument.aspx?documentid=629551760,Casdocument.aspx?documentid=674913352,Casdocument.aspx?documentid=629551754,FundDocuments.aspx?query=all&fund=968190,
968213,摩根亚洲股票高息 - PRC人民币对冲 - 累计,摩根亚洲股票高息 - PRC人民币对冲 - 累计,,Overview.aspx?code=968213,HK Mutual Recognition Fund,4,10.87,2026-10-08,-1.09,-3.38,+1.12,,,,2026-10-08,,,,,,Casdocument.aspx?documentid=665518092,Casdocument.aspx?documentid=654442213,,Casdocument.aspx?documentid=663040868,Casdocument.aspx?documentid=682408151,Casdocument.aspx?documentid=664920112,Casdocument.aspx?documentid=665518091,Casdocument.aspx?documentid=654396988,FundDocuments.aspx?query=all&fund=968213,
968214,摩根亚洲股票高息 - PRC人民币对冲 - 每月派息,摩根亚洲股票高息 - PRC人民币对冲 - 每月派息,,Overview.aspx?code=968214,HK Mutual Recognition Fund,4,10.52,2026-10-08,-1.03,-3.28,+1.27,,,,2026-10-08,,,,,,Casdocument.aspx?documentid=665518092,Casdocument.aspx?documentid=654442213,,Casdocument.aspx?documentid=663040868,Casdocument.aspx?documentid=682408151,Casdocument.aspx?documentid=664920112,Casdocument.aspx?documentid=665518091,Casdocument.aspx?documentid=654396988,FundDocuments.aspx?query=all&fund=968214,
968215,摩根亚洲股票高息 - PRC人民币 - 累计,摩根亚洲股票高息 - PRC人民币 - 累计,,Overview.aspx?code=968215,HK Mutual Recognition Fund,4,10.82,2026-10-08,-1.10,-3.13,+0.28,,,,2026-10-08,,,,,,Casdocument.aspx?documentid=665518092,Casdocument.aspx?documentid=654442213,,Casdocument.aspx?documentid=663040868,Casdocument.aspx?documentid=682408151,Casdocument.aspx?documentid=664920112,Casdocument.aspx?documentid=665518091,Casdocument.aspx?documentid=654396988,FundDocuments.aspx?query=all&fund=968215,
968216,摩根亚洲股票高息 - PRC人民币 - 每月派息,摩根亚洲股票高息 - PRC人民币 - 每月派息,,Overview.aspx?code=968216,HK Mutual Recognition Fund,4,10.32,2026-10-08,-1.05,-3.14,+0.29,,,,2026-10-08,,,,,,Casdocument.aspx?documentid=665518092,Casdocument.aspx?documentid=654442213,,Casdocument.aspx?documentid=663040868,Casdocument.aspx?documentid=682408151,Casdocument.aspx?documentid=664920112,Casdocument.aspx?documentid=665518091,Casdocument.aspx?documentid=654396988,FundDocuments.aspx?query=all&fund=968216,
968217,摩根亚洲股票高息 - PRC美元 - 累计,摩根亚洲股票高息 - PRC美元 - 累计,,Overview.aspx?code=968217,HK Mutual Recognition Fund,4,11.01,2026-10-08,-0.99,-3.08,+1.85,,,,2026-10-08,,,,,,Casdocument.aspx?documentid=665518092,Casdocument.aspx?documentid=654442213,,Casdocument.aspx?documentid=663040868,Casdocument.aspx?documentid=682408151,Casdocument.aspx?documentid=664920112,Casdocument.aspx?documentid=665518091,Casdocument.aspx?documentid=654396988,FundDocuments.aspx?query=all&fund=968217,
968218,摩根亚洲股票高息 - PRC美元 - 每月派息,摩根亚洲股票高息 - PRC美元 - 每月派息,,Overview.aspx?code=968218,HK Mutual Recognition Fund,4,10.50,2026-10-08,-1.04,-3.16,+1.74,,,,2026-10-08,,,,,,Casdocument.aspx?documentid=665518092,Casdocument.aspx?documentid=654442213,,Casdocument.aspx?documentid=663040868,Casdocument.aspx?documentid=682408151,Casdocument.aspx?documentid=664920112,Casdocument.aspx?documentid=665518091,Casdocument.aspx?documentid=654396988,FundDocuments.aspx?query=all&fund=968218,
